return_id,order_id,return_date,return_reason,refund_amount
300001,9000024,2025-01-24,Wrong Item,2106.11
300002,9000039,2024-10-24,Wrong Item,5197.97
300003,9000041,2024-11-20,Quality Issue,736.69
300004,9000061,2024-10-30,Damaged,1163.22
300005,9000115,2025-09-16,Changed Mind,932.99
300006,9000116,2025-08-28,Late Delivery,2540.84
300007,9000117,2024-04-02,Wrong Item,1121.65
300008,9000151,2025-12-13,Quality Issue,725.4
300009,9000155,2025-04-03,Damaged,312.84
300010,9000179,2025-02-16,Changed Mind,2076.13
300011,9000181,2025-11-20,Late Delivery,578.68
300012,9000197,2025-02-19,Changed Mind,3298.48
300013,9000198,2025-08-09,Wrong Item,811.12
300014,9000228,2025-04-30,Wrong Item,1564.4
300015,9000244,2024-11-03,Wrong Item,1076.87
300016,9000274,2024-03-13,Damaged,800.32
300017,9000277,2025-09-15,Damaged,560.93
300018,9000291,2025-07-16,Late Delivery,2251.13
300019,9000313,2024-02-06,Quality Issue,1371.04
300020,9000342,2024-11-20,Wrong Item,7708.24
300021,9000369,2024-04-03,Quality Issue,859.68
300022,9000370,2025-08-25,Damaged,971.72
300023,9000384,2024-10-13,Damaged,1215.09
300024,9000405,2024-11-20,Damaged,3287.23
300025,9000414,2025-09-20,Late Delivery,368.81
300026,9000419,2025-05-09,Quality Issue,296.5
300027,9000427,2025-11-26,Quality Issue,6097.79
300028,9000429,2024-02-25,Late Delivery,4622.61
300029,9000437,2024-05-24,Changed Mind,55469.24
300030,9000473,2025-07-17,Changed Mind,625.29
300031,9000475,2025-07-10,Wrong Item,607.37
300032,9000480,2024-12-08,Late Delivery,885.19
300033,9000495,2024-12-04,Late Delivery,17348.91
300034,9000544,2025-09-04,Wrong Item,5682.1
300035,9000577,2024-11-28,Wrong Item,3788.87
300036,9000609,2024-03-12,Changed Mind,1151.16
300037,9000620,2024-05-29,Changed Mind,2451.14
300038,9000623,2024-11-07,Late Delivery,2691.52
300039,9000624,2024-04-13,Changed Mind,1927.95
300040,9000629,2025-01-20,Late Delivery,3853.56
300041,9000637,2025-06-09,Late Delivery,1505.67
300042,9000647,2024-02-15,Quality Issue,1368.8
300043,9000652,2025-12-25,Late Delivery,6150.67
300044,9000667,2024-11-08,Late Delivery,1248.32
300045,9000682,2025-06-18,Changed Mind,1141.71
300046,9000719,2025-09-22,Changed Mind,789.77
300047,9000723,2024-08-08,Damaged,2813.67
300048,9000726,2025-07-02,Changed Mind,1610.22
300049,9000729,2025-03-05,Late Delivery,2649.55
300050,9000735,2025-03-01,Changed Mind,1703.88
300051,9000750,2024-08-09,Wrong Item,2611.46
300052,9000767,2025-05-24,Damaged,30993.02
300053,9000779,2024-06-02,Late Delivery,12453.13
300054,9000828,2024-02-23,Damaged,20203.48
300055,9000849,2026-01-08,Damaged,737.34
300056,9000852,2025-01-02,Quality Issue,10361.26
300057,9000887,2025-12-22,Changed Mind,1157.26
300058,9000893,2024-02-26,Damaged,6137.82
300059,9000894,2024-04-27,Changed Mind,1461.66
300060,9000895,2024-09-28,Wrong Item,3159.48
300061,9000910,2024-05-02,Late Delivery,1850.82
300062,9000931,2024-10-26,Wrong Item,1256.84
300063,9000934,2025-11-28,Damaged,3732.02
300064,9000970,2024-06-12,Quality Issue,505.49
300065,9000979,2024-06-21,Wrong Item,4365.38
300066,9001032,2024-10-15,Late Delivery,2874.73
300067,9001039,2025-06-06,Changed Mind,9738.45
300068,9001059,2025-09-28,Late Delivery,8229.2
300069,9001063,2025-03-31,Late Delivery,664.66
300070,9001075,2024-02-13,Changed Mind,1679.38
300071,9001127,2024-01-27,Damaged,803.98
300072,9001129,2024-08-11,Changed Mind,3885.41
300073,9001137,2025-02-10,Quality Issue,2916.98
300074,9001178,2024-02-03,Changed Mind,3606.45
300075,9001188,2025-05-20,Wrong Item,84.15
300076,9001190,2025-07-07,Wrong Item,18556.72
300077,9001219,2024-03-28,Damaged,3249.18
300078,9001221,2024-12-02,Late Delivery,3916.79
300079,9001279,2025-10-27,Damaged,3289.28
300080,9001301,2025-02-11,Wrong Item,714.76
300081,9001308,2025-03-24,Damaged,18578.03
300082,9001311,2024-09-01,Wrong Item,1288.3
300083,9001341,2025-05-02,Wrong Item,2384.68
300084,9001372,2025-08-23,Changed Mind,1153.88
300085,9001389,2024-03-29,Quality Issue,2133.88
300086,9001400,2025-12-11,Wrong Item,6792.4
300087,9001421,2025-11-14,Changed Mind,36524.02
300088,9001454,2024-09-09,Damaged,11272.92
300089,9001475,2024-10-01,Changed Mind,3593.55
300090,9001476,2024-06-22,Changed Mind,2090.01
300091,9001520,2024-02-01,Changed Mind,496.17
300092,9001526,2024-08-12,Changed Mind,3146.12
300093,9001547,2024-04-08,Changed Mind,880.0
300094,9001553,2024-10-25,Changed Mind,4141.43
300095,9001559,2024-04-06,Quality Issue,304.09
300096,9001639,2025-07-01,Damaged,8438.28
300097,9001657,2024-12-31,Quality Issue,1504.76
300098,9001668,2025-12-05,Late Delivery,9952.9
300099,9001670,2024-04-21,Late Delivery,5400.81
300100,9001686,2024-12-05,Wrong Item,362.29
300101,9001689,2025-10-27,Wrong Item,1201.57
300102,9001692,2025-03-21,Wrong Item,1172.22
300103,9001715,2025-10-20,Changed Mind,1572.58
300104,9001726,2025-10-26,Quality Issue,1756.92
300105,9001741,2024-06-18,Quality Issue,497.41
300106,9001750,2024-12-14,Late Delivery,2325.23
300107,9001754,2024-05-15,Changed Mind,6092.62
300108,9001761,2025-09-07,Changed Mind,7159.1
300109,9001767,2025-06-30,Damaged,825.24
300110,9001813,2024-02-12,Damaged,5358.31
300111,9001850,2024-10-30,Wrong Item,10364.37
300112,9001854,2024-09-29,Changed Mind,3836.34
300113,9001857,2025-11-01,Wrong Item,1557.74
300114,9001868,2025-10-15,Quality Issue,1623.78
300115,9001878,2024-08-13,Late Delivery,411.46
300116,9001885,2025-01-13,Quality Issue,1855.99
300117,9001901,2025-03-19,Changed Mind,2295.5
300118,9001939,2025-12-11,Changed Mind,2198.26
300119,9001942,2025-02-22,Damaged,462.18
300120,9001957,2025-03-23,Damaged,2224.65
300121,9001974,2025-10-21,Changed Mind,1421.37
300122,9002002,2024-03-10,Damaged,2199.74
300123,9002007,2025-10-03,Changed Mind,2515.48
300124,9002026,2025-06-18,Wrong Item,243.75
300125,9002074,2024-12-16,Wrong Item,8307.09
300126,9002077,2025-10-13,Quality Issue,653.01
300127,9002119,2024-04-15,Damaged,10940.17
300128,9002136,2025-01-12,Changed Mind,1265.78
300129,9002159,2025-06-23,Quality Issue,9236.83
300130,9002164,2025-03-14,Changed Mind,2011.98
300131,9002171,2025-04-14,Wrong Item,587.42
300132,9002184,2024-07-19,Changed Mind,1302.66
300133,9002187,2025-12-10,Quality Issue,13879.66
300134,9002194,2024-05-30,Quality Issue,837.47
300135,9002197,2024-08-26,Changed Mind,14362.43
300136,9002199,2025-08-31,Wrong Item,1177.78
300137,9002278,2025-04-18,Late Delivery,684.28
300138,9002285,2025-09-15,Damaged,2112.18
300139,9002317,2025-04-02,Quality Issue,2251.86
300140,9002321,2024-02-20,Damaged,2423.99
300141,9002327,2024-11-09,Quality Issue,333.18
300142,9002335,2024-06-17,Changed Mind,1956.59
300143,9002350,2025-07-29,Changed Mind,7929.7
300144,9002364,2025-12-23,Late Delivery,19387.79
300145,9002394,2024-06-29,Quality Issue,5666.04
300146,9002403,2025-11-08,Changed Mind,22901.75
300147,9002414,2024-10-20,Wrong Item,3605.79
300148,9002427,2024-12-09,Damaged,430.63
300149,9002443,2024-02-09,Damaged,512.89
300150,9002449,2025-12-19,Changed Mind,1840.19
300151,9002469,2024-01-31,Wrong Item,55767.87
300152,9002490,2025-09-07,Changed Mind,856.96
300153,9002526,2025-12-26,Wrong Item,936.79
300154,9002572,2024-04-09,Late Delivery,1670.74
300155,9002581,2024-09-07,Damaged,5212.57
300156,9002593,2024-06-23,Wrong Item,1758.46
300157,9002620,2024-02-20,Wrong Item,3605.63
300158,9002632,2024-03-28,Late Delivery,7060.19
300159,9002640,2025-12-29,Quality Issue,7578.98
300160,9002653,2025-06-17,Damaged,1805.73
300161,9002662,2025-05-10,Changed Mind,2649.0
300162,9002663,2025-02-01,Changed Mind,20664.7
300163,9002678,2025-02-13,Quality Issue,1154.76
300164,9002692,2025-02-15,Quality Issue,18199.34
300165,9002697,2025-01-19,Changed Mind,2740.97
300166,9002714,2025-08-26,Wrong Item,2815.43
300167,9002745,2025-01-08,Changed Mind,4830.75
300168,9002755,2025-11-15,Quality Issue,3122.64
300169,9002775,2024-04-13,Late Delivery,7821.48
300170,9002803,2025-06-13,Changed Mind,1905.74
300171,9002812,2024-05-07,Late Delivery,1037.97
300172,9002814,2024-08-22,Changed Mind,2600.26
300173,9002842,2025-12-14,Wrong Item,1451.92
300174,9002857,2025-06-29,Quality Issue,9861.69
300175,9002912,2024-08-30,Quality Issue,3097.86
300176,9002942,2024-02-15,Damaged,4072.55
300177,9002952,2025-02-13,Damaged,3905.64
300178,9002959,2024-11-05,Changed Mind,2394.25
300179,9002983,2025-02-26,Wrong Item,2678.47
300180,9003006,2024-07-17,Wrong Item,3535.28
300181,9003008,2025-06-18,Quality Issue,592.16
300182,9003036,2025-08-26,Quality Issue,2303.04
300183,9003079,2025-07-28,Changed Mind,36938.6
300184,9003082,2024-05-02,Wrong Item,1685.91
300185,9003083,2024-01-22,Late Delivery,2757.35
300186,9003095,2025-03-24,Changed Mind,38898.26
300187,9003145,2024-06-26,Wrong Item,912.42
300188,9003161,2025-10-04,Late Delivery,1315.53
300189,9003165,2025-05-20,Damaged,453.6
300190,9003221,2025-10-19,Changed Mind,2133.42
300191,9003240,2025-07-05,Damaged,5982.42
300192,9003243,2024-10-09,Damaged,4618.42
300193,9003247,2025-11-05,Changed Mind,6479.25
300194,9003250,2025-09-01,Quality Issue,1732.14
300195,9003253,2025-04-26,Quality Issue,2619.79
300196,9003262,2025-07-06,Wrong Item,2067.06
300197,9003293,2025-07-06,Quality Issue,410.88
300198,9003319,2024-12-27,Damaged,2441.92
300199,9003327,2025-02-13,Wrong Item,267.16
300200,9003336,2024-06-07,Damaged,1526.61
300201,9003380,2024-06-24,Late Delivery,26378.09
300202,9003391,2024-05-17,Wrong Item,1943.64
300203,9003402,2024-09-16,Wrong Item,1805.66
300204,9003403,2024-06-05,Quality Issue,4573.88
300205,9003405,2025-06-21,Late Delivery,1038.5
300206,9003415,2024-07-24,Quality Issue,6921.28
300207,9003469,2024-09-19,Changed Mind,2783.14
300208,9003488,2024-01-24,Damaged,2115.67
300209,9003497,2024-01-15,Late Delivery,211.98
300210,9003510,2024-04-05,Damaged,117.62
300211,9003513,2024-10-21,Wrong Item,2500.1
300212,9003533,2024-09-05,Damaged,514.55
300213,9003566,2024-06-23,Late Delivery,33573.92
300214,9003572,2024-11-30,Damaged,1211.67
300215,9003586,2024-04-01,Quality Issue,529.48
300216,9003592,2024-05-14,Late Delivery,1793.64
300217,9003609,2025-03-24,Quality Issue,1478.64
300218,9003618,2024-10-01,Late Delivery,5000.19
300219,9003675,2025-11-22,Quality Issue,2609.84
300220,9003679,2025-09-04,Changed Mind,2783.14
300221,9003689,2025-07-06,Wrong Item,1042.16
300222,9003690,2025-01-11,Wrong Item,646.08
300223,9003756,2025-07-05,Quality Issue,462.42
300224,9003764,2025-12-15,Late Delivery,698.94
300225,9003797,2025-02-12,Quality Issue,537.14
300226,9003820,2024-10-05,Damaged,660.0
300227,9003823,2025-07-13,Damaged,44577.81
300228,9003871,2024-04-22,Damaged,1476.61
300229,9003883,2024-11-12,Late Delivery,89.1
300230,9003933,2025-06-06,Wrong Item,2425.14
300231,9003937,2025-06-22,Quality Issue,1732.78
300232,9003949,2025-03-12,Wrong Item,5809.25
300233,9003950,2024-02-12,Changed Mind,1012.4
300234,9003960,2024-08-10,Wrong Item,526.8
300235,9003966,2025-06-24,Quality Issue,1150.33
300236,9004007,2026-01-03,Wrong Item,6167.34
300237,9004009,2025-09-10,Quality Issue,1806.24
300238,9004032,2025-01-04,Late Delivery,15187.94
300239,9004052,2025-02-03,Quality Issue,532.88
300240,9004056,2025-01-23,Late Delivery,502.52
300241,9004081,2024-05-07,Changed Mind,3516.6
300242,9004095,2024-12-20,Late Delivery,1426.97
300243,9004137,2025-02-27,Wrong Item,1007.16
300244,9004139,2025-08-05,Late Delivery,3039.12
300245,9004165,2024-10-02,Late Delivery,407.82
300246,9004186,2025-06-27,Late Delivery,178.2
300247,9004245,2025-05-22,Changed Mind,3898.54
300248,9004268,2025-04-30,Changed Mind,3229.14
300249,9004292,2024-08-26,Wrong Item,668.92
300250,9004310,2024-09-19,Quality Issue,1686.54
300251,9004357,2024-11-19,Damaged,4585.41
300252,9004360,2025-04-21,Changed Mind,8631.16
300253,9004398,2025-11-11,Late Delivery,104.77
300254,9004410,2024-12-15,Changed Mind,1163.55
300255,9004411,2024-11-28,Wrong Item,5813.48
300256,9004430,2024-02-06,Wrong Item,3142.93
300257,9004454,2025-06-08,Quality Issue,848.07
300258,9004478,2025-04-26,Quality Issue,2518.6
300259,9004615,2025-11-20,Wrong Item,2530.31
300260,9004617,2025-11-29,Wrong Item,1997.68
300261,9004636,2024-03-30,Quality Issue,504.99
300262,9004641,2024-06-08,Quality Issue,2594.69
300263,9004665,2025-06-16,Changed Mind,5111.87
300264,9004677,2024-05-22,Damaged,21339.21
300265,9004697,2025-07-10,Wrong Item,642.37
300266,9004736,2024-10-07,Quality Issue,23031.94
300267,9004743,2024-07-09,Late Delivery,773.85
300268,9004759,2024-02-01,Quality Issue,1403.86
300269,9004779,2024-10-15,Late Delivery,1853.61
300270,9004798,2024-10-14,Changed Mind,1528.06
300271,9004833,2025-11-03,Late Delivery,38431.73
300272,9004847,2024-01-27,Wrong Item,514.37
300273,9004853,2024-06-12,Changed Mind,57906.76
300274,9004892,2025-03-12,Wrong Item,1519.59
300275,9004916,2024-05-08,Quality Issue,1959.21
300276,9004929,2024-01-08,Changed Mind,2149.18
300277,9004944,2025-01-16,Late Delivery,245.58
300278,9004958,2024-01-22,Damaged,4730.25
300279,9004961,2025-10-16,Damaged,805.1
300280,9004986,2024-03-08,Damaged,443.55
300281,9005007,2025-11-10,Quality Issue,20019.78
300282,9005034,2024-12-30,Changed Mind,5275.37
300283,9005041,2025-01-14,Changed Mind,2462.91
300284,9005043,2025-06-30,Changed Mind,1409.39
300285,9005048,2024-03-08,Wrong Item,1174.01
300286,9005050,2024-05-11,Late Delivery,2194.3
300287,9005067,2024-08-13,Quality Issue,14270.84
300288,9005097,2024-06-15,Late Delivery,2099.5
300289,9005113,2025-12-16,Wrong Item,727.16
300290,9005131,2024-04-20,Wrong Item,1605.48
300291,9005182,2024-07-26,Changed Mind,1031.32
300292,9005189,2024-07-20,Quality Issue,852.38
300293,9005202,2024-11-14,Damaged,1434.55
300294,9005282,2025-12-07,Damaged,1318.75
300295,9005287,2024-07-15,Quality Issue,435.23
300296,9005319,2025-09-10,Quality Issue,3891.86
300297,9005322,2024-08-15,Late Delivery,373.4
300298,9005331,2024-12-20,Late Delivery,1692.5
300299,9005352,2025-08-06,Quality Issue,2375.26
300300,9005373,2024-07-31,Wrong Item,2387.98
300301,9005395,2024-12-17,Wrong Item,20279.43
300302,9005403,2025-03-27,Changed Mind,11991.24
300303,9005411,2024-07-28,Late Delivery,770.94
300304,9005458,2026-01-04,Late Delivery,428.87
300305,9005464,2024-07-23,Late Delivery,8470.11
300306,9005475,2024-11-23,Late Delivery,1250.57
300307,9005484,2025-01-26,Late Delivery,1358.03
300308,9005492,2024-10-18,Damaged,773.48
300309,9005532,2024-11-09,Late Delivery,3613.45
300310,9005540,2024-05-28,Damaged,57290.98
300311,9005555,2024-09-21,Damaged,1250.64
300312,9005556,2024-03-15,Late Delivery,20839.17
300313,9005588,2024-08-27,Damaged,2214.59
300314,9005599,2024-11-02,Late Delivery,1251.6
300315,9005614,2024-04-11,Quality Issue,1535.66
300316,9005634,2025-09-05,Wrong Item,35899.94
300317,9005638,2025-06-07,Wrong Item,1199.37
300318,9005673,2025-10-13,Wrong Item,1116.86
300319,9005686,2024-12-02,Late Delivery,3402.27
300320,9005734,2024-04-19,Damaged,558.62
300321,9005736,2024-02-03,Quality Issue,974.75
300322,9005753,2024-03-12,Wrong Item,711.77
300323,9005756,2025-04-09,Quality Issue,11585.8
300324,9005791,2024-06-03,Quality Issue,3039.12
300325,9005794,2024-05-08,Late Delivery,1568.43
300326,9005824,2024-01-11,Quality Issue,510.6
300327,9005832,2025-04-24,Changed Mind,26415.48
300328,9005848,2024-03-29,Quality Issue,257.26
300329,9005869,2024-10-21,Damaged,195.28
300330,9005875,2025-06-30,Damaged,870.37
300331,9005932,2025-06-25,Damaged,254.56
300332,9005933,2025-01-31,Changed Mind,4091.63
300333,9005938,2025-04-12,Changed Mind,1010.55
300334,9005972,2025-12-27,Damaged,475.14
300335,9005974,2024-06-05,Late Delivery,3565.08
300336,9005990,2025-08-26,Wrong Item,15856.49
300337,9005991,2025-09-22,Late Delivery,525.03
300338,9005992,2025-08-30,Quality Issue,4804.84
300339,9006005,2025-01-09,Quality Issue,819.1
300340,9006017,2024-06-13,Quality Issue,842.18
300341,9006020,2025-05-23,Late Delivery,34142.74
300342,9006023,2025-08-04,Quality Issue,315.15
300343,9006046,2024-08-18,Changed Mind,957.08
300344,9006057,2025-11-23,Quality Issue,2151.65
300345,9006092,2025-08-27,Changed Mind,4172.27
300346,9006101,2024-01-27,Damaged,3956.53
300347,9006105,2025-12-21,Quality Issue,888.49
300348,9006128,2024-01-03,Quality Issue,4533.6
300349,9006146,2024-12-08,Late Delivery,20203.48
300350,9006163,2025-09-29,Changed Mind,1230.78
300351,9006222,2024-12-20,Wrong Item,2720.56
300352,9006237,2025-06-19,Quality Issue,3624.37
300353,9006244,2025-11-23,Damaged,4428.87
300354,9006249,2025-10-27,Changed Mind,658.37
300355,9006277,2025-10-24,Changed Mind,266.85
300356,9006278,2024-08-23,Quality Issue,6240.95
300357,9006279,2025-05-14,Quality Issue,2441.54
300358,9006291,2025-03-13,Changed Mind,1536.85
300359,9006307,2024-07-21,Changed Mind,1468.14
300360,9006308,2025-04-15,Changed Mind,4005.64
300361,9006325,2025-08-26,Changed Mind,2914.47
300362,9006412,2025-04-08,Late Delivery,2212.6
300363,9006414,2024-08-07,Wrong Item,774.47
300364,9006434,2024-10-01,Wrong Item,1469.26
300365,9006443,2024-10-10,Wrong Item,2346.44
300366,9006452,2025-01-14,Damaged,991.21
300367,9006481,2024-09-22,Late Delivery,303.28
300368,9006495,2024-01-23,Quality Issue,11620.94
300369,9006524,2024-02-29,Late Delivery,2182.42
300370,9006528,2025-05-10,Changed Mind,1264.43
300371,9006538,2025-11-08,Changed Mind,1998.29
300372,9006545,2024-04-13,Changed Mind,695.38
300373,9006548,2024-03-21,Late Delivery,76975.4
300374,9006586,2025-06-21,Changed Mind,2191.86
300375,9006599,2025-10-10,Changed Mind,11434.7
300376,9006636,2025-10-14,Wrong Item,3761.42
300377,9006639,2024-08-22,Late Delivery,1082.29
300378,9006659,2024-11-02,Quality Issue,94.29
300379,9006727,2024-05-05,Damaged,1295.02
300380,9006730,2025-08-11,Late Delivery,1533.2
300381,9006741,2024-03-16,Quality Issue,5886.52
300382,9006807,2024-11-22,Wrong Item,2912.65
300383,9006829,2025-02-03,Damaged,2523.81
300384,9006836,2024-10-30,Quality Issue,2154.6
300385,9006853,2025-07-08,Late Delivery,693.85
300386,9006861,2024-11-11,Wrong Item,9915.76
300387,9006873,2025-09-28,Changed Mind,809.86
300388,9006901,2024-11-15,Quality Issue,2649.55
300389,9006903,2025-09-25,Quality Issue,4616.54
300390,9006906,2024-12-02,Changed Mind,22529.84
300391,9006907,2025-11-30,Late Delivery,885.19
300392,9006911,2025-07-28,Late Delivery,1783.8
300393,9006926,2024-08-18,Late Delivery,985.17
300394,9006944,2024-06-28,Wrong Item,9791.12
300395,9006946,2024-09-07,Changed Mind,1187.96
300396,9006948,2025-08-20,Wrong Item,481.6
300397,9006957,2025-01-13,Late Delivery,1103.12
300398,9006971,2025-08-06,Late Delivery,17988.34
300399,9007004,2025-12-02,Wrong Item,745.93
300400,9007012,2024-07-03,Changed Mind,396.0
300401,9007022,2024-04-28,Late Delivery,547.08
300402,9007044,2025-09-04,Late Delivery,645.66
300403,9007092,2025-07-27,Damaged,3317.27
300404,9007118,2025-11-12,Damaged,5178.3
300405,9007153,2025-10-23,Late Delivery,6607.17
300406,9007154,2024-11-27,Changed Mind,775.12
300407,9007161,2025-01-14,Quality Issue,18273.6
300408,9007204,2025-11-18,Quality Issue,1527.6
300409,9007291,2025-02-16,Quality Issue,378.75
300410,9007341,2024-10-06,Late Delivery,14756.49
300411,9007376,2025-06-19,Wrong Item,880.0
300412,9007397,2025-11-24,Changed Mind,3244.28
300413,9007417,2024-05-31,Damaged,528.97
300414,9007423,2024-09-12,Changed Mind,719.31
300415,9007430,2024-06-19,Wrong Item,551.5
300416,9007441,2025-09-04,Quality Issue,106.15
300417,9007445,2025-02-09,Damaged,10513.85
300418,9007457,2024-11-24,Quality Issue,1030.87
300419,9007459,2025-07-07,Damaged,7471.85
300420,9007504,2025-08-12,Wrong Item,12168.18
300421,9007559,2025-07-13,Damaged,10948.19
300422,9007596,2024-11-26,Quality Issue,7935.6
300423,9007608,2025-02-17,Changed Mind,481.36
300424,9007609,2026-01-05,Wrong Item,641.02
300425,9007612,2024-12-28,Changed Mind,3600.33
300426,9007615,2024-07-06,Late Delivery,1500.75
300427,9007646,2024-11-10,Quality Issue,1056.68
300428,9007670,2024-04-09,Late Delivery,572.35
300429,9007705,2024-04-30,Quality Issue,4115.46
300430,9007706,2024-12-28,Quality Issue,1613.96
300431,9007708,2025-07-31,Late Delivery,5001.32
300432,9007725,2025-10-31,Damaged,16269.32
300433,9007753,2024-03-28,Late Delivery,451.44
300434,9007780,2025-12-18,Late Delivery,537.38
300435,9007804,2025-10-31,Quality Issue,1791.1
300436,9007843,2024-06-23,Late Delivery,4832.13
300437,9007884,2024-10-24,Wrong Item,1170.51
300438,9007914,2024-04-14,Damaged,864.3
300439,9007915,2024-02-05,Damaged,30615.44
300440,9007970,2025-06-13,Late Delivery,4325.72
300441,9007975,2024-09-20,Changed Mind,1150.59
300442,9007983,2025-06-06,Damaged,568.8
300443,9007988,2025-08-09,Changed Mind,17446.56
300444,9007989,2025-07-14,Changed Mind,4532.12
300445,9008011,2025-07-12,Late Delivery,178.2
300446,9008019,2024-04-16,Changed Mind,7317.22
300447,9008028,2024-06-13,Damaged,490.43
300448,9008050,2025-12-02,Changed Mind,6084.09
300449,9008143,2025-05-20,Changed Mind,3413.74
300450,9008169,2025-03-12,Quality Issue,4099.76
300451,9008172,2024-05-22,Changed Mind,3140.69
300452,9008189,2024-01-20,Changed Mind,7648.22
300453,9008210,2024-04-03,Damaged,1133.4
300454,9008226,2025-10-27,Quality Issue,1720.8
300455,9008227,2024-07-29,Wrong Item,898.96
300456,9008235,2025-02-26,Wrong Item,2764.43
300457,9008255,2025-05-19,Quality Issue,10033.29
300458,9008261,2025-06-15,Changed Mind,1178.71
300459,9008263,2025-11-30,Late Delivery,2211.31
300460,9008295,2025-01-11,Late Delivery,2074.34
300461,9008312,2025-01-26,Late Delivery,18469.05
300462,9008326,2024-08-03,Quality Issue,1813.8
300463,9008341,2024-08-26,Damaged,830.87
300464,9008347,2024-10-06,Damaged,311.05
300465,9008357,2024-09-24,Quality Issue,631.22
300466,9008358,2024-10-05,Wrong Item,1471.59
300467,9008361,2024-11-07,Damaged,288.59
300468,9008374,2025-06-27,Late Delivery,1692.7
300469,9008377,2025-10-16,Changed Mind,3251.43
300470,9008393,2024-03-02,Damaged,1052.9
300471,9008410,2024-07-30,Late Delivery,11070.81
300472,9008426,2025-05-01,Damaged,41466.86
300473,9008432,2024-05-14,Wrong Item,3478.1
300474,9008438,2025-02-18,Changed Mind,578.68
300475,9008443,2024-11-21,Late Delivery,3463.51
300476,9008464,2025-09-17,Changed Mind,291.62
300477,9008504,2024-12-20,Wrong Item,357.32
300478,9008516,2024-10-16,Changed Mind,842.5
300479,9008518,2025-05-11,Damaged,3714.93
300480,9008580,2025-03-12,Changed Mind,1481.4
300481,9008585,2025-03-31,Wrong Item,1259.53
300482,9008604,2025-07-15,Quality Issue,12831.76
300483,9008624,2025-03-21,Quality Issue,2869.83
300484,9008682,2024-02-23,Wrong Item,729.19
300485,9008691,2024-12-08,Changed Mind,661.6
300486,9008699,2024-05-16,Damaged,10952.36
300487,9008701,2024-11-25,Quality Issue,4611.25
300488,9008720,2024-02-15,Quality Issue,2572.97
300489,9008824,2024-09-02,Changed Mind,5615.44
300490,9008831,2024-02-17,Wrong Item,1289.94
300491,9008859,2025-07-19,Wrong Item,1329.72
300492,9008867,2025-02-18,Damaged,11840.35
300493,9008873,2024-05-25,Quality Issue,1398.0
300494,9008908,2024-12-10,Late Delivery,1386.62
300495,9008910,2024-10-17,Changed Mind,343.71
300496,9008927,2024-10-11,Changed Mind,1380.73
300497,9008943,2026-01-02,Quality Issue,759.53
300498,9008949,2024-01-23,Late Delivery,2418.27
300499,9008955,2024-08-18,Quality Issue,927.14
300500,9008986,2024-07-29,Late Delivery,6084.09
300501,9008987,2024-04-09,Late Delivery,12690.47
300502,9009012,2025-02-03,Late Delivery,6863.55
300503,9009027,2024-04-18,Late Delivery,1212.09
300504,9009052,2025-02-25,Changed Mind,3636.98
300505,9009063,2025-07-19,Changed Mind,1672.0
300506,9009133,2025-06-27,Changed Mind,1758.28
300507,9009174,2025-08-15,Late Delivery,995.2
300508,9009177,2025-06-24,Damaged,4167.68
300509,9009202,2025-11-29,Changed Mind,698.57
300510,9009204,2024-08-03,Quality Issue,918.45
300511,9009238,2024-10-18,Wrong Item,4978.65
300512,9009291,2025-04-15,Quality Issue,3060.56
300513,9009318,2024-09-12,Late Delivery,5819.53
300514,9009320,2024-12-22,Changed Mind,2706.83
300515,9009344,2025-10-05,Late Delivery,2473.49
300516,9009435,2025-10-08,Wrong Item,2128.9
300517,9009444,2024-06-30,Quality Issue,123219.5
300518,9009483,2025-07-12,Wrong Item,952.51
300519,9009484,2024-07-16,Wrong Item,33314.96
300520,9009493,2025-11-07,Changed Mind,2773.02
300521,9009511,2024-03-11,Wrong Item,3161.37
300522,9009532,2024-06-17,Changed Mind,7754.6
300523,9009540,2025-09-06,Damaged,463.55
300524,9009553,2025-07-23,Quality Issue,9405.04
300525,9009579,2025-12-29,Late Delivery,1143.78
300526,9009616,2025-03-21,Changed Mind,808.79
300527,9009641,2024-08-16,Changed Mind,2478.52
300528,9009645,2025-05-24,Quality Issue,13217.79
300529,9009674,2024-05-16,Quality Issue,1403.69
300530,9009685,2024-08-28,Changed Mind,2164.2
300531,9009743,2025-06-08,Changed Mind,687.47
300532,9009746,2024-02-26,Changed Mind,2773.02
300533,9009750,2024-05-14,Late Delivery,4033.18
300534,9009759,2025-02-14,Late Delivery,998.84
300535,9009784,2024-03-19,Wrong Item,5183.88
300536,9009798,2025-11-07,Late Delivery,5175.93
300537,9009826,2025-10-31,Late Delivery,2106.11
300538,9009833,2025-01-03,Wrong Item,451.37
300539,9009847,2025-01-29,Changed Mind,1522.43
300540,9009876,2025-03-18,Wrong Item,856.83
300541,9009906,2025-03-04,Quality Issue,1191.3
300542,9009911,2025-06-28,Changed Mind,1103.72
300543,9009915,2025-09-24,Changed Mind,6488.26
300544,9009931,2024-07-22,Changed Mind,342.55
300545,9009940,2024-03-21,Quality Issue,712.54
300546,9009971,2025-12-04,Changed Mind,1219.62
300547,9009975,2025-05-02,Quality Issue,496.58
300548,9009999,2024-11-05,Wrong Item,2980.98
300549,9010048,2024-11-29,Wrong Item,6007.45
300550,9010049,2025-05-06,Quality Issue,214.88
300551,9010052,2024-09-27,Changed Mind,8967.39
300552,9010066,2025-04-15,Changed Mind,783.36
300553,9010069,2025-05-17,Late Delivery,1773.3
300554,9010087,2024-07-07,Damaged,1001.1
300555,9010088,2025-05-25,Wrong Item,7595.7
300556,9010111,2025-07-18,Wrong Item,2322.95
300557,9010116,2024-02-23,Changed Mind,2253.24
300558,9010144,2024-07-28,Late Delivery,808.79
300559,9010151,2025-06-04,Quality Issue,14378.77
300560,9010195,2024-02-18,Quality Issue,4485.74
300561,9010206,2024-04-14,Late Delivery,3041.02
300562,9010227,2024-08-25,Wrong Item,1302.47
300563,9010257,2024-02-10,Late Delivery,3636.98
300564,9010267,2025-06-01,Changed Mind,2214.46
300565,9010269,2024-07-15,Wrong Item,47228.16
300566,9010303,2025-02-07,Damaged,1810.96
300567,9010328,2024-10-07,Changed Mind,684.1
300568,9010337,2025-02-13,Changed Mind,4262.94
300569,9010341,2025-12-17,Wrong Item,362.07
300570,9010353,2025-10-12,Changed Mind,889.5
300571,9010359,2024-07-03,Quality Issue,3253.48
300572,9010361,2025-12-17,Late Delivery,10125.29
300573,9010367,2024-02-15,Wrong Item,5451.29
300574,9010379,2024-07-03,Wrong Item,10786.9
300575,9010380,2025-08-27,Changed Mind,1898.93
300576,9010396,2025-06-25,Changed Mind,4584.96
300577,9010403,2026-01-01,Late Delivery,9696.47
300578,9010415,2024-02-09,Wrong Item,652.86
300579,9010416,2024-02-07,Changed Mind,1224.72
300580,9010423,2024-02-12,Damaged,3057.5
300581,9010427,2025-08-26,Changed Mind,3987.31
300582,9010455,2025-04-19,Wrong Item,57327.24
300583,9010456,2024-02-21,Late Delivery,870.46
300584,9010473,2024-07-19,Damaged,4368.55
300585,9010496,2025-07-26,Changed Mind,1516.8
300586,9010516,2025-12-18,Wrong Item,1801.24
300587,9010518,2025-08-30,Damaged,497.18
300588,9010530,2025-12-17,Changed Mind,2943.33
300589,9010539,2024-08-04,Damaged,922.04
300590,9010543,2025-05-18,Quality Issue,1683.24
300591,9010546,2025-08-01,Damaged,7265.81
300592,9010548,2025-04-01,Quality Issue,4286.15
300593,9010556,2025-11-30,Wrong Item,556.23
300594,9010604,2024-08-03,Wrong Item,3348.92
300595,9010626,2024-04-20,Changed Mind,5194.0
300596,9010641,2025-05-08,Changed Mind,1460.02
300597,9010644,2024-03-09,Damaged,533.97
300598,9010698,2024-02-20,Late Delivery,9068.52
300599,9010721,2025-03-10,Changed Mind,4693.0
300600,9010724,2024-03-20,Quality Issue,3001.06
300601,9010754,2024-02-11,Late Delivery,762.4
300602,9010777,2024-08-20,Wrong Item,1164.99
300603,9010780,2025-02-28,Quality Issue,2898.54
300604,9010795,2024-08-06,Changed Mind,729.75
300605,9010847,2025-11-09,Wrong Item,729.78
300606,9010858,2025-07-07,Late Delivery,606.42
300607,9010868,2025-07-15,Wrong Item,1437.37
300608,9010878,2025-12-03,Changed Mind,2465.29
300609,9010892,2025-02-06,Wrong Item,3046.52
300610,9010899,2025-08-26,Damaged,4634.82
300611,9010908,2025-12-17,Quality Issue,474.07
300612,9010927,2025-07-09,Wrong Item,1016.7
300613,9010945,2025-05-09,Damaged,713.09
300614,9010964,2025-01-16,Damaged,14561.85
300615,9010965,2024-11-19,Changed Mind,1621.97
300616,9011024,2025-07-23,Quality Issue,50536.01
300617,9011032,2025-04-02,Quality Issue,1354.32
300618,9011042,2025-12-19,Changed Mind,2668.49
300619,9011079,2024-07-28,Changed Mind,5733.07
300620,9011081,2025-04-11,Quality Issue,399.13
300621,9011086,2024-09-26,Damaged,613.99
300622,9011094,2025-04-20,Damaged,3381.56
300623,9011100,2024-04-24,Late Delivery,2541.99
300624,9011126,2025-05-16,Quality Issue,497.41
300625,9011186,2025-04-08,Wrong Item,8623.83
300626,9011192,2024-11-08,Wrong Item,2268.22
300627,9011204,2024-06-02,Changed Mind,1085.13
300628,9011258,2024-09-23,Quality Issue,5906.54
300629,9011266,2024-11-26,Changed Mind,230.21
300630,9011355,2024-09-22,Damaged,812.3
300631,9011398,2025-11-04,Changed Mind,1156.8
300632,9011427,2024-07-24,Changed Mind,1248.22
300633,9011457,2024-09-14,Quality Issue,9924.0
300634,9011462,2025-06-02,Late Delivery,911.09
300635,9011465,2024-01-07,Damaged,2785.6
300636,9011520,2024-01-26,Late Delivery,4164.4
300637,9011529,2025-09-16,Wrong Item,3304.74
300638,9011531,2024-10-26,Late Delivery,2690.3
300639,9011538,2025-02-15,Late Delivery,925.29
300640,9011546,2024-08-12,Quality Issue,607.63
300641,9011556,2024-11-03,Wrong Item,27207.34
300642,9011591,2025-02-02,Damaged,9940.29
300643,9011599,2024-12-28,Quality Issue,1938.93
300644,9011601,2024-09-27,Wrong Item,16002.08
300645,9011602,2024-10-24,Changed Mind,7821.48
300646,9011617,2024-07-30,Late Delivery,2032.83
300647,9011618,2024-12-17,Damaged,2706.18
300648,9011671,2025-11-23,Late Delivery,6133.95
300649,9011686,2024-03-24,Late Delivery,2481.26
300650,9011703,2024-08-05,Late Delivery,777.17
300651,9011710,2024-08-08,Damaged,3485.16
300652,9011759,2024-08-17,Late Delivery,6093.04
300653,9011773,2024-10-29,Wrong Item,1053.79
300654,9011785,2025-06-14,Damaged,571.08
300655,9011793,2024-07-07,Late Delivery,5145.94
300656,9011798,2024-07-03,Damaged,7246.2
300657,9011829,2024-08-29,Quality Issue,40007.67
300658,9011842,2024-06-03,Quality Issue,791.17
300659,9011845,2024-12-03,Changed Mind,58667.46
300660,9011878,2025-08-10,Wrong Item,803.98
300661,9011887,2024-10-11,Wrong Item,491.33
300662,9011928,2024-02-26,Wrong Item,519.25
300663,9011929,2025-03-12,Changed Mind,1150.33
300664,9011932,2025-10-28,Changed Mind,526.2
300665,9011935,2024-04-19,Changed Mind,2670.16
300666,9011959,2025-06-01,Late Delivery,18431.88
300667,9012005,2025-09-04,Wrong Item,15665.22
300668,9012009,2024-12-30,Late Delivery,920.73
300669,9012022,2024-02-08,Wrong Item,2796.26
300670,9012027,2025-06-30,Late Delivery,1985.74
300671,9012036,2025-07-31,Wrong Item,1220.38
300672,9012048,2025-10-13,Late Delivery,4128.63
300673,9012066,2025-12-07,Quality Issue,6669.0
300674,9012075,2025-03-26,Late Delivery,1081.62
300675,9012087,2025-04-11,Damaged,288.08
300676,9012116,2024-09-24,Changed Mind,2469.63
300677,9012130,2025-02-03,Changed Mind,2611.1
300678,9012154,2024-09-28,Damaged,758.25
300679,9012171,2024-09-07,Damaged,689.1
300680,9012206,2024-10-02,Changed Mind,506.44
300681,9012211,2025-09-18,Late Delivery,7852.47
300682,9012248,2024-05-20,Wrong Item,1106.97
300683,9012272,2025-03-26,Quality Issue,2498.38
300684,9012275,2024-04-29,Damaged,472.73
300685,9012303,2025-01-08,Late Delivery,4185.84
300686,9012325,2024-04-27,Damaged,18001.91
300687,9012360,2024-11-14,Wrong Item,1686.06
300688,9012375,2024-11-12,Changed Mind,737.69
300689,9012407,2025-02-18,Wrong Item,4377.57
300690,9012431,2025-05-10,Wrong Item,8936.95
300691,9012490,2025-07-27,Late Delivery,921.13
300692,9012508,2024-10-04,Damaged,7648.22
300693,9012510,2024-01-29,Damaged,3160.61
300694,9012512,2025-03-24,Damaged,1092.6
300695,9012548,2024-04-28,Changed Mind,163.41
300696,9012584,2024-08-06,Damaged,18251.49
300697,9012598,2025-12-17,Quality Issue,3920.43
300698,9012610,2024-04-08,Damaged,1111.56
300699,9012657,2024-08-14,Changed Mind,2283.88
300700,9012695,2025-12-11,Damaged,727.84
300701,9012715,2024-02-08,Wrong Item,1409.94
300702,9012729,2024-03-04,Late Delivery,842.18
300703,9012768,2024-07-08,Late Delivery,1263.19
300704,9012827,2024-04-06,Damaged,1390.93
300705,9012855,2024-02-07,Quality Issue,1333.1
300706,9012862,2025-09-21,Wrong Item,6289.78
300707,9012865,2025-03-18,Wrong Item,5691.27
300708,9012868,2024-05-24,Changed Mind,10458.85
300709,9012887,2024-12-03,Wrong Item,1569.39
300710,9012917,2025-05-10,Quality Issue,2170.82
300711,9012939,2025-01-30,Wrong Item,2477.55
300712,9012943,2026-01-15,Damaged,458.9
300713,9012947,2025-07-18,Late Delivery,7595.48
300714,9012957,2024-12-31,Changed Mind,3706.86
300715,9012974,2025-05-15,Late Delivery,2919.55
300716,9012997,2025-09-04,Wrong Item,1082.1
300717,9013014,2025-07-11,Late Delivery,1420.04
300718,9013030,2025-10-02,Wrong Item,1747.16
300719,9013043,2024-03-25,Damaged,2962.95
300720,9013115,2025-01-10,Wrong Item,684.44
300721,9013140,2025-03-13,Quality Issue,644.67
300722,9013153,2025-02-18,Wrong Item,10561.36
300723,9013154,2024-05-17,Late Delivery,2441.3
300724,9013162,2025-10-06,Changed Mind,1104.72
300725,9013187,2024-06-18,Late Delivery,351.01
300726,9013203,2024-12-02,Changed Mind,84.15
300727,9013257,2024-07-24,Damaged,799.69
300728,9013266,2024-02-07,Late Delivery,3731.02
300729,9013298,2024-05-30,Late Delivery,3036.99
300730,9013324,2024-12-11,Quality Issue,1670.4
300731,9013346,2024-02-23,Quality Issue,40440.69
300732,9013351,2025-01-17,Damaged,2715.25
300733,9013364,2025-10-10,Late Delivery,1818.12
300734,9013372,2024-03-17,Changed Mind,3403.09
300735,9013389,2025-04-25,Wrong Item,2791.73
300736,9013398,2025-05-22,Wrong Item,2247.63
300737,9013420,2025-04-08,Changed Mind,2006.04
300738,9013444,2025-03-16,Damaged,3689.22
300739,9013447,2025-05-11,Changed Mind,1932.48
300740,9013464,2025-02-20,Late Delivery,7179.92
300741,9013502,2024-11-29,Late Delivery,2406.98
300742,9013573,2024-10-21,Quality Issue,1711.79
300743,9013580,2025-10-21,Quality Issue,13390.49
300744,9013595,2025-12-13,Wrong Item,6878.07
300745,9013607,2024-04-10,Changed Mind,2559.03
300746,9013609,2024-02-03,Wrong Item,838.38
300747,9013651,2025-12-13,Damaged,3555.27
300748,9013655,2024-11-24,Damaged,2537.15
300749,9013687,2025-12-31,Late Delivery,5276.13
300750,9013708,2024-04-17,Damaged,2731.25
300751,9013726,2025-02-23,Wrong Item,40440.69
300752,9013754,2025-06-13,Changed Mind,4257.43
300753,9013762,2025-01-22,Changed Mind,360.58
300754,9013800,2024-08-05,Damaged,131674.14
300755,9013821,2025-06-16,Wrong Item,479.79
300756,9013826,2025-05-27,Quality Issue,794.5
300757,9013870,2024-05-17,Wrong Item,2637.18
300758,9013903,2024-08-11,Wrong Item,7298.45
300759,9013940,2024-02-22,Late Delivery,21056.67
300760,9013956,2025-02-02,Late Delivery,621.68
300761,9013965,2025-07-14,Wrong Item,618.66
300762,9014082,2024-08-13,Late Delivery,2985.34
300763,9014091,2025-10-22,Changed Mind,998.73
300764,9014111,2025-12-04,Quality Issue,23899.52
300765,9014119,2024-04-08,Quality Issue,4650.12
300766,9014170,2024-05-02,Late Delivery,4716.07
300767,9014189,2025-11-10,Damaged,3386.08
300768,9014220,2024-12-21,Late Delivery,20939.88
300769,9014234,2024-05-25,Late Delivery,2923.9
300770,9014235,2024-06-15,Late Delivery,372.22
300771,9014241,2025-11-17,Late Delivery,1501.34
300772,9014277,2024-12-04,Changed Mind,357.42
300773,9014281,2025-03-20,Quality Issue,450.83
300774,9014297,2024-12-17,Wrong Item,163.41
300775,9014335,2024-06-05,Damaged,648.63
300776,9014344,2024-03-20,Changed Mind,789.87
300777,9014345,2024-12-18,Damaged,3351.72
300778,9014360,2024-05-08,Quality Issue,3391.43
300779,9014379,2025-05-10,Late Delivery,2018.69
300780,9014381,2024-06-04,Late Delivery,2204.56
300781,9014382,2024-08-04,Wrong Item,812.71
300782,9014408,2025-07-07,Changed Mind,6533.47
300783,9014411,2025-10-11,Damaged,4715.8
300784,9014424,2025-05-25,Damaged,902.55
300785,9014453,2025-08-09,Quality Issue,23680.71
300786,9014494,2024-08-29,Late Delivery,2488.02
300787,9014501,2024-07-23,Damaged,5824.71
300788,9014539,2025-12-17,Quality Issue,1909.95
300789,9014581,2025-07-24,Quality Issue,1802.32
300790,9014594,2024-11-09,Damaged,3142.93
300791,9014644,2024-04-01,Quality Issue,2262.44
300792,9014680,2025-12-25,Late Delivery,49675.44
300793,9014688,2024-04-12,Wrong Item,698.15
300794,9014707,2024-02-11,Quality Issue,1518.16
300795,9014751,2024-06-17,Changed Mind,705.86
300796,9014779,2025-12-12,Quality Issue,912.31
300797,9014789,2025-02-04,Wrong Item,1081.42
300798,9014792,2024-06-20,Changed Mind,35246.83
300799,9014834,2024-11-22,Quality Issue,5130.77
300800,9014857,2025-06-15,Changed Mind,1969.71
300801,9014893,2025-06-27,Damaged,1369.03
300802,9014921,2024-04-13,Wrong Item,6661.9
300803,9014952,2024-11-21,Damaged,1817.17
300804,9014958,2024-06-05,Changed Mind,1626.34
300805,9014961,2025-04-01,Quality Issue,1921.31
300806,9014972,2025-03-15,Wrong Item,19628.91
300807,9014977,2025-10-25,Late Delivery,2306.77
300808,9014987,2025-01-01,Late Delivery,463.18
300809,9014995,2024-11-07,Changed Mind,65700.2
300810,9015007,2025-10-03,Quality Issue,12014.9
300811,9015009,2025-11-09,Late Delivery,1054.3
300812,9015114,2025-06-01,Wrong Item,2210.74
300813,9015119,2024-06-30,Wrong Item,1905.74
300814,9015177,2024-06-27,Damaged,2981.91
300815,9015206,2025-09-16,Damaged,16818.56
300816,9015221,2025-01-29,Quality Issue,3494.05
300817,9015222,2024-06-15,Changed Mind,1267.83
300818,9015235,2025-03-03,Damaged,12512.22
300819,9015248,2024-05-19,Damaged,2031.48
300820,9015272,2025-04-30,Damaged,2361.69
300821,9015289,2025-07-27,Wrong Item,218.93
300822,9015290,2025-11-29,Damaged,67401.15
300823,9015327,2025-11-25,Changed Mind,1717.76
300824,9015358,2024-03-03,Damaged,42890.59
300825,9015401,2024-09-14,Changed Mind,2512.43
300826,9015403,2025-11-20,Damaged,4064.94
300827,9015411,2024-11-14,Damaged,576.1
300828,9015442,2024-08-20,Late Delivery,2595.42
300829,9015461,2025-09-30,Changed Mind,1536.5
300830,9015471,2024-03-02,Wrong Item,1414.0
300831,9015472,2025-03-09,Late Delivery,12201.67
300832,9015489,2025-06-13,Quality Issue,538.37
300833,9015493,2024-08-13,Wrong Item,400.16
300834,9015539,2025-07-09,Changed Mind,1912.85
300835,9015595,2025-11-30,Damaged,700.94
300836,9015601,2025-04-08,Quality Issue,6728.62
300837,9015611,2024-01-25,Wrong Item,581.34
300838,9015613,2025-03-17,Damaged,1910.38
300839,9015620,2025-11-14,Wrong Item,4763.69
300840,9015638,2025-06-14,Quality Issue,6619.96
300841,9015646,2025-09-06,Wrong Item,936.79
300842,9015654,2025-12-06,Quality Issue,547.28
300843,9015698,2025-01-29,Wrong Item,614.14
300844,9015706,2025-04-21,Damaged,4376.63
300845,9015747,2025-08-27,Damaged,606.42
300846,9015799,2025-12-18,Changed Mind,218.03
300847,9015818,2024-10-15,Damaged,867.04
300848,9015823,2025-10-30,Changed Mind,3842.62
300849,9015858,2024-05-25,Damaged,1635.72
300850,9015866,2025-11-22,Changed Mind,477.96
300851,9015899,2025-12-07,Quality Issue,960.19
300852,9015901,2025-05-30,Quality Issue,20417.31
300853,9015905,2024-05-15,Changed Mind,52830.69
300854,9015927,2024-07-13,Quality Issue,1057.95
300855,9015937,2025-12-12,Damaged,556.66
300856,9015943,2024-10-14,Late Delivery,298.4
300857,9015985,2024-12-04,Damaged,499.63
300858,9016002,2025-05-14,Late Delivery,2819.05
300859,9016006,2024-04-12,Damaged,357.41
300860,9016011,2025-02-08,Damaged,3555.68
300861,9016013,2024-03-02,Quality Issue,651.78
300862,9016040,2025-06-09,Wrong Item,482.93
300863,9016059,2025-12-23,Quality Issue,3391.43
300864,9016063,2024-10-20,Changed Mind,458.21
300865,9016086,2025-05-20,Changed Mind,8451.1
300866,9016102,2024-02-29,Wrong Item,1242.75
300867,9016103,2024-03-18,Late Delivery,1228.9
300868,9016125,2024-08-14,Changed Mind,1499.74
300869,9016137,2024-04-23,Quality Issue,41017.16
300870,9016159,2025-07-12,Changed Mind,429.87
300871,9016177,2025-09-11,Quality Issue,1494.35
300872,9016178,2024-02-25,Changed Mind,1897.25
300873,9016191,2024-08-25,Late Delivery,5963.82
300874,9016219,2025-10-19,Late Delivery,1521.2
300875,9016231,2025-11-26,Late Delivery,1548.72
300876,9016239,2025-01-08,Wrong Item,1866.64
300877,9016246,2024-09-01,Damaged,1168.42
300878,9016248,2025-11-12,Wrong Item,20447.78
300879,9016268,2024-06-03,Quality Issue,841.24
300880,9016274,2024-03-29,Changed Mind,20236.78
300881,9016283,2025-09-10,Changed Mind,3886.41
300882,9016323,2024-06-23,Quality Issue,924.15
300883,9016325,2025-11-24,Quality Issue,1731.28
300884,9016346,2025-01-31,Late Delivery,3173.5
300885,9016354,2024-02-10,Damaged,2912.32
300886,9016380,2024-03-09,Quality Issue,3572.77
300887,9016381,2024-04-26,Wrong Item,1355.13
300888,9016382,2025-08-11,Damaged,46603.9
300889,9016439,2024-07-06,Wrong Item,1672.0
300890,9016447,2025-07-18,Damaged,4693.0
300891,9016461,2025-11-28,Late Delivery,242.13
300892,9016471,2024-09-07,Changed Mind,2507.64
300893,9016536,2024-10-11,Damaged,1050.74
300894,9016537,2024-09-04,Wrong Item,4706.86
300895,9016625,2024-03-04,Changed Mind,5183.12
300896,9016630,2025-12-03,Late Delivery,870.46
300897,9016641,2025-07-16,Wrong Item,901.82
300898,9016645,2025-11-21,Quality Issue,360.12
300899,9016657,2024-11-29,Changed Mind,1377.07
300900,9016659,2024-10-12,Wrong Item,3728.22
300901,9016667,2025-07-16,Wrong Item,2286.63
300902,9016687,2025-03-27,Damaged,607.77
300903,9016692,2025-04-07,Changed Mind,842.52
300904,9016701,2024-06-24,Changed Mind,1316.62
300905,9016722,2025-01-03,Quality Issue,1015.54
300906,9016731,2025-05-09,Late Delivery,66038.7
300907,9016735,2025-07-26,Changed Mind,2444.34
300908,9016743,2024-02-01,Damaged,1154.76
300909,9016755,2024-09-17,Damaged,2761.72
300910,9016756,2025-05-03,Late Delivery,863.99
300911,9016766,2025-08-26,Damaged,146.68
300912,9016768,2024-12-25,Changed Mind,526.2
300913,9016802,2025-08-15,Late Delivery,4589.33
300914,9016812,2024-10-27,Quality Issue,1241.31
300915,9016846,2024-06-21,Damaged,1964.75
300916,9016860,2025-11-10,Quality Issue,261.43
300917,9016877,2024-08-17,Damaged,1648.97
300918,9016882,2024-03-04,Damaged,99.0
300919,9016910,2025-07-27,Late Delivery,27766.41
300920,9016913,2024-02-05,Damaged,282.97
300921,9016932,2024-09-21,Quality Issue,2736.92
300922,9016961,2024-03-21,Wrong Item,2651.27
300923,9016983,2025-02-01,Late Delivery,676.41
300924,9016989,2024-11-27,Changed Mind,484.26
300925,9017017,2024-04-28,Changed Mind,524.2
300926,9017034,2025-10-10,Quality Issue,5375.09
300927,9017044,2025-02-14,Changed Mind,2847.83
300928,9017070,2024-11-16,Changed Mind,2106.58
300929,9017096,2025-10-06,Quality Issue,654.29
300930,9017107,2025-09-12,Wrong Item,6862.36
300931,9017112,2024-10-02,Wrong Item,1578.6
300932,9017118,2025-12-02,Late Delivery,1632.32
300933,9017143,2024-10-10,Late Delivery,355.62
300934,9017160,2025-09-28,Quality Issue,1249.63
300935,9017163,2025-02-16,Late Delivery,1286.38
300936,9017168,2024-08-14,Damaged,925.79
300937,9017227,2025-10-07,Changed Mind,3205.14
300938,9017248,2025-12-06,Late Delivery,8967.66
300939,9017268,2025-02-25,Damaged,6008.56
300940,9017273,2024-05-27,Wrong Item,735.79
300941,9017297,2025-10-16,Late Delivery,1052.07
300942,9017299,2024-09-23,Damaged,2630.8
300943,9017316,2025-03-04,Late Delivery,885.96
300944,9017353,2025-09-08,Wrong Item,1764.22
300945,9017392,2024-07-30,Damaged,2548.66
300946,9017417,2025-12-20,Damaged,1189.38
300947,9017418,2025-09-06,Late Delivery,3494.98
300948,9017427,2025-12-11,Late Delivery,376.17
300949,9017437,2025-05-27,Changed Mind,3242.98
300950,9017479,2024-02-24,Wrong Item,1489.15
300951,9017512,2025-04-13,Changed Mind,2945.5
300952,9017516,2024-04-20,Wrong Item,12666.38
300953,9017569,2024-12-04,Wrong Item,1084.84
300954,9017588,2025-02-01,Damaged,453.22
300955,9017596,2025-04-01,Wrong Item,503.58
300956,9017603,2025-05-27,Changed Mind,5978.44
300957,9017623,2025-12-03,Quality Issue,2186.06
300958,9017625,2025-10-22,Changed Mind,690.91
300959,9017627,2024-03-03,Damaged,1190.99
300960,9017654,2024-11-07,Late Delivery,1649.38
300961,9017687,2025-11-29,Changed Mind,1048.41
300962,9017693,2025-06-19,Changed Mind,14561.85
300963,9017699,2025-03-06,Damaged,18488.48
300964,9017759,2024-05-20,Damaged,1054.75
300965,9017775,2025-05-24,Changed Mind,8752.05
300966,9017797,2025-11-29,Late Delivery,3833.94
300967,9017798,2025-06-11,Quality Issue,3007.04
300968,9017808,2025-07-19,Late Delivery,34876.67
300969,9017813,2025-05-09,Damaged,476.07
300970,9017873,2025-08-24,Late Delivery,956.8
300971,9017879,2024-09-13,Late Delivery,459.41
300972,9017880,2024-10-11,Damaged,2886.52
300973,9017886,2025-12-31,Wrong Item,480.6
300974,9017928,2024-03-26,Wrong Item,1677.28
300975,9017962,2025-09-18,Wrong Item,3051.09
300976,9017965,2024-06-29,Late Delivery,450.91
300977,9017987,2024-03-24,Late Delivery,6168.61
300978,9018018,2024-08-29,Damaged,5264.76
300979,9018029,2024-08-18,Damaged,780.37
300980,9018034,2025-01-08,Quality Issue,370.03
300981,9018058,2025-02-02,Changed Mind,22645.03
300982,9018060,2025-07-06,Changed Mind,2320.59
300983,9018106,2024-11-06,Wrong Item,526.2
300984,9018116,2025-05-14,Late Delivery,18001.91
300985,9018145,2024-11-24,Wrong Item,373.51
300986,9018169,2024-02-21,Wrong Item,18378.1
300987,9018172,2025-09-17,Wrong Item,15148.07
300988,9018194,2025-05-24,Quality Issue,402.72
300989,9018266,2024-04-24,Quality Issue,1059.21
300990,9018286,2025-06-11,Damaged,729.94
300991,9018295,2025-03-14,Changed Mind,5635.46
300992,9018305,2025-07-30,Wrong Item,3662.88
300993,9018312,2025-12-21,Changed Mind,26383.22
300994,9018367,2025-02-27,Quality Issue,18652.18
300995,9018423,2025-12-25,Quality Issue,5380.6
300996,9018448,2024-07-22,Late Delivery,2076.7
300997,9018467,2025-10-16,Changed Mind,17062.95
300998,9018482,2025-09-18,Wrong Item,2866.54
300999,9018485,2025-10-29,Changed Mind,654.44
301000,9018505,2024-01-14,Quality Issue,576.55
301001,9018529,2024-02-28,Wrong Item,47918.7
301002,9018532,2025-09-21,Late Delivery,3215.75
301003,9018539,2024-02-23,Quality Issue,630.85
301004,9018549,2024-10-30,Wrong Item,282.15
301005,9018600,2025-01-17,Wrong Item,2739.78
301006,9018625,2024-10-29,Changed Mind,1176.04
301007,9018627,2024-02-07,Late Delivery,4101.89
301008,9018653,2025-10-02,Wrong Item,1250.15
301009,9018668,2024-10-28,Wrong Item,690.64
301010,9018670,2024-05-25,Late Delivery,1148.29
301011,9018681,2025-07-20,Late Delivery,1602.1
301012,9018687,2024-07-07,Late Delivery,581.68
301013,9018694,2024-12-04,Quality Issue,3524.98
301014,9018707,2025-02-18,Changed Mind,2916.14
301015,9018762,2025-12-16,Wrong Item,1521.7
301016,9018783,2025-07-01,Wrong Item,2301.18
301017,9018798,2024-02-26,Changed Mind,16179.83
301018,9018802,2024-12-04,Damaged,48605.16
301019,9018803,2025-12-16,Damaged,648.1
301020,9018809,2024-11-02,Late Delivery,2079.93
301021,9018811,2024-01-29,Late Delivery,720.95
301022,9018855,2025-03-10,Late Delivery,6097.79
301023,9018881,2024-02-16,Changed Mind,17629.49
301024,9018891,2024-03-03,Late Delivery,790.85
301025,9018899,2024-03-31,Late Delivery,467.37
301026,9018932,2025-01-08,Quality Issue,313.39
301027,9018958,2024-12-17,Changed Mind,845.6
301028,9019000,2024-02-16,Damaged,1806.34
301029,9019011,2025-01-20,Wrong Item,652.96
301030,9019018,2025-01-04,Changed Mind,2355.7
301031,9019028,2025-08-30,Late Delivery,3303.78
301032,9019077,2025-01-29,Late Delivery,1048.03
301033,9019105,2024-04-11,Quality Issue,1310.83
301034,9019109,2024-09-29,Wrong Item,921.56
301035,9019151,2024-12-22,Wrong Item,1948.56
301036,9019178,2025-02-14,Late Delivery,868.1
301037,9019207,2024-12-03,Wrong Item,529.84
301038,9019236,2025-09-02,Damaged,7167.28
301039,9019237,2025-10-05,Changed Mind,2713.94
301040,9019251,2024-09-21,Damaged,2434.72
301041,9019252,2025-06-20,Late Delivery,687.31
301042,9019254,2024-11-24,Changed Mind,2290.16
301043,9019258,2024-08-13,Damaged,973.6
301044,9019319,2025-01-12,Quality Issue,248.36
301045,9019333,2024-12-08,Quality Issue,1017.6
301046,9019355,2025-05-17,Wrong Item,3233.52
301047,9019359,2024-09-09,Wrong Item,3913.18
301048,9019421,2024-07-04,Damaged,12014.9
301049,9019494,2024-06-08,Quality Issue,2608.62
301050,9019500,2025-09-12,Damaged,7387.99
301051,9019503,2024-06-19,Late Delivery,17449.01
301052,9019511,2024-04-30,Late Delivery,1218.29
301053,9019529,2025-09-03,Wrong Item,1886.11
301054,9019530,2025-06-06,Wrong Item,18262.01
301055,9019531,2024-10-29,Wrong Item,1841.13
301056,9019537,2025-07-19,Changed Mind,2134.65
301057,9019539,2024-07-22,Damaged,538.43
301058,9019557,2024-03-26,Quality Issue,750.04
301059,9019572,2024-06-28,Quality Issue,2032.9
301060,9019586,2025-06-20,Wrong Item,14223.33
301061,9019610,2024-08-05,Late Delivery,1478.64
301062,9019612,2025-11-05,Damaged,24486.61
301063,9019619,2025-10-24,Changed Mind,1026.06
301064,9019645,2025-11-20,Damaged,981.67
301065,9019672,2024-05-06,Damaged,2811.84
301066,9019688,2025-05-16,Damaged,727.36
301067,9019726,2024-10-07,Late Delivery,2396.19
301068,9019747,2025-05-16,Late Delivery,2372.82
301069,9019792,2025-08-07,Quality Issue,472.73
301070,9019798,2024-03-30,Changed Mind,2704.65
301071,9019821,2024-02-05,Damaged,1298.97
301072,9019835,2025-05-26,Wrong Item,3719.29
301073,9019851,2024-10-02,Quality Issue,4894.86
301074,9019864,2025-12-17,Damaged,1129.39
301075,9019898,2025-07-08,Changed Mind,390.47
301076,9019923,2025-05-31,Changed Mind,397.74
301077,9019926,2025-06-30,Changed Mind,1727.08
301078,9019930,2024-04-15,Damaged,3711.87
301079,9019954,2024-07-17,Wrong Item,679.67
301080,9019955,2024-04-25,Quality Issue,3032.71
301081,9019978,2024-10-06,Changed Mind,1736.25
301082,9019980,2024-06-15,Damaged,1164.31
301083,9020003,2024-09-05,Changed Mind,447.67
301084,9020008,2025-04-23,Changed Mind,4196.41
301085,9020021,2026-01-06,Damaged,5259.35
301086,9020055,2024-08-04,Late Delivery,89.1
301087,9020079,2024-03-07,Late Delivery,803.56
301088,9020102,2025-04-23,Quality Issue,349.65
301089,9020125,2025-03-21,Damaged,1160.67
301090,9020127,2024-06-08,Damaged,453.78
301091,9020159,2025-11-05,Damaged,966.15
301092,9020161,2025-08-18,Damaged,2863.64
301093,9020167,2024-08-01,Changed Mind,1147.09
301094,9020185,2024-12-14,Changed Mind,802.75
301095,9020244,2024-04-13,Quality Issue,481.6
301096,9020272,2024-01-17,Late Delivery,532.94
301097,9020295,2025-05-17,Damaged,16365.6
301098,9020314,2024-05-30,Quality Issue,17101.81
301099,9020316,2025-01-22,Quality Issue,301.73
301100,9020361,2025-03-08,Quality Issue,401.48
301101,9020392,2025-10-04,Changed Mind,1800.95
301102,9020402,2025-06-23,Quality Issue,2856.78
301103,9020435,2024-10-31,Quality Issue,423.85
301104,9020445,2024-07-07,Quality Issue,730.01
301105,9020489,2025-07-15,Wrong Item,1740.8
301106,9020502,2024-03-26,Wrong Item,1409.39
301107,9020503,2024-03-24,Changed Mind,6511.13
301108,9020533,2025-08-08,Wrong Item,738.63
301109,9020568,2025-12-19,Changed Mind,1642.11
301110,9020580,2025-05-05,Damaged,3239.46
301111,9020607,2024-09-30,Late Delivery,4499.77
301112,9020611,2024-03-13,Changed Mind,16974.64
301113,9020635,2025-06-13,Late Delivery,1230.78
301114,9020638,2024-06-02,Quality Issue,875.42
301115,9020646,2025-01-09,Damaged,1740.03
301116,9020683,2025-08-18,Wrong Item,1952.13
301117,9020695,2026-01-01,Changed Mind,1282.2
301118,9020710,2025-11-21,Damaged,4439.11
301119,9020714,2024-10-04,Wrong Item,40820.58
301120,9020719,2025-02-16,Wrong Item,888.73
301121,9020729,2025-03-05,Damaged,2371.62
301122,9020739,2025-08-17,Changed Mind,594.69
301123,9020767,2024-08-18,Changed Mind,1909.44
301124,9020770,2024-09-29,Changed Mind,1160.41
301125,9020800,2024-05-04,Wrong Item,2490.96
301126,9020807,2025-12-18,Quality Issue,1725.31
301127,9020812,2025-05-29,Damaged,2515.83
301128,9020814,2024-03-16,Late Delivery,12011.78
301129,9020817,2026-01-07,Damaged,507.85
301130,9020843,2025-08-04,Quality Issue,4513.7
301131,9020846,2025-11-15,Wrong Item,1253.82
301132,9020868,2024-01-25,Wrong Item,578.0
301133,9020900,2024-11-03,Late Delivery,2040.34
301134,9020902,2024-10-06,Quality Issue,2516.29
301135,9020914,2025-03-26,Late Delivery,800.07
301136,9020915,2025-12-03,Quality Issue,11382.53
301137,9020922,2024-12-30,Wrong Item,1853.82
301138,9020935,2024-04-06,Changed Mind,2148.26
301139,9020947,2024-08-26,Wrong Item,1802.9
301140,9020982,2025-10-21,Quality Issue,656.8
301141,9020999,2024-08-01,Damaged,83651.81
301142,9021012,2025-03-25,Wrong Item,3907.41
301143,9021021,2024-03-17,Late Delivery,484.94
301144,9021024,2024-05-03,Late Delivery,793.55
301145,9021045,2025-01-15,Late Delivery,1135.57
301146,9021047,2025-12-16,Damaged,10830.99
301147,9021058,2025-03-22,Late Delivery,1125.26
301148,9021062,2025-04-07,Damaged,1933.56
301149,9021084,2025-07-04,Damaged,619.19
301150,9021096,2024-07-08,Late Delivery,473.58
301151,9021116,2024-08-01,Late Delivery,4064.94
301152,9021121,2025-10-31,Wrong Item,1819.72
301153,9021154,2024-11-17,Damaged,2502.07
301154,9021165,2024-08-05,Changed Mind,800.38
301155,9021178,2024-09-13,Late Delivery,1633.86
301156,9021188,2024-11-23,Quality Issue,1233.69
301157,9021210,2025-11-11,Late Delivery,13172.65
301158,9021224,2024-10-18,Late Delivery,1093.99
301159,9021284,2024-11-12,Quality Issue,2313.51
301160,9021286,2024-04-21,Changed Mind,3689.78
301161,9021290,2025-08-18,Damaged,2246.8
301162,9021295,2024-05-25,Damaged,1255.77
301163,9021312,2024-11-20,Late Delivery,902.72
301164,9021338,2024-11-05,Quality Issue,1751.34
301165,9021352,2025-03-14,Damaged,2057.73
301166,9021360,2025-03-01,Quality Issue,855.75
301167,9021362,2024-12-30,Damaged,481.15
301168,9021380,2025-07-15,Wrong Item,3550.89
301169,9021384,2026-01-01,Changed Mind,1163.22
301170,9021405,2025-02-24,Quality Issue,569.66
301171,9021448,2025-11-11,Quality Issue,3353.42
301172,9021497,2025-02-08,Quality Issue,18888.07
301173,9021544,2025-01-09,Wrong Item,1028.1
301174,9021555,2025-04-28,Damaged,410.88
301175,9021582,2024-02-26,Damaged,3568.37
301176,9021588,2025-11-10,Changed Mind,11515.97
301177,9021616,2024-02-06,Damaged,23358.68
301178,9021692,2024-06-19,Late Delivery,17339.02
301179,9021704,2025-06-10,Quality Issue,755.86
301180,9021713,2024-02-21,Quality Issue,771.35
301181,9021723,2024-10-05,Changed Mind,837.18
301182,9021726,2025-03-23,Late Delivery,1802.62
301183,9021745,2024-12-26,Quality Issue,344.46
301184,9021750,2024-08-02,Quality Issue,18522.94
301185,9021769,2024-11-01,Wrong Item,1827.38
301186,9021774,2024-08-29,Wrong Item,2874.61
301187,9021790,2024-12-30,Changed Mind,2457.64
301188,9021794,2024-04-03,Late Delivery,1282.2
301189,9021795,2024-04-26,Damaged,5194.0
301190,9021811,2024-10-27,Damaged,944.64
301191,9021843,2024-05-06,Wrong Item,1286.13
301192,9021880,2025-06-19,Late Delivery,2501.83
301193,9021893,2024-08-31,Late Delivery,1512.23
301194,9021906,2025-08-27,Wrong Item,15773.76
301195,9021920,2024-03-16,Quality Issue,1596.5
301196,9021937,2025-07-05,Wrong Item,5663.25
301197,9021953,2025-12-06,Quality Issue,2370.16
301198,9021961,2024-09-26,Changed Mind,1187.63
301199,9021985,2024-09-12,Damaged,1948.56
301200,9021991,2025-08-25,Quality Issue,440.81
301201,9022036,2025-01-05,Damaged,2439.92
301202,9022037,2025-12-10,Damaged,873.52
301203,9022047,2024-11-29,Wrong Item,2210.14
301204,9022062,2024-03-12,Changed Mind,2243.03
301205,9022094,2025-03-13,Changed Mind,3240.16
301206,9022102,2024-12-12,Quality Issue,630.85
301207,9022134,2025-09-06,Quality Issue,9236.83
301208,9022169,2024-03-20,Wrong Item,18464.12
301209,9022186,2025-02-24,Damaged,144.3
301210,9022197,2025-03-28,Damaged,1215.01
301211,9022210,2025-07-25,Changed Mind,1038.51
301212,9022233,2024-09-25,Late Delivery,7036.88
301213,9022234,2024-07-22,Quality Issue,1726.65
301214,9022313,2025-02-01,Late Delivery,2424.06
301215,9022321,2025-12-06,Quality Issue,2422.43
301216,9022344,2025-09-19,Wrong Item,1076.73
301217,9022355,2026-01-03,Damaged,562.14
301218,9022366,2025-03-14,Wrong Item,84.15
301219,9022406,2025-09-09,Changed Mind,2797.91
301220,9022435,2024-03-07,Quality Issue,2206.14
301221,9022451,2024-04-14,Late Delivery,4643.16
301222,9022473,2024-08-07,Quality Issue,3214.93
301223,9022475,2024-04-30,Changed Mind,1150.88
301224,9022480,2025-07-31,Damaged,1006.77
301225,9022481,2025-02-10,Changed Mind,757.49
301226,9022488,2024-02-01,Damaged,3279.81
301227,9022492,2024-02-12,Damaged,971.67
301228,9022495,2024-11-26,Damaged,338.15
301229,9022496,2024-10-29,Late Delivery,1318.75
301230,9022500,2026-01-09,Late Delivery,5358.21
301231,9022503,2025-03-11,Changed Mind,424.29
301232,9022554,2025-12-30,Quality Issue,8652.96
301233,9022561,2025-12-21,Late Delivery,3972.56
301234,9022586,2025-12-05,Late Delivery,1585.01
301235,9022589,2025-01-08,Wrong Item,3092.38
301236,9022641,2024-11-15,Late Delivery,1232.62
301237,9022648,2025-06-16,Damaged,1447.21
301238,9022650,2024-03-16,Wrong Item,1484.93
301239,9022690,2024-11-19,Damaged,1086.71
301240,9022716,2024-01-09,Changed Mind,3252.31
301241,9022720,2024-05-10,Late Delivery,1271.52
301242,9022740,2024-10-22,Changed Mind,2036.28
301243,9022765,2024-06-01,Quality Issue,25980.3
301244,9022778,2025-02-26,Changed Mind,2893.16
301245,9022792,2024-10-19,Damaged,3669.04
301246,9022810,2025-12-01,Wrong Item,5057.23
301247,9022814,2025-07-22,Quality Issue,2283.67
301248,9022817,2025-08-23,Changed Mind,791.83
301249,9022827,2024-03-30,Damaged,2582.61
301250,9022838,2025-03-10,Changed Mind,2537.15
301251,9022891,2024-06-15,Late Delivery,1107.22
301252,9022895,2024-02-25,Late Delivery,6214.78
301253,9022898,2025-11-10,Wrong Item,1737.78
301254,9022926,2025-12-24,Late Delivery,8448.73
301255,9022932,2024-05-15,Wrong Item,1531.1
301256,9022950,2025-01-06,Wrong Item,1131.45
301257,9022955,2025-03-07,Wrong Item,3965.34
301258,9022982,2025-06-10,Changed Mind,740.63
301259,9022988,2026-01-01,Damaged,2870.28
301260,9022994,2024-03-12,Changed Mind,1474.69
301261,9022998,2025-06-29,Late Delivery,14013.85
301262,9023011,2025-02-23,Late Delivery,583.0
301263,9023018,2025-04-01,Wrong Item,1954.54
301264,9023052,2024-02-01,Changed Mind,2411.67
301265,9023054,2025-07-10,Changed Mind,332.15
301266,9023076,2024-10-03,Wrong Item,2335.29
301267,9023100,2025-07-24,Late Delivery,2296.2
301268,9023107,2025-03-19,Wrong Item,192.25
301269,9023168,2025-12-19,Late Delivery,1443.14
301270,9023174,2025-11-22,Damaged,16210.64
301271,9023222,2025-11-21,Quality Issue,2041.79
301272,9023234,2025-02-03,Changed Mind,10009.01
301273,9023242,2024-12-06,Damaged,10524.39
301274,9023244,2024-04-30,Changed Mind,1264.43
301275,9023251,2024-12-25,Wrong Item,9212.78
301276,9023263,2024-01-28,Late Delivery,1248.21
301277,9023282,2024-10-11,Damaged,1722.29
301278,9023293,2025-04-23,Changed Mind,2065.95
301279,9023295,2025-08-01,Late Delivery,7319.37
301280,9023308,2024-12-01,Wrong Item,1757.54
301281,9023315,2025-07-11,Wrong Item,7498.71
301282,9023323,2025-04-21,Quality Issue,2870.28
301283,9023365,2024-06-14,Late Delivery,1319.81
301284,9023381,2024-09-07,Damaged,1234.13
301285,9023393,2025-02-14,Damaged,1445.5
301286,9023397,2024-02-10,Wrong Item,363.59
301287,9023402,2024-03-30,Damaged,1003.04
301288,9023409,2024-01-08,Wrong Item,4326.48
301289,9023415,2024-09-05,Quality Issue,2009.23
301290,9023416,2024-03-01,Quality Issue,1076.73
301291,9023419,2024-04-18,Damaged,1318.42
301292,9023423,2024-11-22,Quality Issue,6785.22
301293,9023436,2025-11-30,Damaged,72168.63
301294,9023452,2024-12-27,Wrong Item,1412.8
301295,9023465,2024-10-07,Wrong Item,7285.56
301296,9023505,2025-07-14,Late Delivery,711.6
301297,9023510,2025-12-05,Damaged,1108.91
301298,9023514,2025-01-10,Damaged,2662.06
301299,9023520,2025-05-27,Late Delivery,1082.59
301300,9023634,2024-10-14,Damaged,22853.4
301301,9023658,2024-03-06,Wrong Item,1623.28
301302,9023677,2024-11-25,Wrong Item,4468.06
301303,9023686,2025-03-03,Late Delivery,3533.43
301304,9023710,2025-06-20,Damaged,3654.72
301305,9023711,2024-04-04,Quality Issue,14250.25
301306,9023736,2025-01-25,Changed Mind,735.07
301307,9023746,2025-01-22,Quality Issue,2605.16
301308,9023757,2024-07-29,Changed Mind,940.17
301309,9023782,2024-04-23,Damaged,709.49
301310,9023799,2024-06-22,Wrong Item,1868.18
301311,9023809,2025-01-24,Late Delivery,3297.1
301312,9023810,2024-02-09,Quality Issue,949.4
301313,9023839,2024-08-23,Changed Mind,3443.25
301314,9023863,2024-10-31,Late Delivery,946.87
301315,9023874,2025-07-28,Quality Issue,885.78
301316,9023895,2024-09-02,Late Delivery,752.84
301317,9023901,2024-04-15,Damaged,1839.03
301318,9023912,2024-10-02,Damaged,1605.71
301319,9023923,2025-10-09,Late Delivery,1365.12
301320,9023938,2025-01-29,Quality Issue,1219.96
301321,9023964,2025-08-15,Quality Issue,67935.08
301322,9023992,2024-03-06,Changed Mind,461.06
301323,9023995,2025-04-29,Wrong Item,4381.66
301324,9024001,2025-10-09,Changed Mind,1942.82
301325,9024025,2025-02-19,Changed Mind,2335.29
301326,9024037,2025-06-22,Quality Issue,727.52
301327,9024065,2025-12-13,Damaged,582.27
301328,9024091,2025-11-15,Late Delivery,1367.3
301329,9024105,2025-12-10,Changed Mind,1209.35
301330,9024114,2025-11-03,Changed Mind,1136.54
301331,9024147,2024-02-25,Late Delivery,1689.98
301332,9024155,2025-07-02,Wrong Item,17226.95
301333,9024158,2025-06-16,Quality Issue,18023.87
301334,9024177,2025-03-18,Changed Mind,8771.65
301335,9024203,2025-06-17,Damaged,1578.37
301336,9024289,2025-06-18,Late Delivery,18017.8
301337,9024291,2025-04-04,Wrong Item,1536.53
301338,9024296,2024-06-25,Changed Mind,848.07
301339,9024313,2025-07-28,Late Delivery,13957.25
301340,9024314,2025-02-22,Damaged,966.15
301341,9024315,2024-03-31,Wrong Item,77585.78
301342,9024320,2025-10-17,Late Delivery,1028.65
301343,9024325,2025-05-29,Late Delivery,3466.85
301344,9024334,2025-05-26,Wrong Item,11065.3
301345,9024335,2024-12-06,Late Delivery,4458.78
301346,9024370,2024-10-26,Damaged,789.77
301347,9024387,2024-01-26,Quality Issue,1260.6
301348,9024399,2024-11-18,Late Delivery,1235.07
301349,9024410,2024-10-17,Late Delivery,841.66
301350,9024432,2025-10-12,Changed Mind,737.99
301351,9024452,2024-07-09,Wrong Item,490.41
301352,9024462,2024-07-01,Changed Mind,735.79
301353,9024477,2024-06-11,Late Delivery,158.47
301354,9024482,2025-02-09,Late Delivery,2197.73
301355,9024492,2024-08-29,Changed Mind,595.86
301356,9024495,2025-01-08,Late Delivery,8675.08
301357,9024500,2025-01-10,Late Delivery,2104.64
301358,9024522,2024-11-24,Late Delivery,389.25
301359,9024524,2025-03-09,Wrong Item,223.75
301360,9024531,2025-03-21,Changed Mind,588.89
301361,9024573,2025-11-05,Changed Mind,3831.0
301362,9024578,2024-02-23,Wrong Item,377.16
301363,9024582,2024-01-30,Quality Issue,25954.09
301364,9024586,2024-05-30,Wrong Item,8725.27
301365,9024608,2024-06-18,Wrong Item,1636.88
301366,9024638,2024-08-08,Damaged,3161.59
301367,9024668,2025-09-23,Late Delivery,23899.52
301368,9024676,2025-10-16,Changed Mind,875.92
301369,9024682,2025-07-29,Changed Mind,824.58
301370,9024716,2024-05-30,Late Delivery,663.02
301371,9024720,2025-04-10,Quality Issue,4372.21
301372,9024725,2025-10-20,Damaged,63899.58
301373,9024733,2024-09-09,Wrong Item,2192.51
301374,9024735,2024-03-17,Late Delivery,1416.42
301375,9024740,2025-05-28,Changed Mind,423.85
301376,9024753,2024-12-28,Changed Mind,148.5
301377,9024758,2024-03-02,Late Delivery,61547.07
301378,9024761,2025-05-15,Late Delivery,566.98
301379,9024764,2024-04-21,Damaged,1355.13
301380,9024765,2024-03-29,Late Delivery,2518.09
301381,9024768,2025-12-18,Late Delivery,5396.25
301382,9024785,2025-09-28,Quality Issue,288.08
301383,9024786,2025-03-20,Late Delivery,2910.17
301384,9024795,2024-11-08,Damaged,418.37
301385,9024808,2025-06-28,Changed Mind,2751.08
301386,9024832,2025-09-15,Changed Mind,1222.97
301387,9024868,2024-10-19,Late Delivery,344.37
301388,9024904,2024-06-18,Quality Issue,1948.69
301389,9024906,2025-03-26,Changed Mind,1533.2
301390,9024911,2025-03-24,Late Delivery,4584.6
301391,9024921,2025-12-14,Changed Mind,813.46
301392,9024925,2026-01-11,Quality Issue,9707.9
301393,9024947,2024-08-14,Late Delivery,725.4
301394,9024965,2025-05-18,Late Delivery,1261.67
301395,9025009,2024-01-26,Damaged,801.84
301396,9025015,2025-06-15,Late Delivery,358.3
301397,9025028,2025-12-09,Late Delivery,2349.6
301398,9025044,2024-02-20,Late Delivery,2166.03
301399,9025046,2025-06-23,Late Delivery,4611.25
301400,9025060,2025-09-16,Changed Mind,64031.09
301401,9025075,2026-01-06,Late Delivery,4567.76
301402,9025084,2024-03-05,Late Delivery,2370.98
301403,9025101,2025-02-05,Wrong Item,5521.41
301404,9025122,2024-10-29,Wrong Item,571.33
301405,9025123,2024-01-20,Late Delivery,339.38
301406,9025134,2025-06-08,Changed Mind,38145.73
301407,9025172,2025-04-20,Quality Issue,15176.71
301408,9025196,2024-11-27,Changed Mind,2919.55
301409,9025238,2024-11-28,Quality Issue,2118.42
301410,9025243,2024-03-30,Quality Issue,2856.78
301411,9025259,2024-04-03,Damaged,2304.99
301412,9025293,2024-12-15,Changed Mind,7471.5
301413,9025326,2024-11-02,Changed Mind,1117.06
301414,9025329,2024-01-12,Wrong Item,3199.06
301415,9025375,2025-07-08,Damaged,4895.48
301416,9025411,2024-07-01,Quality Issue,2172.36
301417,9025455,2025-10-31,Quality Issue,1607.46
301418,9025469,2025-11-05,Damaged,1973.33
301419,9025484,2025-01-30,Late Delivery,120.85
301420,9025499,2024-07-19,Changed Mind,2733.14
301421,9025526,2024-09-18,Wrong Item,2680.08
301422,9025569,2025-11-17,Changed Mind,2026.14
301423,9025574,2025-04-27,Late Delivery,1653.42
301424,9025603,2025-06-14,Late Delivery,2307.66
301425,9025606,2025-01-10,Changed Mind,981.85
301426,9025664,2025-02-21,Wrong Item,3182.16
301427,9025747,2024-06-23,Damaged,1163.55
301428,9025787,2025-12-04,Late Delivery,2477.55
301429,9025797,2024-04-28,Damaged,433.94
301430,9025814,2024-05-09,Changed Mind,430.24
301431,9025818,2025-04-04,Damaged,15156.58
301432,9025831,2025-10-11,Damaged,5087.34
301433,9025846,2025-01-02,Quality Issue,22430.31
301434,9025869,2025-06-28,Quality Issue,84.15
301435,9025871,2024-06-19,Damaged,516.24
301436,9025979,2025-12-19,Damaged,11080.43
301437,9025996,2026-01-02,Wrong Item,2348.07
301438,9026050,2025-04-20,Late Delivery,725.38
301439,9026088,2025-03-15,Wrong Item,1654.04
301440,9026140,2024-07-03,Changed Mind,3415.86
301441,9026175,2024-06-02,Late Delivery,4902.46
301442,9026234,2025-04-05,Late Delivery,473.88
301443,9026349,2025-06-23,Quality Issue,1974.42
301444,9026376,2024-08-04,Late Delivery,799.07
301445,9026391,2024-06-06,Late Delivery,976.7
301446,9026420,2025-10-24,Changed Mind,7956.03
301447,9026437,2024-07-12,Wrong Item,927.1
301448,9026438,2025-07-17,Damaged,637.13
301449,9026440,2025-12-13,Late Delivery,504.05
301450,9026463,2024-01-08,Wrong Item,1145.17
301451,9026479,2024-05-11,Changed Mind,422.8
301452,9026497,2024-12-12,Quality Issue,1297.78
301453,9026549,2025-06-01,Changed Mind,1157.38
301454,9026553,2025-03-14,Damaged,5967.41
301455,9026573,2024-04-04,Wrong Item,350.95
301456,9026577,2025-11-11,Quality Issue,6963.18
301457,9026583,2025-03-01,Damaged,2626.25
301458,9026603,2025-07-20,Late Delivery,543.02
301459,9026634,2024-03-05,Quality Issue,3160.61
301460,9026636,2025-03-21,Late Delivery,1092.52
301461,9026646,2024-07-10,Wrong Item,5110.38
301462,9026653,2025-04-02,Damaged,2773.68
301463,9026686,2025-09-17,Damaged,6094.38
301464,9026765,2024-10-30,Wrong Item,1719.84
301465,9026768,2025-04-26,Changed Mind,1276.53
301466,9026773,2025-07-04,Damaged,1492.3
301467,9026792,2025-03-13,Quality Issue,1598.6
301468,9026885,2024-11-15,Damaged,158.47
301469,9026889,2025-10-31,Changed Mind,415.14
301470,9026898,2025-04-23,Damaged,23527.18
301471,9026911,2024-01-23,Quality Issue,11030.63
301472,9026934,2024-08-09,Late Delivery,453.78
301473,9026959,2025-12-17,Damaged,640.82
301474,9027015,2025-10-24,Changed Mind,1545.77
301475,9027029,2025-12-02,Late Delivery,5360.16
301476,9027044,2025-01-14,Changed Mind,919.73
301477,9027047,2024-04-08,Wrong Item,1601.28
301478,9027057,2025-08-07,Damaged,998.84
301479,9027066,2025-05-29,Wrong Item,506.95
301480,9027093,2025-01-07,Wrong Item,1226.86
301481,9027094,2024-05-28,Late Delivery,6228.18
301482,9027104,2024-07-11,Quality Issue,994.57
301483,9027105,2024-01-22,Changed Mind,4830.8
301484,9027110,2024-01-12,Changed Mind,1551.89
301485,9027154,2024-04-17,Quality Issue,7784.06
301486,9027183,2024-01-30,Wrong Item,1432.0
301487,9027208,2025-03-24,Quality Issue,838.38
301488,9027216,2025-04-24,Wrong Item,36138.06
301489,9027302,2025-10-09,Changed Mind,983.34
301490,9027402,2024-04-16,Quality Issue,1718.84
301491,9027412,2024-05-12,Late Delivery,1665.76
301492,9027468,2024-01-27,Damaged,1036.21
301493,9027488,2025-08-24,Late Delivery,1590.64
301494,9027490,2025-04-25,Changed Mind,4521.54
301495,9027491,2025-12-10,Wrong Item,1850.84
301496,9027523,2026-01-18,Changed Mind,377.29
301497,9027580,2024-03-13,Changed Mind,2408.13
301498,9027597,2025-10-04,Quality Issue,1581.64
301499,9027612,2024-05-25,Damaged,231.81
301500,9027616,2024-06-10,Quality Issue,762.12
301501,9027619,2024-06-03,Quality Issue,3950.76
301502,9027620,2025-12-06,Damaged,6104.88
301503,9027633,2024-03-23,Late Delivery,3856.65
301504,9027643,2025-10-18,Damaged,30796.93
301505,9027663,2025-07-26,Wrong Item,1033.01
301506,9027700,2024-09-24,Quality Issue,2920.03
301507,9027733,2025-12-29,Late Delivery,1232.89
301508,9027737,2024-01-23,Damaged,174.48
301509,9027764,2024-02-08,Damaged,3885.41
301510,9027766,2024-12-07,Wrong Item,6376.94
301511,9027776,2025-09-15,Late Delivery,4736.43
301512,9027789,2024-07-27,Damaged,2316.42
301513,9027791,2024-10-14,Quality Issue,2369.62
301514,9027794,2025-05-03,Changed Mind,1166.37
301515,9027821,2024-03-23,Late Delivery,1578.1
301516,9027832,2024-08-14,Late Delivery,1624.52
301517,9027847,2025-07-27,Changed Mind,975.68
301518,9027864,2025-12-21,Quality Issue,703.48
301519,9027917,2024-04-22,Changed Mind,13370.07
301520,9027933,2025-11-03,Wrong Item,2763.45
301521,9027941,2024-03-02,Quality Issue,3102.08
301522,9027945,2024-08-26,Damaged,998.2
301523,9027951,2025-04-21,Damaged,799.3
301524,9027957,2024-02-09,Quality Issue,792.82
301525,9027961,2024-04-07,Damaged,946.05
301526,9027977,2025-03-20,Late Delivery,6983.72
301527,9027983,2025-01-11,Changed Mind,1698.75
301528,9027986,2024-10-06,Wrong Item,1275.07
301529,9028008,2024-10-31,Wrong Item,1640.68
301530,9028010,2025-08-20,Changed Mind,4583.84
301531,9028011,2025-10-27,Wrong Item,1262.34
301532,9028022,2024-11-17,Quality Issue,6622.72
301533,9028027,2025-06-24,Changed Mind,657.75
301534,9028028,2024-04-02,Late Delivery,377.84
301535,9028031,2024-09-13,Late Delivery,2346.5
301536,9028041,2025-03-17,Quality Issue,930.18
301537,9028044,2024-03-15,Wrong Item,8042.51
301538,9028084,2024-04-13,Damaged,901.82
301539,9028103,2025-02-11,Quality Issue,789.68
301540,9028118,2025-03-11,Changed Mind,375.58
301541,9028142,2024-10-19,Quality Issue,1054.75
301542,9028208,2024-05-19,Wrong Item,2036.8
301543,9028215,2025-04-29,Damaged,10820.64
301544,9028227,2025-08-02,Wrong Item,631.82
301545,9028244,2024-10-17,Wrong Item,13377.2
301546,9028257,2025-08-31,Damaged,4005.31
301547,9028259,2025-11-28,Late Delivery,1620.24
301548,9028271,2025-02-23,Changed Mind,1727.98
301549,9028306,2025-07-25,Damaged,12238.9
301550,9028307,2024-06-18,Quality Issue,26280.08
301551,9028321,2024-02-21,Changed Mind,1004.97
301552,9028333,2025-02-04,Changed Mind,3272.68
301553,9028343,2025-10-28,Late Delivery,446.01
301554,9028360,2024-02-26,Damaged,864.37
301555,9028362,2024-12-22,Changed Mind,22641.65
301556,9028374,2025-04-18,Changed Mind,1788.52
301557,9028376,2024-04-15,Quality Issue,907.04
301558,9028379,2025-09-28,Changed Mind,918.44
301559,9028408,2024-09-15,Changed Mind,2047.9
301560,9028419,2024-09-15,Changed Mind,922.02
301561,9028429,2025-05-16,Changed Mind,4219.56
301562,9028509,2025-04-05,Changed Mind,6336.55
301563,9028545,2024-12-09,Damaged,875.42
301564,9028651,2024-08-25,Changed Mind,3888.92
301565,9028662,2024-09-15,Damaged,681.98
301566,9028685,2025-05-10,Quality Issue,1079.13
301567,9028690,2025-06-03,Changed Mind,868.01
301568,9028695,2025-01-26,Wrong Item,2425.88
301569,9028720,2024-11-06,Late Delivery,3822.63
301570,9028727,2024-01-23,Changed Mind,1787.22
301571,9028728,2025-12-05,Quality Issue,1543.17
301572,9028733,2024-02-17,Late Delivery,2717.55
301573,9028778,2025-12-08,Damaged,2400.06
301574,9028791,2025-12-12,Wrong Item,2491.95
301575,9028797,2025-04-04,Changed Mind,1782.54
301576,9028810,2025-03-08,Wrong Item,7442.03
301577,9028814,2025-05-30,Late Delivery,610.81
301578,9028817,2025-04-24,Changed Mind,1355.98
301579,9028822,2024-08-28,Late Delivery,302.61
301580,9028854,2025-12-17,Changed Mind,768.43
301581,9028869,2025-06-22,Wrong Item,28803.06
301582,9028894,2025-02-09,Late Delivery,2258.78
301583,9028898,2025-03-13,Late Delivery,6511.13
301584,9028899,2025-09-30,Quality Issue,9234.99
301585,9028908,2024-10-20,Changed Mind,918.82
301586,9028913,2024-08-03,Wrong Item,2495.72
301587,9028978,2024-06-22,Damaged,735.63
301588,9028997,2025-10-26,Damaged,5318.46
301589,9029000,2024-11-21,Damaged,3447.9
301590,9029013,2025-02-15,Wrong Item,1636.39
301591,9029030,2025-09-28,Quality Issue,2526.38
301592,9029051,2025-09-07,Damaged,2867.76
301593,9029084,2025-05-27,Changed Mind,5646.74
301594,9029138,2025-06-04,Quality Issue,11585.8
301595,9029154,2024-06-15,Changed Mind,9178.52
301596,9029160,2025-03-12,Changed Mind,9060.54
301597,9029161,2025-09-30,Changed Mind,41031.38
301598,9029162,2025-12-02,Damaged,7471.5
301599,9029168,2024-01-15,Quality Issue,4025.97
301600,9029175,2024-02-18,Damaged,403.86
301601,9029184,2025-12-07,Wrong Item,676.18
301602,9029195,2025-08-06,Damaged,757.14
301603,9029223,2025-10-16,Quality Issue,1178.09
301604,9029238,2025-08-03,Damaged,281.28
301605,9029282,2025-11-30,Changed Mind,2265.68
301606,9029284,2025-06-19,Late Delivery,14666.86
301607,9029300,2024-01-20,Late Delivery,8472.26
301608,9029320,2025-03-09,Late Delivery,822.06
301609,9029337,2025-12-26,Late Delivery,55767.87
301610,9029351,2024-01-31,Quality Issue,4831.59
301611,9029361,2024-12-15,Changed Mind,1941.11
301612,9029371,2025-09-02,Damaged,8430.89
301613,9029423,2024-09-24,Quality Issue,903.4
301614,9029431,2025-04-28,Changed Mind,628.13
301615,9029436,2025-01-04,Changed Mind,23440.07
301616,9029449,2025-12-23,Late Delivery,1108.66
301617,9029453,2024-08-17,Quality Issue,15277.18
301618,9029470,2024-11-17,Wrong Item,10212.33
301619,9029496,2024-08-05,Quality Issue,7327.53
301620,9029500,2025-10-30,Changed Mind,7714.5
301621,9029515,2025-07-27,Wrong Item,9702.26
301622,9029553,2025-07-31,Wrong Item,5835.6
301623,9029581,2024-03-10,Damaged,1829.09
301624,9029663,2024-05-12,Damaged,3046.76
301625,9029669,2024-05-01,Changed Mind,2018.98
301626,9029691,2025-07-06,Wrong Item,2880.77
301627,9029708,2024-11-22,Wrong Item,10403.06
301628,9029710,2024-06-26,Wrong Item,1935.38
301629,9029717,2025-01-22,Wrong Item,1615.56
301630,9029749,2026-01-01,Changed Mind,915.38
301631,9029756,2024-02-18,Wrong Item,614.55
301632,9029777,2024-10-02,Wrong Item,595.88
301633,9029848,2024-04-25,Quality Issue,972.92
301634,9029852,2024-02-09,Wrong Item,470.57
301635,9029881,2025-04-07,Damaged,392.56
301636,9029884,2025-04-11,Late Delivery,432.14
301637,9029901,2024-02-12,Late Delivery,6795.53
301638,9029910,2024-01-28,Late Delivery,2170.96
301639,9029919,2025-08-04,Late Delivery,3624.0
301640,9029950,2024-10-17,Damaged,1164.8
301641,9029954,2024-03-11,Quality Issue,21410.99
301642,9029961,2024-03-31,Quality Issue,1200.03
301643,9029992,2024-09-29,Quality Issue,230.21
301644,9030006,2024-02-04,Damaged,1519.05
301645,9030015,2025-04-10,Wrong Item,1538.64
301646,9030031,2024-04-27,Quality Issue,453.07
301647,9030037,2024-03-29,Changed Mind,630.84
301648,9030043,2024-03-22,Wrong Item,4661.7
301649,9030073,2025-12-13,Changed Mind,1978.07
301650,9030097,2025-12-20,Late Delivery,13254.56
301651,9030119,2024-08-17,Late Delivery,2904.62
301652,9030161,2024-08-26,Wrong Item,655.82
301653,9030166,2024-02-22,Late Delivery,3524.84
301654,9030179,2025-08-22,Changed Mind,1825.12
301655,9030185,2025-03-25,Quality Issue,145.06
301656,9030197,2025-07-08,Damaged,8776.29
301657,9030234,2024-04-02,Changed Mind,12263.8
301658,9030257,2025-02-11,Wrong Item,2564.08
301659,9030264,2025-12-24,Quality Issue,3899.31
301660,9030268,2025-01-29,Wrong Item,3192.7
301661,9030279,2025-10-28,Damaged,12045.82
301662,9030285,2024-10-30,Quality Issue,1373.63
301663,9030289,2025-05-25,Late Delivery,557.45
301664,9030298,2025-02-21,Wrong Item,1741.52
301665,9030338,2024-12-29,Quality Issue,2444.34
301666,9030339,2025-08-28,Late Delivery,2134.31
301667,9030359,2025-08-27,Wrong Item,1091.21
301668,9030368,2025-11-12,Quality Issue,1164.8
301669,9030389,2026-01-11,Wrong Item,611.7
301670,9030395,2024-12-05,Wrong Item,1167.9
301671,9030437,2025-03-30,Wrong Item,1709.54
301672,9030462,2025-03-25,Changed Mind,1382.85
301673,9030467,2025-02-03,Wrong Item,1259.63
301674,9030483,2025-10-10,Damaged,383.85
301675,9030491,2025-12-30,Changed Mind,2665.08
301676,9030498,2025-08-25,Late Delivery,593.17
301677,9030541,2024-04-23,Quality Issue,38218.16
301678,9030543,2025-07-10,Changed Mind,1158.96
301679,9030580,2025-10-01,Late Delivery,29517.6
301680,9030590,2025-03-26,Damaged,576.37
301681,9030606,2024-12-26,Changed Mind,3633.45
301682,9030651,2025-03-18,Wrong Item,1419.26
301683,9030659,2025-04-16,Damaged,2088.69
301684,9030700,2025-11-03,Wrong Item,913.83
301685,9030756,2024-03-14,Wrong Item,1728.41
301686,9030785,2025-09-07,Wrong Item,397.69
301687,9030787,2025-12-21,Wrong Item,10679.55
301688,9030795,2025-04-25,Changed Mind,1580.59
301689,9030802,2024-07-19,Late Delivery,2751.08
301690,9030872,2025-05-31,Changed Mind,1374.25
301691,9030919,2024-06-01,Wrong Item,26264.11
301692,9030951,2025-11-08,Changed Mind,546.26
301693,9030975,2024-02-27,Changed Mind,33816.38
301694,9030980,2024-05-31,Late Delivery,18281.66
301695,9030990,2025-06-13,Quality Issue,5741.43
301696,9030993,2024-03-05,Changed Mind,1399.51
301697,9031004,2024-04-13,Changed Mind,94.05
301698,9031064,2025-01-07,Late Delivery,4475.77
301699,9031082,2025-07-27,Late Delivery,42048.25
301700,9031094,2025-09-13,Quality Issue,3864.84
301701,9031095,2024-01-26,Changed Mind,3824.0
301702,9031113,2024-10-17,Quality Issue,2605.16
301703,9031173,2024-08-19,Changed Mind,1522.96
301704,9031216,2024-01-31,Damaged,729.3
301705,9031219,2024-05-26,Quality Issue,1104.72
301706,9031223,2025-01-18,Changed Mind,151.64
301707,9031259,2024-08-27,Changed Mind,4275.52
301708,9031285,2025-06-04,Changed Mind,1561.03
301709,9031293,2024-07-20,Quality Issue,2987.65
301710,9031350,2025-06-20,Changed Mind,1097.43
301711,9031392,2025-09-15,Changed Mind,622.75
301712,9031399,2025-05-15,Late Delivery,2129.5
301713,9031405,2025-02-26,Damaged,152.31
301714,9031410,2025-02-18,Changed Mind,2391.38
301715,9031471,2025-11-12,Quality Issue,7275.42
301716,9031477,2024-08-04,Late Delivery,1416.79
301717,9031492,2025-06-22,Changed Mind,5934.3
301718,9031498,2024-07-16,Quality Issue,673.35
301719,9031509,2024-03-21,Changed Mind,1193.48
301720,9031520,2024-12-27,Late Delivery,3036.41
301721,9031522,2025-01-24,Quality Issue,2065.24
301722,9031525,2024-07-06,Wrong Item,301.31
301723,9031543,2025-09-29,Damaged,1091.04
301724,9031559,2025-08-08,Wrong Item,1278.15
301725,9031563,2024-04-01,Late Delivery,13377.2
301726,9031576,2024-06-29,Quality Issue,320.7
301727,9031582,2024-12-27,Quality Issue,780.37
301728,9031590,2025-10-20,Wrong Item,2869.17
301729,9031592,2024-09-27,Late Delivery,757.67
301730,9031604,2025-09-04,Late Delivery,1577.39
301731,9031622,2024-02-17,Damaged,4395.72
301732,9031627,2025-07-24,Quality Issue,6746.18
301733,9031643,2024-07-11,Quality Issue,4063.4
301734,9031650,2024-04-02,Damaged,4379.46
301735,9031694,2024-08-25,Damaged,584.21
301736,9031739,2025-10-30,Quality Issue,863.3
301737,9031751,2025-12-08,Damaged,1241.0
301738,9031770,2024-07-08,Late Delivery,1415.81
301739,9031789,2024-08-04,Late Delivery,1292.17
301740,9031800,2024-02-26,Changed Mind,9346.64
301741,9031867,2025-12-20,Damaged,2361.69
301742,9031881,2024-01-23,Changed Mind,2037.62
301743,9031888,2025-03-11,Changed Mind,3296.79
301744,9031893,2025-11-13,Changed Mind,989.7
301745,9031900,2024-04-13,Damaged,3921.32
301746,9031902,2024-09-24,Wrong Item,417.82
301747,9031926,2024-05-27,Late Delivery,1315.3
301748,9031928,2025-04-05,Changed Mind,2988.11
301749,9031931,2024-09-08,Changed Mind,922.89
301750,9031987,2024-02-27,Late Delivery,2807.38
301751,9032006,2025-07-13,Late Delivery,1376.21
301752,9032014,2024-01-18,Changed Mind,2263.28
301753,9032024,2024-10-25,Late Delivery,715.46
301754,9032030,2024-06-09,Changed Mind,1725.42
301755,9032031,2024-08-17,Damaged,8609.5
301756,9032058,2024-10-05,Wrong Item,820.34
301757,9032059,2025-07-16,Wrong Item,6526.16
301758,9032065,2025-09-15,Late Delivery,3484.84
301759,9032070,2025-07-16,Damaged,12075.78
301760,9032074,2024-09-07,Quality Issue,2350.85
301761,9032104,2025-02-03,Late Delivery,500.4
301762,9032127,2024-05-18,Quality Issue,2444.36
301763,9032169,2025-09-29,Quality Issue,288.46
301764,9032190,2024-12-08,Changed Mind,620.59
301765,9032218,2025-12-29,Quality Issue,753.46
301766,9032221,2025-01-29,Damaged,720.38
301767,9032228,2025-09-11,Wrong Item,1814.02
301768,9032231,2024-04-02,Damaged,656.49
301769,9032238,2024-08-04,Late Delivery,18153.63
301770,9032255,2025-01-11,Damaged,3150.74
301771,9032263,2024-06-07,Late Delivery,11553.06
301772,9032274,2025-12-29,Quality Issue,31196.53
301773,9032289,2025-11-04,Changed Mind,92946.45
301774,9032305,2024-10-21,Quality Issue,8308.13
301775,9032311,2025-07-03,Damaged,1387.99
301776,9032347,2025-10-19,Wrong Item,39245.39
301777,9032364,2024-01-29,Damaged,3466.85
301778,9032367,2024-01-20,Changed Mind,2182.42
301779,9032373,2024-12-27,Late Delivery,2339.59
301780,9032374,2025-11-12,Wrong Item,4277.72
301781,9032416,2025-05-30,Damaged,3567.58
301782,9032417,2024-02-28,Changed Mind,1535.2
301783,9032434,2024-12-08,Damaged,31214.3
301784,9032435,2025-09-02,Damaged,18213.1
301785,9032450,2025-10-10,Wrong Item,825.24
301786,9032458,2024-08-18,Damaged,5843.07
301787,9032460,2024-08-16,Quality Issue,31403.81
301788,9032485,2024-11-15,Late Delivery,282.86
301789,9032491,2025-07-27,Wrong Item,759.53
301790,9032520,2024-03-15,Wrong Item,117635.89
301791,9032564,2024-06-10,Late Delivery,218.03
301792,9032578,2024-07-03,Damaged,472.64
301793,9032595,2025-01-26,Damaged,314.42
301794,9032599,2025-01-09,Changed Mind,1481.68
301795,9032606,2024-11-01,Damaged,498.55
301796,9032620,2025-07-08,Damaged,4573.87
301797,9032622,2025-06-28,Late Delivery,32516.26
301798,9032647,2025-02-19,Changed Mind,1119.76
301799,9032651,2024-05-05,Late Delivery,4841.74
301800,9032662,2024-10-10,Wrong Item,17164.21
301801,9032678,2024-06-22,Changed Mind,6175.36
301802,9032688,2025-07-28,Quality Issue,1559.93
301803,9032706,2025-02-26,Wrong Item,3221.42
301804,9032734,2025-10-30,Changed Mind,6497.23
301805,9032743,2025-03-12,Damaged,2564.36
301806,9032776,2024-02-07,Late Delivery,1033.53
301807,9032791,2025-06-03,Quality Issue,222.38
301808,9032813,2024-04-01,Late Delivery,3145.8
301809,9032819,2025-06-15,Quality Issue,9968.7
301810,9032836,2024-01-15,Quality Issue,671.08
301811,9032857,2025-01-01,Damaged,3028.84
301812,9032866,2024-12-06,Wrong Item,3242.98
301813,9032890,2025-06-07,Changed Mind,657.39
301814,9032949,2025-11-17,Wrong Item,648.52
301815,9032951,2025-03-28,Quality Issue,450.83
301816,9032958,2025-11-07,Changed Mind,3829.58
301817,9032959,2024-09-19,Damaged,3355.22
301818,9032967,2024-01-27,Quality Issue,497.52
301819,9032974,2025-01-17,Changed Mind,21418.55
301820,9033019,2025-09-14,Wrong Item,596.22
301821,9033021,2024-02-25,Late Delivery,2012.75
301822,9033032,2024-06-21,Damaged,17719.57
301823,9033059,2025-11-01,Damaged,16908.19
301824,9033090,2025-12-25,Late Delivery,673.07
301825,9033105,2025-07-31,Quality Issue,315.67
301826,9033123,2024-09-23,Wrong Item,411.66
301827,9033146,2024-08-06,Late Delivery,59494.4
301828,9033148,2025-02-08,Quality Issue,13786.5
301829,9033180,2024-05-26,Quality Issue,2563.27
301830,9033187,2025-01-14,Quality Issue,2022.3
301831,9033224,2024-02-26,Quality Issue,1667.45
301832,9033233,2025-08-04,Damaged,274.66
301833,9033236,2024-07-13,Wrong Item,1750.83
301834,9033252,2025-02-07,Changed Mind,3028.47
301835,9033287,2025-09-06,Quality Issue,750.04
301836,9033289,2024-01-16,Wrong Item,371.61
301837,9033319,2025-03-13,Wrong Item,1897.8
301838,9033335,2024-04-16,Changed Mind,9111.3
301839,9033338,2024-02-28,Changed Mind,377.93
301840,9033345,2025-12-19,Damaged,35696.73
301841,9033365,2025-09-28,Damaged,988.74
301842,9033403,2025-02-19,Late Delivery,2553.74
301843,9033423,2024-10-12,Late Delivery,642.85
301844,9033430,2024-02-02,Changed Mind,1289.35
301845,9033445,2025-03-14,Wrong Item,4466.0
301846,9033453,2025-05-19,Changed Mind,834.78
301847,9033454,2025-01-20,Damaged,3942.27
301848,9033497,2024-10-02,Late Delivery,644.44
301849,9033528,2024-09-27,Damaged,5447.32
301850,9033551,2025-02-14,Quality Issue,59073.6
301851,9033611,2024-12-27,Late Delivery,2295.5
301852,9033615,2025-03-14,Wrong Item,3852.05
301853,9033632,2024-11-26,Changed Mind,1556.25
301854,9033681,2025-04-15,Quality Issue,1488.02
301855,9033698,2024-10-15,Changed Mind,2331.89
301856,9033712,2025-11-20,Damaged,511.73
301857,9033729,2024-04-21,Quality Issue,14683.86
301858,9033749,2025-04-26,Wrong Item,353.04
301859,9033752,2025-03-12,Quality Issue,364.08
301860,9033753,2024-03-04,Damaged,5916.58
301861,9033771,2025-01-17,Wrong Item,2794.71
301862,9033820,2024-07-29,Changed Mind,1087.09
301863,9033847,2024-09-14,Damaged,1803.64
301864,9033894,2025-01-23,Changed Mind,1792.35
301865,9033955,2024-01-31,Wrong Item,1942.42
301866,9033961,2025-05-09,Late Delivery,12056.11
301867,9033980,2025-01-17,Damaged,803.94
301868,9033998,2025-01-23,Wrong Item,2132.14
301869,9034002,2024-04-07,Wrong Item,1142.22
301870,9034028,2025-07-13,Late Delivery,2518.08
301871,9034045,2025-11-17,Quality Issue,1392.44
301872,9034053,2024-05-15,Changed Mind,2134.81
301873,9034074,2024-06-01,Late Delivery,1189.38
301874,9034104,2024-11-22,Wrong Item,2042.67
301875,9034161,2025-05-11,Late Delivery,864.05
301876,9034177,2024-08-03,Changed Mind,700.94
301877,9034209,2025-02-17,Damaged,10030.44
301878,9034215,2025-09-11,Damaged,3852.77
301879,9034228,2024-09-20,Late Delivery,23266.53
301880,9034231,2024-02-07,Wrong Item,2512.43
301881,9034232,2024-06-28,Changed Mind,978.4
301882,9034252,2024-11-26,Quality Issue,496.17
301883,9034264,2024-03-03,Wrong Item,12982.81
301884,9034273,2025-01-18,Wrong Item,6370.08
301885,9034278,2024-02-18,Late Delivery,1260.19
301886,9034296,2024-09-30,Changed Mind,967.31
301887,9034301,2024-04-14,Changed Mind,3881.75
301888,9034307,2025-02-18,Damaged,2626.18
301889,9034318,2025-03-30,Damaged,408.43
301890,9034335,2024-11-07,Changed Mind,906.09
301891,9034337,2025-07-01,Quality Issue,248.8
301892,9034371,2024-11-29,Damaged,5925.89
301893,9034379,2024-03-10,Late Delivery,882.55
301894,9034393,2025-09-06,Quality Issue,3466.03
301895,9034395,2025-07-29,Wrong Item,800.07
301896,9034461,2024-01-27,Changed Mind,821.06
301897,9034487,2025-04-10,Late Delivery,3658.45
301898,9034497,2025-08-23,Wrong Item,859.92
301899,9034526,2025-05-23,Changed Mind,37114.72
301900,9034534,2024-09-06,Wrong Item,492.77
301901,9034551,2024-02-12,Late Delivery,1832.49
301902,9034562,2025-11-18,Late Delivery,3311.53
301903,9034563,2025-05-29,Wrong Item,1709.76
301904,9034586,2025-10-31,Changed Mind,42890.59
301905,9034592,2024-03-24,Late Delivery,1501.65
301906,9034611,2025-05-04,Damaged,290.11
301907,9034616,2025-06-12,Late Delivery,374.06
301908,9034621,2024-01-26,Changed Mind,2951.26
301909,9034644,2024-12-04,Quality Issue,445.45
301910,9034648,2025-09-11,Wrong Item,1784.33
301911,9034667,2024-05-16,Late Delivery,25058.66
301912,9034670,2025-08-27,Damaged,740.9
301913,9034683,2025-03-29,Damaged,2437.55
301914,9034704,2025-02-19,Changed Mind,3272.67
301915,9034705,2024-04-28,Wrong Item,2031.59
301916,9034731,2024-10-13,Changed Mind,1687.72
301917,9034741,2024-09-22,Late Delivery,3507.41
301918,9034785,2025-03-30,Damaged,4861.49
301919,9034799,2024-12-20,Quality Issue,2741.76
301920,9034841,2025-07-26,Wrong Item,2240.44
301921,9034846,2025-07-19,Changed Mind,282.87
301922,9034866,2024-10-25,Late Delivery,6093.04
301923,9034876,2025-05-06,Changed Mind,2684.51
301924,9034927,2025-02-07,Late Delivery,749.13
301925,9034988,2025-08-16,Damaged,794.5
301926,9034997,2024-02-02,Damaged,506.16
301927,9035016,2024-10-03,Damaged,361.09
301928,9035035,2025-09-25,Late Delivery,326.01
301929,9035039,2025-05-05,Damaged,1179.95
301930,9035086,2024-04-19,Wrong Item,1414.0
301931,9035106,2024-03-10,Damaged,1031.71
301932,9035124,2025-08-09,Changed Mind,4111.02
301933,9035142,2024-03-14,Quality Issue,384.73
301934,9035149,2024-07-16,Changed Mind,1585.01
301935,9035150,2024-07-30,Damaged,5475.68
301936,9035186,2025-09-14,Wrong Item,2121.0
301937,9035216,2025-08-17,Quality Issue,17164.21
301938,9035237,2024-01-15,Quality Issue,2216.48
301939,9035264,2024-10-27,Late Delivery,7209.18
301940,9035329,2024-05-17,Wrong Item,489.27
301941,9035365,2025-02-15,Wrong Item,277.89
301942,9035371,2024-09-25,Changed Mind,9555.12
301943,9035379,2025-05-17,Changed Mind,4185.63
301944,9035390,2024-04-07,Wrong Item,13749.16
301945,9035393,2024-06-18,Changed Mind,11272.92
301946,9035430,2026-01-11,Late Delivery,513.17
301947,9035442,2025-09-19,Damaged,2252.43
301948,9035445,2024-01-31,Late Delivery,2190.02
301949,9035487,2025-07-06,Late Delivery,3405.62
301950,9035488,2024-06-01,Wrong Item,30273.41
301951,9035501,2024-11-23,Wrong Item,520.34
301952,9035505,2024-08-29,Quality Issue,5330.16
301953,9035519,2025-05-28,Changed Mind,403.04
301954,9035524,2025-01-26,Damaged,357.52
301955,9035534,2025-12-13,Quality Issue,691.52
301956,9035567,2025-05-14,Quality Issue,6983.72
301957,9035570,2025-08-16,Wrong Item,1491.12
301958,9035610,2024-09-29,Quality Issue,24311.41
301959,9035627,2025-11-22,Late Delivery,3107.39
301960,9035639,2024-08-09,Quality Issue,272.08
301961,9035669,2024-03-11,Quality Issue,328.33
301962,9035686,2024-05-31,Quality Issue,870.92
301963,9035729,2025-04-12,Late Delivery,1043.45
301964,9035738,2024-07-17,Late Delivery,4450.71
301965,9035746,2025-01-14,Changed Mind,600.17
301966,9035754,2024-02-24,Changed Mind,4225.01
301967,9035758,2024-10-30,Wrong Item,451.37
301968,9035759,2025-07-02,Changed Mind,961.76
301969,9035768,2024-07-05,Changed Mind,9877.8
301970,9035770,2025-08-01,Changed Mind,3093.91
301971,9035778,2024-10-09,Changed Mind,19149.91
301972,9035793,2025-02-11,Late Delivery,4443.69
301973,9035811,2025-04-09,Wrong Item,29365.72
301974,9035827,2025-08-09,Wrong Item,4375.34
301975,9035843,2025-01-05,Damaged,967.31
301976,9035849,2024-09-15,Late Delivery,5110.38
301977,9035852,2024-04-09,Wrong Item,26144.97
301978,9035857,2025-10-31,Changed Mind,16008.96
301979,9035896,2024-09-08,Changed Mind,2525.52
301980,9035906,2025-02-09,Damaged,3826.38
301981,9035920,2025-02-25,Wrong Item,7633.42
301982,9035938,2025-12-21,Changed Mind,1048.85
301983,9035943,2025-07-05,Late Delivery,4525.51
301984,9035947,2025-09-12,Quality Issue,504.42
301985,9035968,2025-06-27,Quality Issue,10402.34
301986,9035992,2024-11-17,Late Delivery,522.13
301987,9035997,2025-01-13,Late Delivery,6341.52
301988,9036072,2024-07-17,Damaged,12358.48
301989,9036095,2025-09-18,Changed Mind,1498.76
301990,9036114,2025-07-07,Quality Issue,983.34
301991,9036178,2024-10-30,Changed Mind,1227.61
301992,9036184,2025-07-03,Changed Mind,2432.24
301993,9036185,2025-12-24,Late Delivery,1102.27
301994,9036245,2024-10-28,Damaged,63899.58
301995,9036247,2025-10-13,Changed Mind,576.19
301996,9036251,2025-12-26,Changed Mind,80956.28
301997,9036263,2024-09-29,Damaged,607.11
301998,9036264,2025-12-17,Wrong Item,372.24
301999,9036281,2024-02-29,Quality Issue,474.07
302000,9036283,2024-10-25,Quality Issue,3693.33
302001,9036290,2024-10-10,Wrong Item,456.25
302002,9036296,2025-06-16,Late Delivery,639.42
302003,9036300,2024-03-18,Quality Issue,2189.07
302004,9036353,2024-07-10,Changed Mind,479.74
302005,9036357,2024-10-01,Changed Mind,5388.07
302006,9036374,2024-01-09,Quality Issue,2064.4
302007,9036426,2025-09-07,Quality Issue,573.6
302008,9036438,2025-06-05,Damaged,2910.17
302009,9036449,2024-01-26,Damaged,3667.68
302010,9036474,2025-09-05,Damaged,369.15
302011,9036488,2025-01-02,Changed Mind,3199.06
302012,9036494,2025-05-03,Late Delivery,1392.76
302013,9036496,2024-09-05,Quality Issue,19937.4
302014,9036498,2024-02-05,Wrong Item,3793.57
302015,9036545,2024-08-06,Quality Issue,7067.72
302016,9036563,2025-06-12,Changed Mind,1610.35
302017,9036568,2025-08-14,Wrong Item,2874.61
302018,9036572,2024-12-26,Damaged,766.75
302019,9036601,2024-11-03,Damaged,776.19
302020,9036602,2024-10-31,Damaged,677.14
302021,9036616,2025-04-17,Wrong Item,1177.78
302022,9036625,2025-11-14,Quality Issue,1342.26
302023,9036646,2024-05-13,Late Delivery,1628.79
302024,9036676,2025-02-16,Quality Issue,4499.77
302025,9036679,2024-08-09,Wrong Item,11069.35
302026,9036696,2024-12-29,Changed Mind,2634.27
302027,9036702,2025-04-21,Damaged,2646.4
302028,9036720,2025-05-12,Wrong Item,1576.0
302029,9036724,2025-10-17,Quality Issue,2602.83
302030,9036748,2025-08-17,Quality Issue,5741.43
302031,9036784,2024-12-13,Wrong Item,2951.26
302032,9036811,2024-08-02,Changed Mind,52546.21
302033,9036827,2025-12-14,Wrong Item,1148.29
302034,9036863,2024-10-06,Damaged,3220.44
302035,9036885,2024-06-06,Quality Issue,1462.04
302036,9036890,2025-11-14,Damaged,2074.48
302037,9036896,2025-11-13,Changed Mind,1599.08
302038,9036903,2024-03-19,Wrong Item,1244.52
302039,9036910,2025-04-07,Changed Mind,2499.45
302040,9036914,2025-12-09,Wrong Item,2832.85
302041,9036942,2025-03-17,Late Delivery,4075.92
302042,9036972,2024-03-07,Damaged,8294.08
302043,9036992,2025-01-14,Damaged,1329.32
302044,9037012,2025-05-18,Quality Issue,5131.89
302045,9037022,2025-07-31,Late Delivery,4043.95
302046,9037061,2025-05-21,Wrong Item,1352.08
302047,9037064,2024-04-25,Late Delivery,2039.45
302048,9037080,2024-01-26,Wrong Item,1027.65
302049,9037090,2025-08-18,Changed Mind,6007.05
302050,9037102,2025-02-05,Quality Issue,3600.54
302051,9037105,2025-01-22,Changed Mind,1066.2
302052,9037120,2024-02-07,Quality Issue,520.34
302053,9037127,2024-02-21,Quality Issue,411.46
302054,9037128,2024-07-06,Quality Issue,2563.27
302055,9037142,2024-05-30,Wrong Item,2208.07
302056,9037162,2025-09-06,Wrong Item,372.03
302057,9037163,2024-03-25,Late Delivery,44537.66
302058,9037164,2025-05-29,Wrong Item,593.98
302059,9037184,2024-03-28,Changed Mind,1737.95
302060,9037185,2024-12-21,Late Delivery,2384.68
302061,9037200,2024-07-20,Changed Mind,1176.64
302062,9037205,2025-09-02,Changed Mind,1263.19
302063,9037209,2025-07-17,Damaged,4886.36
302064,9037271,2025-02-20,Damaged,2433.73
302065,9037274,2024-12-16,Changed Mind,1003.52
302066,9037302,2024-11-27,Changed Mind,5674.02
302067,9037304,2024-11-23,Late Delivery,658.95
302068,9037308,2025-08-14,Changed Mind,48987.03
302069,9037313,2025-09-09,Changed Mind,2780.66
302070,9037319,2025-08-04,Late Delivery,481.53
302071,9037341,2025-05-16,Wrong Item,2901.99
302072,9037348,2025-09-23,Quality Issue,1896.46
302073,9037352,2025-06-30,Damaged,715.46
302074,9037369,2024-07-03,Late Delivery,3801.4
302075,9037402,2025-05-23,Wrong Item,816.93
302076,9037415,2024-11-09,Quality Issue,839.69
302077,9037423,2025-05-08,Quality Issue,567.58
302078,9037427,2025-12-09,Quality Issue,2439.79
302079,9037468,2024-01-30,Quality Issue,1190.99
302080,9037470,2024-11-20,Damaged,649.99
302081,9037489,2024-03-22,Changed Mind,17497.23
302082,9037503,2025-12-11,Late Delivery,5545.9
302083,9037538,2024-09-01,Damaged,211.98
302084,9037541,2025-08-22,Late Delivery,6124.09
302085,9037543,2025-09-17,Damaged,14831.5
302086,9037589,2025-09-09,Wrong Item,26442.02
302087,9037602,2024-12-15,Wrong Item,16140.02
302088,9037608,2024-06-13,Changed Mind,3900.93
302089,9037641,2025-07-06,Damaged,2358.04
302090,9037652,2024-07-22,Damaged,3648.21
302091,9037661,2025-06-01,Damaged,16406.86
302092,9037680,2025-12-26,Wrong Item,2253.24
302093,9037682,2024-08-29,Quality Issue,1073.11
302094,9037683,2024-11-03,Wrong Item,4082.72
302095,9037689,2024-05-04,Late Delivery,39882.69
302096,9037707,2024-02-15,Wrong Item,1732.59
302097,9037713,2024-07-12,Quality Issue,380.64
302098,9037740,2024-06-01,Changed Mind,420.89
302099,9037786,2025-12-17,Late Delivery,3375.45
302100,9037795,2024-05-31,Wrong Item,108.15
302101,9037804,2025-08-28,Wrong Item,19149.18
302102,9037812,2024-03-16,Damaged,3374.3
302103,9037814,2024-02-11,Wrong Item,3592.2
302104,9037827,2024-08-06,Wrong Item,3042.4
302105,9037842,2025-06-01,Wrong Item,2277.98
302106,9037857,2024-08-26,Damaged,1539.4
302107,9037862,2024-04-09,Late Delivery,1487.76
302108,9037936,2024-06-16,Quality Issue,9502.51
302109,9037950,2025-01-23,Quality Issue,1119.77
302110,9037966,2025-02-22,Changed Mind,679.67
302111,9037972,2025-12-29,Changed Mind,8971.74
302112,9038014,2024-04-25,Damaged,11791.53
302113,9038031,2024-09-09,Late Delivery,15359.22
302114,9038053,2025-08-07,Damaged,8615.09
302115,9038055,2025-08-05,Changed Mind,6028.06
302116,9038063,2024-06-02,Damaged,3184.13
302117,9038098,2025-06-05,Wrong Item,1768.65
302118,9038107,2025-03-04,Late Delivery,3248.62
302119,9038115,2025-02-20,Quality Issue,830.87
302120,9038129,2025-09-26,Quality Issue,1763.25
302121,9038148,2024-07-19,Damaged,1182.72
302122,9038181,2024-08-17,Changed Mind,2873.1
302123,9038185,2024-09-26,Wrong Item,3222.02
302124,9038190,2025-02-28,Late Delivery,1563.08
302125,9038220,2025-01-29,Damaged,44860.62
302126,9038247,2024-06-23,Quality Issue,1501.36
302127,9038259,2025-07-23,Changed Mind,537.98
302128,9038277,2025-10-11,Changed Mind,603.59
302129,9038280,2025-05-29,Late Delivery,20276.86
302130,9038312,2025-01-23,Wrong Item,2925.43
302131,9038323,2025-11-24,Damaged,308.36
302132,9038327,2024-12-04,Late Delivery,1259.53
302133,9038340,2025-05-02,Changed Mind,881.74
302134,9038362,2024-12-15,Late Delivery,2415.79
302135,9038364,2024-03-14,Changed Mind,150.55
302136,9038369,2024-12-22,Late Delivery,1963.32
302137,9038384,2025-01-14,Wrong Item,624.86
302138,9038395,2024-05-08,Changed Mind,1171.75
302139,9038396,2024-08-01,Quality Issue,4345.19
302140,9038416,2024-10-15,Damaged,44283.23
302141,9038454,2024-06-03,Late Delivery,1819.72
302142,9038469,2025-05-27,Damaged,3273.98
302143,9038470,2024-08-30,Changed Mind,1624.39
302144,9038477,2025-02-08,Late Delivery,2963.35
302145,9038482,2025-01-26,Wrong Item,972.05
302146,9038483,2025-05-31,Quality Issue,1716.07
302147,9038484,2025-05-11,Late Delivery,841.27
302148,9038486,2024-07-17,Wrong Item,5454.36
302149,9038494,2025-06-25,Late Delivery,332.86
302150,9038529,2025-04-21,Quality Issue,1476.29
302151,9038553,2025-04-11,Late Delivery,1035.03
302152,9038563,2025-03-08,Quality Issue,776.67
302153,9038575,2025-03-23,Late Delivery,5333.53
302154,9038586,2025-07-30,Quality Issue,13689.18
302155,9038589,2025-07-13,Changed Mind,1092.6
302156,9038616,2024-04-28,Damaged,2731.08
302157,9038642,2024-11-19,Changed Mind,1559.66
302158,9038659,2025-07-27,Changed Mind,812.71
302159,9038676,2025-11-27,Changed Mind,762.01
302160,9038689,2024-07-19,Quality Issue,2866.01
302161,9038695,2024-02-23,Damaged,15310.21
302162,9038698,2024-09-25,Quality Issue,641.12
302163,9038726,2025-05-21,Late Delivery,798.12
302164,9038739,2025-10-18,Quality Issue,1204.08
302165,9038741,2024-02-10,Changed Mind,13758.75
302166,9038759,2025-12-16,Late Delivery,689.1
302167,9038768,2024-12-26,Changed Mind,1140.26
302168,9038808,2025-08-10,Changed Mind,1050.68
302169,9038810,2024-05-18,Late Delivery,558.78
302170,9038817,2025-12-13,Wrong Item,607.63
302171,9038836,2024-02-29,Damaged,19005.85
302172,9038859,2025-05-31,Changed Mind,875.57
302173,9038862,2024-03-06,Damaged,4616.66
302174,9038883,2025-04-11,Wrong Item,1842.26
302175,9038888,2024-11-04,Late Delivery,261.43
302176,9038894,2025-09-18,Late Delivery,89.1
302177,9038939,2025-04-07,Late Delivery,850.34
302178,9038941,2024-03-14,Late Delivery,1143.2
302179,9038949,2024-08-04,Changed Mind,850.34
302180,9038989,2024-11-29,Damaged,2227.12
302181,9038994,2025-02-25,Damaged,76508.12
302182,9039018,2025-09-21,Late Delivery,756.12
302183,9039052,2025-08-13,Quality Issue,10549.87
302184,9039064,2025-04-04,Changed Mind,12690.47
302185,9039067,2025-08-01,Quality Issue,4404.78
302186,9039088,2024-03-06,Wrong Item,1414.69
302187,9039098,2024-12-05,Late Delivery,5495.03
302188,9039108,2025-08-17,Damaged,1227.47
302189,9039163,2025-08-15,Damaged,3574.45
302190,9039178,2024-10-08,Late Delivery,1078.39
302191,9039183,2024-11-20,Changed Mind,4119.54
302192,9039186,2025-12-25,Wrong Item,178.2
302193,9039187,2025-12-18,Quality Issue,1568.19
302194,9039206,2025-09-10,Quality Issue,676.35
302195,9039217,2025-09-21,Wrong Item,12690.47
302196,9039222,2024-03-15,Changed Mind,3937.69
302197,9039225,2024-12-07,Changed Mind,1352.36
302198,9039243,2024-08-11,Wrong Item,332.4
302199,9039259,2025-05-29,Changed Mind,2390.06
302200,9039270,2025-09-05,Damaged,1929.81
302201,9039275,2025-04-25,Wrong Item,1489.39
302202,9039279,2024-08-18,Damaged,2480.68
302203,9039342,2024-09-01,Late Delivery,1016.46
302204,9039367,2025-06-07,Late Delivery,1520.85
302205,9039378,2025-01-12,Changed Mind,670.37
302206,9039380,2025-10-02,Damaged,35258.98
302207,9039381,2024-07-15,Late Delivery,41638.98
302208,9039387,2024-11-16,Wrong Item,2638.83
302209,9039422,2024-08-04,Changed Mind,2274.89
302210,9039437,2024-09-15,Changed Mind,5093.53
302211,9039441,2025-12-16,Wrong Item,2286.52
302212,9039451,2025-12-29,Quality Issue,485.16
302213,9039459,2025-12-09,Damaged,16647.62
302214,9039466,2025-08-15,Damaged,492.2
302215,9039467,2024-03-03,Wrong Item,8739.94
302216,9039473,2024-08-19,Quality Issue,926.32
302217,9039475,2024-11-21,Damaged,2858.0
302218,9039527,2025-04-08,Wrong Item,2884.98
302219,9039546,2024-04-07,Wrong Item,2192.28
302220,9039563,2024-11-15,Changed Mind,8005.47
302221,9039569,2025-07-26,Damaged,1036.21
302222,9039619,2025-01-30,Changed Mind,3795.47
302223,9039669,2025-08-08,Damaged,804.17
302224,9039753,2024-06-19,Damaged,2088.17
302225,9039790,2025-08-26,Damaged,20003.84
302226,9039792,2024-08-25,Changed Mind,16542.33
302227,9039796,2024-12-04,Damaged,1489.15
302228,9039797,2025-01-01,Late Delivery,16573.16
302229,9039822,2025-09-20,Changed Mind,866.63
302230,9039839,2026-01-02,Changed Mind,15770.89
302231,9039848,2024-03-04,Wrong Item,27538.26
302232,9039850,2024-09-11,Quality Issue,1143.2
302233,9039906,2025-11-15,Damaged,389.36
302234,9039910,2025-04-24,Wrong Item,20939.88
302235,9039911,2025-10-31,Changed Mind,959.7
302236,9039914,2024-04-05,Quality Issue,1684.36
302237,9039948,2025-07-22,Changed Mind,713.48
302238,9039949,2025-01-03,Quality Issue,967.69
302239,9039957,2024-03-15,Wrong Item,2626.18
302240,9039985,2025-11-05,Changed Mind,1942.48
302241,9039986,2024-09-18,Changed Mind,1890.16
302242,9040014,2025-10-13,Changed Mind,6841.03
302243,9040032,2024-10-02,Late Delivery,148.5
302244,9040038,2025-05-02,Late Delivery,467.37
302245,9040042,2024-02-02,Damaged,1346.66
302246,9040053,2025-04-11,Changed Mind,102.74
302247,9040066,2024-09-18,Late Delivery,4114.6
302248,9040072,2025-11-02,Changed Mind,1052.07
302249,9040081,2025-02-28,Wrong Item,342.17
302250,9040098,2025-01-25,Damaged,3092.38
302251,9040106,2025-06-28,Quality Issue,20236.78
302252,9040122,2024-04-01,Quality Issue,3452.46
302253,9040153,2024-02-12,Quality Issue,900.68
302254,9040161,2024-10-22,Late Delivery,1516.58
302255,9040166,2024-10-29,Quality Issue,1352.32
302256,9040168,2025-03-14,Wrong Item,3812.42
302257,9040171,2025-10-01,Quality Issue,23126.24
302258,9040174,2025-09-24,Quality Issue,35902.62
302259,9040260,2025-07-28,Wrong Item,288.1
302260,9040263,2025-02-18,Damaged,1673.73
302261,9040278,2025-06-04,Late Delivery,1649.16
302262,9040310,2025-12-18,Wrong Item,433.94
302263,9040313,2025-02-21,Changed Mind,720.2
302264,9040337,2025-04-14,Changed Mind,1195.92
302265,9040338,2024-11-11,Late Delivery,4070.91
302266,9040351,2025-10-14,Late Delivery,13566.2
302267,9040378,2024-10-24,Damaged,3207.94
302268,9040397,2024-10-21,Late Delivery,15319.34
302269,9040403,2025-02-10,Damaged,3728.07
302270,9040419,2024-12-05,Changed Mind,528.34
302271,9040429,2025-06-17,Changed Mind,802.22
302272,9040446,2024-11-26,Damaged,2074.13
302273,9040449,2025-04-14,Changed Mind,8699.01
302274,9040451,2024-10-03,Changed Mind,248.36
302275,9040475,2024-05-09,Late Delivery,535.79
302276,9040507,2024-06-12,Quality Issue,1945.84
302277,9040532,2025-02-09,Changed Mind,3882.6
302278,9040604,2024-10-15,Late Delivery,3423.58
302279,9040632,2024-03-06,Changed Mind,3105.43
302280,9040644,2025-09-21,Damaged,4494.17
302281,9040646,2025-06-22,Late Delivery,6142.64
302282,9040648,2025-10-16,Wrong Item,3600.09
302283,9040672,2025-04-19,Late Delivery,8790.0
302284,9040675,2026-01-03,Wrong Item,5845.68
302285,9040700,2024-08-28,Wrong Item,1417.62
302286,9040729,2025-01-12,Wrong Item,1813.14
302287,9040759,2025-07-14,Changed Mind,1163.76
302288,9040786,2024-09-05,Quality Issue,906.09
302289,9040792,2024-04-14,Late Delivery,700.93
302290,9040796,2024-12-02,Late Delivery,1068.07
302291,9040803,2025-12-12,Wrong Item,522.28
302292,9040841,2024-10-06,Damaged,2425.68
302293,9040845,2024-03-17,Quality Issue,1281.23
302294,9040859,2024-04-01,Quality Issue,1888.68
302295,9040891,2025-04-16,Wrong Item,884.53
302296,9040904,2025-07-16,Quality Issue,379.63
302297,9040918,2025-03-22,Wrong Item,14607.67
302298,9040971,2025-02-05,Quality Issue,2703.9
302299,9040972,2024-08-08,Wrong Item,2728.32
302300,9040981,2025-11-14,Damaged,700.94
302301,9040983,2025-06-14,Damaged,1713.91
302302,9040997,2024-04-09,Damaged,1133.03
302303,9040999,2025-09-18,Wrong Item,983.08
302304,9041010,2024-05-17,Damaged,465.57
302305,9041013,2025-04-23,Wrong Item,5165.1
302306,9041046,2024-12-07,Late Delivery,32004.16
302307,9041061,2024-05-12,Changed Mind,4478.2
302308,9041082,2025-09-13,Changed Mind,3140.92
302309,9041093,2025-12-27,Quality Issue,1295.56
302310,9041126,2025-06-30,Late Delivery,2410.68
302311,9041174,2024-07-23,Late Delivery,247.19
302312,9041189,2025-10-08,Quality Issue,543.71
302313,9041214,2024-10-11,Wrong Item,7381.28
302314,9041222,2024-10-14,Damaged,17582.89
302315,9041234,2025-03-01,Wrong Item,638.96
302316,9041248,2024-05-30,Late Delivery,7735.32
302317,9041289,2024-09-09,Wrong Item,1373.77
302318,9041291,2024-09-29,Late Delivery,6289.64
302319,9041325,2025-01-09,Damaged,5481.63
302320,9041342,2025-01-07,Damaged,1042.16
302321,9041396,2025-05-24,Damaged,515.86
302322,9041420,2024-09-10,Late Delivery,14304.41
302323,9041431,2024-07-25,Quality Issue,358.06
302324,9041437,2025-05-21,Changed Mind,11247.36
302325,9041464,2024-03-17,Damaged,1872.69
302326,9041486,2024-01-26,Late Delivery,198.0
302327,9041488,2025-09-20,Damaged,1423.82
302328,9041501,2024-06-01,Quality Issue,1437.41
302329,9041508,2025-10-31,Wrong Item,1319.81
302330,9041510,2025-05-04,Late Delivery,451.44
302331,9041522,2025-11-02,Late Delivery,529.81
302332,9041541,2025-10-05,Wrong Item,3290.93
302333,9041544,2025-11-23,Damaged,2791.59
302334,9041566,2024-12-22,Wrong Item,2016.55
302335,9041587,2025-06-01,Changed Mind,594.31
302336,9041625,2025-12-14,Wrong Item,11656.23
302337,9041636,2025-03-20,Changed Mind,2262.53
302338,9041652,2024-10-14,Changed Mind,521.69
302339,9041670,2025-02-14,Late Delivery,1164.99
302340,9041680,2024-04-06,Changed Mind,3642.24
302341,9041704,2024-07-09,Wrong Item,1008.84
302342,9041730,2024-12-24,Late Delivery,1221.76
302343,9041763,2024-02-04,Damaged,2422.43
302344,9041765,2025-12-30,Wrong Item,23530.47
302345,9041790,2024-08-11,Damaged,1028.65
302346,9041802,2024-04-02,Quality Issue,2083.5
302347,9041816,2024-01-18,Quality Issue,2527.21
302348,9041822,2025-11-29,Late Delivery,11382.53
302349,9041855,2024-02-18,Changed Mind,522.15
302350,9041860,2024-10-23,Changed Mind,8663.22
302351,9041870,2024-11-01,Damaged,687.11
302352,9041871,2025-02-24,Late Delivery,1198.6
302353,9041949,2024-09-30,Damaged,1003.04
302354,9041971,2025-05-15,Damaged,3761.81
302355,9042002,2024-07-09,Quality Issue,1489.78
302356,9042040,2024-07-07,Quality Issue,2108.82
302357,9042062,2024-06-07,Changed Mind,3464.93
302358,9042064,2024-11-23,Quality Issue,1771.57
302359,9042070,2025-07-14,Late Delivery,2748.91
302360,9042073,2024-11-01,Late Delivery,99.0
302361,9042091,2024-06-20,Damaged,8075.91
302362,9042164,2024-09-01,Quality Issue,1048.78
302363,9042172,2025-12-26,Wrong Item,7093.2
302364,9042187,2024-10-17,Quality Issue,6146.27
302365,9042213,2024-06-14,Wrong Item,2175.86
302366,9042241,2024-12-06,Late Delivery,4206.24
302367,9042243,2024-08-02,Quality Issue,3626.28
302368,9042255,2025-01-22,Changed Mind,2212.6
302369,9042262,2025-02-27,Changed Mind,88440.5
302370,9042263,2024-02-12,Damaged,3915.07
302371,9042306,2025-02-05,Wrong Item,1318.75
302372,9042313,2025-07-30,Late Delivery,1359.34
302373,9042350,2024-02-07,Wrong Item,3822.68
302374,9042352,2025-06-04,Changed Mind,1983.12
302375,9042353,2025-09-28,Changed Mind,29716.51
302376,9042399,2024-02-20,Wrong Item,795.02
302377,9042401,2025-07-02,Late Delivery,1898.8
302378,9042407,2025-12-03,Quality Issue,23358.68
302379,9042413,2024-06-22,Changed Mind,1622.49
302380,9042430,2025-03-19,Damaged,5421.95
302381,9042437,2025-10-09,Quality Issue,560.75
302382,9042443,2025-06-16,Wrong Item,3228.15
302383,9042448,2025-10-21,Late Delivery,583.77
302384,9042501,2025-04-16,Changed Mind,1031.55
302385,9042526,2025-01-20,Wrong Item,6713.76
302386,9042531,2024-07-21,Quality Issue,757.01
302387,9042552,2025-11-08,Late Delivery,1032.62
302388,9042561,2024-08-23,Damaged,526.53
302389,9042562,2025-12-21,Wrong Item,519.25
302390,9042565,2025-01-30,Late Delivery,5629.18
302391,9042574,2025-02-15,Quality Issue,1646.95
302392,9042583,2024-09-22,Late Delivery,873.52
302393,9042598,2024-09-22,Quality Issue,3670.97
302394,9042689,2025-04-24,Wrong Item,15504.25
302395,9042705,2025-12-16,Wrong Item,961.54
302396,9042715,2025-04-07,Wrong Item,2679.33
302397,9042726,2024-03-30,Wrong Item,521.78
302398,9042762,2025-09-20,Damaged,587.75
302399,9042785,2025-11-09,Late Delivery,6466.74
302400,9042788,2024-10-12,Quality Issue,1938.93
302401,9042812,2024-04-05,Quality Issue,2933.23
302402,9042820,2025-09-29,Wrong Item,1941.11
302403,9042825,2024-04-17,Late Delivery,2569.79
302404,9042835,2025-05-05,Wrong Item,195.28
302405,9042844,2025-03-24,Wrong Item,68082.2
302406,9042854,2024-11-27,Damaged,51492.62
302407,9042867,2024-11-04,Late Delivery,1350.2
302408,9042892,2025-06-07,Late Delivery,928.39
302409,9042900,2024-09-29,Damaged,9607.93
302410,9042923,2025-03-17,Quality Issue,17292.77
302411,9042929,2024-05-09,Damaged,1123.4
302412,9042930,2024-02-11,Quality Issue,1841.15
302413,9042939,2024-03-01,Changed Mind,18023.87
302414,9042964,2024-10-02,Quality Issue,14698.85
302415,9042979,2025-02-07,Damaged,1628.01
302416,9042982,2025-07-21,Late Delivery,1909.24
302417,9043016,2025-03-08,Late Delivery,11001.22
302418,9043037,2024-02-08,Late Delivery,7256.43
302419,9043051,2024-12-17,Wrong Item,406.3
302420,9043053,2024-05-10,Changed Mind,132.7
302421,9043130,2025-10-15,Quality Issue,5740.56
302422,9043166,2025-01-16,Wrong Item,8744.31
302423,9043183,2025-11-17,Changed Mind,4255.92
302424,9043184,2025-09-21,Late Delivery,542.69
302425,9043190,2025-03-19,Damaged,1930.7
302426,9043196,2024-06-20,Late Delivery,4963.77
302427,9043197,2024-09-16,Damaged,4269.58
302428,9043241,2025-06-26,Wrong Item,777.81
302429,9043289,2024-12-29,Late Delivery,16156.18
302430,9043331,2025-04-09,Changed Mind,1665.76
302431,9043334,2025-06-04,Damaged,7648.22
302432,9043357,2024-02-17,Late Delivery,2866.15
302433,9043365,2024-08-16,Late Delivery,3968.04
302434,9043436,2025-11-15,Changed Mind,2567.15
302435,9043497,2024-01-30,Damaged,895.1
302436,9043531,2025-02-19,Wrong Item,7648.22
302437,9043563,2024-06-18,Late Delivery,8999.22
302438,9043574,2025-05-17,Changed Mind,8525.87
302439,9043586,2024-09-06,Changed Mind,605.76
302440,9043622,2025-04-11,Quality Issue,480.6
302441,9043626,2024-09-27,Wrong Item,666.92
302442,9043659,2024-04-25,Late Delivery,40406.96
302443,9043687,2025-07-08,Damaged,10182.91
302444,9043691,2024-04-12,Changed Mind,3185.04
302445,9043696,2024-07-22,Damaged,3792.05
302446,9043705,2026-01-09,Damaged,4458.78
302447,9043717,2024-07-15,Late Delivery,7953.81
302448,9043733,2024-10-18,Quality Issue,2354.4
302449,9043748,2024-12-04,Changed Mind,37587.99
302450,9043796,2024-08-18,Changed Mind,14095.25
302451,9043797,2024-02-07,Quality Issue,44934.1
302452,9043802,2024-03-01,Wrong Item,19224.94
302453,9043834,2024-12-21,Damaged,1623.84
302454,9043845,2024-08-27,Quality Issue,20575.14
302455,9043881,2024-02-01,Changed Mind,641.02
302456,9043882,2024-01-15,Late Delivery,8737.96
302457,9043895,2024-05-23,Damaged,573.6
302458,9043908,2025-01-05,Wrong Item,408.24
302459,9043909,2024-03-23,Changed Mind,1159.47
302460,9043916,2024-06-30,Wrong Item,10463.46
302461,9043941,2024-07-06,Quality Issue,1710.28
302462,9043947,2024-03-14,Late Delivery,1061.38
302463,9043990,2024-08-22,Changed Mind,1226.86
302464,9044010,2024-06-23,Damaged,605.32
302465,9044064,2024-05-30,Quality Issue,772.88
302466,9044105,2024-04-18,Late Delivery,1394.26
302467,9044140,2024-05-16,Quality Issue,2396.19
302468,9044147,2024-10-18,Quality Issue,3089.62
302469,9044151,2025-12-18,Wrong Item,1010.97
302470,9044182,2025-03-16,Wrong Item,46710.94
302471,9044200,2024-07-11,Changed Mind,811.34
302472,9044249,2024-06-11,Damaged,1667.82
302473,9044305,2024-07-17,Damaged,5571.0
302474,9044320,2024-11-27,Damaged,1119.63
302475,9044325,2024-08-11,Damaged,582.39
302476,9044334,2024-10-21,Damaged,449.71
302477,9044418,2025-05-15,Quality Issue,1339.23
302478,9044419,2025-05-04,Wrong Item,2586.99
302479,9044440,2024-05-31,Changed Mind,4589.33
302480,9044449,2024-04-29,Damaged,761.28
302481,9044481,2024-05-29,Changed Mind,485.86
302482,9044490,2025-09-10,Late Delivery,377.38
302483,9044503,2025-07-19,Damaged,598.48
302484,9044537,2024-12-05,Quality Issue,1250.64
302485,9044539,2025-02-08,Quality Issue,1297.02
302486,9044550,2025-08-12,Late Delivery,1839.89
302487,9044556,2024-10-28,Quality Issue,8298.43
302488,9044566,2024-02-29,Late Delivery,6326.46
302489,9044609,2025-07-29,Wrong Item,2032.92
302490,9044612,2025-09-30,Damaged,2096.16
302491,9044714,2024-03-25,Quality Issue,1472.75
302492,9044721,2025-10-05,Late Delivery,1760.76
302493,9044750,2024-04-08,Late Delivery,678.02
302494,9044777,2024-03-29,Damaged,1441.89
302495,9044789,2025-06-20,Damaged,230.21
302496,9044800,2024-05-17,Wrong Item,325.24
302497,9044829,2024-12-02,Wrong Item,1813.44
302498,9044849,2024-09-04,Wrong Item,5479.64
302499,9044852,2025-12-03,Wrong Item,57116.78
302500,9044853,2024-06-14,Damaged,1041.89
302501,9044889,2024-02-28,Changed Mind,263.55
302502,9044896,2024-07-27,Changed Mind,23805.73
302503,9044902,2024-10-21,Damaged,2368.53
302504,9044934,2025-08-11,Wrong Item,18935.09
302505,9044951,2025-10-30,Late Delivery,1081.42
302506,9044968,2025-05-28,Damaged,7316.89
302507,9044971,2024-04-16,Wrong Item,3893.65
302508,9044982,2025-12-20,Changed Mind,1051.58
302509,9045047,2024-05-31,Changed Mind,2026.29
302510,9045053,2024-12-03,Damaged,10145.63
302511,9045075,2024-03-29,Quality Issue,2328.29
302512,9045088,2025-11-08,Changed Mind,493.31
302513,9045095,2025-03-24,Wrong Item,251.67
302514,9045127,2025-07-24,Late Delivery,6110.86
302515,9045138,2025-06-19,Wrong Item,576.95
302516,9045182,2024-11-21,Late Delivery,4961.36
302517,9045183,2025-05-19,Late Delivery,788.71
302518,9045227,2025-07-28,Damaged,8454.69
302519,9045230,2025-07-05,Damaged,4888.27
302520,9045238,2024-02-21,Late Delivery,524.73
302521,9045239,2025-10-12,Changed Mind,1753.74
302522,9045260,2025-10-28,Late Delivery,631.3
302523,9045268,2025-06-04,Late Delivery,802.74
302524,9045302,2025-07-11,Damaged,3539.76
302525,9045331,2024-12-25,Changed Mind,3880.96
302526,9045350,2025-10-18,Wrong Item,1403.86
302527,9045355,2024-01-10,Quality Issue,1043.38
302528,9045358,2024-02-18,Damaged,1121.71
302529,9045366,2025-08-04,Wrong Item,447.67
302530,9045422,2025-08-23,Wrong Item,4351.99
302531,9045428,2024-09-15,Late Delivery,1053.79
302532,9045431,2024-07-28,Damaged,1214.13
302533,9045450,2024-02-02,Wrong Item,5488.01
302534,9045465,2025-02-02,Late Delivery,4563.42
302535,9045466,2025-10-22,Wrong Item,1073.4
302536,9045470,2024-06-27,Wrong Item,1532.4
302537,9045489,2024-12-23,Damaged,9223.04
302538,9045510,2024-05-31,Wrong Item,1018.86
302539,9045515,2025-11-06,Damaged,3064.59
302540,9045535,2024-02-01,Late Delivery,1853.82
302541,9045568,2024-05-22,Wrong Item,2950.44
302542,9045579,2025-03-01,Quality Issue,438.82
302543,9045623,2025-04-04,Changed Mind,19227.12
302544,9045625,2025-07-14,Late Delivery,742.46
302545,9045629,2025-01-22,Wrong Item,3621.25
302546,9045631,2025-08-20,Quality Issue,1324.98
302547,9045635,2024-05-13,Changed Mind,2826.3
302548,9045679,2024-11-26,Late Delivery,8190.8
302549,9045705,2024-11-30,Damaged,1684.15
302550,9045714,2025-11-29,Wrong Item,648.1
302551,9045739,2024-12-31,Damaged,3157.32
302552,9045744,2024-07-08,Quality Issue,6179.24
302553,9045807,2024-10-04,Late Delivery,1052.4
302554,9045848,2024-12-25,Quality Issue,7811.28
302555,9045871,2024-03-11,Quality Issue,3059.18
302556,9045875,2025-10-25,Changed Mind,5604.64
302557,9045877,2025-12-04,Damaged,3916.79
302558,9045882,2025-11-07,Changed Mind,1624.34
302559,9045894,2025-12-02,Damaged,3695.88
302560,9045899,2025-11-09,Late Delivery,644.85
302561,9045904,2024-04-29,Changed Mind,46191.68
302562,9045919,2024-10-02,Late Delivery,2409.29
302563,9045931,2025-07-11,Quality Issue,17053.74
302564,9045945,2025-08-10,Late Delivery,5703.87
302565,9045948,2024-11-28,Changed Mind,3325.78
302566,9045955,2024-05-20,Changed Mind,1359.34
302567,9045963,2025-01-04,Late Delivery,223.75
302568,9045971,2024-06-20,Damaged,1442.2
302569,9046002,2024-06-23,Quality Issue,3150.41
302570,9046008,2025-01-09,Wrong Item,15656.42
302571,9046032,2025-05-24,Changed Mind,31330.07
302572,9046049,2025-10-19,Late Delivery,1000.38
302573,9046068,2025-06-02,Wrong Item,546.53
302574,9046084,2024-09-01,Wrong Item,1855.8
302575,9046089,2025-05-27,Changed Mind,2720.7
302576,9046115,2024-08-19,Wrong Item,12000.21
302577,9046137,2024-08-20,Quality Issue,866.07
302578,9046141,2025-01-09,Late Delivery,22552.79
302579,9046197,2024-02-16,Late Delivery,34697.49
302580,9046201,2024-12-30,Wrong Item,20809.53
302581,9046253,2024-02-17,Wrong Item,13221.01
302582,9046260,2024-12-26,Late Delivery,77596.42
302583,9046285,2024-04-29,Wrong Item,499.01
302584,9046297,2024-05-28,Changed Mind,646.35
302585,9046298,2024-07-30,Wrong Item,1886.84
302586,9046304,2025-08-03,Late Delivery,980.82
302587,9046346,2025-03-25,Quality Issue,92979.05
302588,9046348,2025-10-18,Damaged,2651.27
302589,9046375,2024-01-26,Late Delivery,5004.14
302590,9046394,2024-03-11,Wrong Item,200.2
302591,9046406,2025-07-17,Quality Issue,471.06
302592,9046417,2025-05-20,Damaged,2499.45
302593,9046430,2025-07-24,Wrong Item,36003.82
302594,9046444,2024-10-07,Changed Mind,534.54
302595,9046466,2024-02-18,Damaged,860.88
302596,9046467,2025-01-27,Damaged,4061.92
302597,9046522,2024-03-06,Wrong Item,6388.02
302598,9046554,2025-01-09,Wrong Item,595.86
302599,9046561,2025-12-05,Late Delivery,1517.78
302600,9046590,2025-07-04,Wrong Item,1001.1
302601,9046609,2025-05-11,Changed Mind,1017.6
302602,9046645,2025-03-24,Quality Issue,1556.71
302603,9046669,2024-02-05,Quality Issue,3358.15
302604,9046673,2024-11-17,Wrong Item,578.66
302605,9046695,2025-02-19,Late Delivery,17013.46
302606,9046696,2025-07-24,Changed Mind,1363.99
302607,9046725,2024-12-30,Wrong Item,3663.76
302608,9046752,2024-12-08,Changed Mind,368.05
302609,9046775,2025-09-23,Quality Issue,4396.52
302610,9046780,2025-07-07,Changed Mind,860.88
302611,9046787,2025-03-13,Late Delivery,3445.03
302612,9046852,2025-04-22,Changed Mind,2912.65
302613,9046858,2025-05-14,Damaged,11754.26
302614,9046881,2024-12-26,Wrong Item,811.89
302615,9046885,2024-12-28,Wrong Item,499.89
302616,9046893,2025-06-11,Quality Issue,3682.25
302617,9046898,2025-01-16,Damaged,6118.28
302618,9046903,2024-10-15,Quality Issue,1021.16
302619,9046926,2024-12-31,Wrong Item,2306.18
302620,9046927,2024-10-12,Damaged,3670.97
302621,9046953,2025-04-04,Changed Mind,3098.93
302622,9046954,2025-01-05,Wrong Item,481.53
302623,9046986,2026-01-02,Damaged,34918.3
302624,9047005,2025-06-22,Quality Issue,2553.74
302625,9047017,2024-01-26,Damaged,770.17
302626,9047038,2024-11-15,Damaged,1397.22
302627,9047046,2025-10-01,Late Delivery,37457.15
302628,9047047,2024-12-20,Damaged,1060.77
302629,9047061,2024-12-03,Late Delivery,1345.12
302630,9047064,2024-09-28,Damaged,2880.26
302631,9047098,2024-04-05,Changed Mind,336.71
302632,9047108,2025-03-08,Changed Mind,1028.46
302633,9047147,2024-08-02,Damaged,21339.21
302634,9047171,2024-02-06,Changed Mind,2108.82
302635,9047206,2025-05-25,Quality Issue,823.84
302636,9047231,2024-03-20,Late Delivery,382.42
302637,9047254,2026-01-18,Changed Mind,3286.99
302638,9047284,2024-09-12,Wrong Item,1866.64
302639,9047296,2024-02-16,Changed Mind,760.85
302640,9047299,2024-08-08,Late Delivery,491.86
302641,9047305,2024-06-28,Damaged,537.98
302642,9047324,2025-10-23,Damaged,591.61
302643,9047326,2024-09-30,Changed Mind,37304.36
302644,9047351,2024-11-05,Changed Mind,457.09
302645,9047367,2025-10-21,Changed Mind,42599.72
302646,9047377,2025-02-15,Quality Issue,235.44
302647,9047379,2024-12-08,Changed Mind,682.08
302648,9047392,2025-11-10,Late Delivery,933.78
302649,9047394,2025-07-07,Changed Mind,792.02
302650,9047417,2025-07-09,Changed Mind,1682.54
302651,9047441,2025-04-20,Damaged,822.54
302652,9047451,2026-01-05,Damaged,1875.42
302653,9047476,2025-03-19,Wrong Item,8655.21
302654,9047478,2025-04-29,Late Delivery,353.3
302655,9047489,2024-08-25,Late Delivery,2067.46
302656,9047501,2025-11-17,Wrong Item,729.78
302657,9047536,2024-10-26,Wrong Item,1352.71
302658,9047559,2024-07-13,Wrong Item,9323.4
302659,9047623,2024-08-25,Changed Mind,3959.53
302660,9047631,2025-08-19,Wrong Item,3483.21
302661,9047641,2025-07-26,Damaged,663.92
302662,9047660,2024-04-07,Late Delivery,5036.63
302663,9047696,2025-09-07,Wrong Item,2568.58
302664,9047701,2024-05-03,Quality Issue,10705.09
302665,9047704,2025-12-09,Wrong Item,2489.32
302666,9047705,2025-09-16,Wrong Item,31100.14
302667,9047712,2024-11-26,Damaged,1123.17
302668,9047783,2024-08-05,Quality Issue,2110.23
302669,9047816,2024-04-02,Wrong Item,1343.32
302670,9047823,2024-02-15,Quality Issue,7651.15
302671,9047832,2024-11-07,Late Delivery,638.27
302672,9047836,2025-04-15,Late Delivery,2969.08
302673,9047853,2024-03-09,Wrong Item,603.4
302674,9047860,2024-03-01,Changed Mind,1886.84
302675,9047871,2025-12-09,Late Delivery,8566.34
302676,9047899,2025-02-01,Late Delivery,1850.58
302677,9048013,2024-09-04,Wrong Item,1255.62
302678,9048039,2025-01-18,Damaged,653.36
302679,9048070,2024-06-01,Late Delivery,1737.08
302680,9048076,2024-11-13,Quality Issue,938.53
302681,9048086,2025-07-03,Damaged,1653.76
302682,9048100,2024-04-03,Changed Mind,2296.07
302683,9048104,2024-09-24,Damaged,4873.02
302684,9048107,2024-09-06,Quality Issue,9376.04
302685,9048123,2025-02-20,Damaged,3191.2
302686,9048153,2024-08-25,Quality Issue,2512.43
302687,9048184,2024-11-07,Damaged,5400.3
302688,9048214,2024-01-09,Wrong Item,2973.64
302689,9048225,2025-11-06,Damaged,992.43
302690,9048230,2024-10-23,Late Delivery,817.88
302691,9048339,2024-07-24,Changed Mind,2907.13
302692,9048342,2025-12-02,Damaged,4359.86
302693,9048356,2024-02-27,Quality Issue,543.02
302694,9048406,2024-04-27,Changed Mind,3266.74
302695,9048407,2024-01-25,Changed Mind,2033.85
302696,9048423,2025-06-21,Quality Issue,3504.62
302697,9048434,2025-05-18,Damaged,585.04
302698,9048447,2025-10-16,Quality Issue,1155.34
302699,9048454,2024-04-23,Damaged,681.98
302700,9048458,2025-03-04,Damaged,1016.45
302701,9048462,2025-10-21,Changed Mind,506.44
302702,9048472,2024-08-21,Wrong Item,4770.86
302703,9048549,2024-01-12,Wrong Item,1004.8
302704,9048560,2024-10-29,Changed Mind,13532.96
302705,9048570,2025-08-31,Changed Mind,631.41
302706,9048573,2024-03-06,Late Delivery,2082.88
302707,9048595,2025-01-13,Quality Issue,1328.8
302708,9048605,2024-06-27,Damaged,2210.74
302709,9048624,2024-11-27,Wrong Item,1392.46
302710,9048638,2025-06-28,Changed Mind,6699.0
302711,9048645,2025-12-07,Quality Issue,2711.28
302712,9048656,2025-03-20,Late Delivery,503.32
302713,9048707,2024-12-21,Late Delivery,360.07
302714,9048718,2025-06-16,Changed Mind,206.26
302715,9048729,2025-04-03,Wrong Item,9528.92
302716,9048736,2025-05-28,Quality Issue,1141.83
302717,9048752,2025-04-04,Changed Mind,2909.13
302718,9048761,2025-02-17,Changed Mind,634.64
302719,9048763,2024-02-29,Damaged,1701.99
302720,9048772,2025-06-04,Late Delivery,1459.68
302721,9048815,2025-10-01,Quality Issue,4892.27
302722,9048850,2024-01-10,Wrong Item,4499.23
302723,9048897,2024-03-01,Quality Issue,3000.01
302724,9048906,2025-08-02,Changed Mind,1043.49
302725,9048932,2024-09-15,Quality Issue,16048.7
302726,9048940,2024-03-22,Quality Issue,1043.71
302727,9048953,2025-01-16,Wrong Item,863.06
302728,9048957,2025-09-19,Damaged,1323.7
302729,9049034,2025-09-11,Wrong Item,613.66
302730,9049051,2025-07-18,Damaged,3083.5
302731,9049074,2025-04-16,Changed Mind,1758.28
302732,9049090,2025-09-16,Damaged,12335.37
302733,9049097,2024-07-11,Changed Mind,7829.11
302734,9049098,2024-08-26,Wrong Item,342.55
302735,9049101,2024-12-17,Damaged,1632.89
302736,9049157,2024-10-12,Wrong Item,338.09
302737,9049164,2025-12-01,Quality Issue,1561.91
302738,9049171,2025-02-10,Late Delivery,564.09
302739,9049183,2024-08-07,Wrong Item,978.54
302740,9049186,2025-09-20,Late Delivery,591.97
302741,9049192,2024-12-17,Changed Mind,932.02
302742,9049204,2025-07-03,Quality Issue,2277.62
302743,9049206,2024-07-18,Quality Issue,1471.66
302744,9049231,2025-05-12,Late Delivery,453.07
302745,9049270,2025-12-28,Quality Issue,2498.38
302746,9049279,2025-09-23,Wrong Item,681.59
302747,9049293,2024-11-25,Wrong Item,1497.44
302748,9049295,2025-05-20,Damaged,550.3
302749,9049304,2024-10-11,Quality Issue,351.01
302750,9049312,2025-03-09,Damaged,918.96
302751,9049331,2024-07-19,Changed Mind,5240.68
302752,9049361,2025-05-29,Changed Mind,1783.8
302753,9049372,2024-11-16,Wrong Item,476.83
302754,9049374,2025-09-01,Late Delivery,18001.91
302755,9049375,2024-12-23,Quality Issue,2541.04
302756,9049411,2025-08-12,Wrong Item,8322.15
302757,9049432,2025-11-25,Damaged,2811.8
302758,9049446,2024-05-15,Quality Issue,881.19
302759,9049511,2024-11-29,Quality Issue,2057.3
302760,9049518,2024-09-29,Wrong Item,2442.04
302761,9049548,2024-08-10,Wrong Item,591.61
302762,9049570,2025-01-25,Late Delivery,2966.3
302763,9049571,2025-08-06,Damaged,622.75
302764,9049574,2025-10-24,Late Delivery,170.59
302765,9049576,2024-12-07,Changed Mind,1314.84
302766,9049581,2025-05-23,Late Delivery,12985.0
302767,9049594,2025-12-16,Late Delivery,459.41
302768,9049635,2025-01-10,Late Delivery,1235.85
302769,9049651,2026-01-11,Damaged,348.21
302770,9049653,2024-10-07,Quality Issue,1715.57
302771,9049668,2024-08-03,Wrong Item,5746.5
302772,9049686,2025-12-02,Changed Mind,6874.58
302773,9049726,2025-05-12,Quality Issue,928.02
302774,9049748,2025-05-30,Wrong Item,2213.94
302775,9049759,2024-07-08,Late Delivery,2320.38
302776,9049772,2025-02-13,Wrong Item,477.96
302777,9049778,2025-02-17,Damaged,4012.99
302778,9049782,2025-06-21,Wrong Item,216.3
302779,9049798,2024-07-18,Changed Mind,11186.96
302780,9049800,2025-12-27,Damaged,10385.16
302781,9049801,2025-04-27,Late Delivery,407.3
302782,9049834,2025-07-29,Damaged,12448.46
302783,9049844,2024-06-09,Late Delivery,8091.85
302784,9049862,2025-01-13,Quality Issue,520.23
302785,9049919,2024-06-13,Changed Mind,1894.43
302786,9049928,2024-07-03,Wrong Item,1564.4
302787,9049973,2024-03-31,Quality Issue,5262.2
302788,9049982,2025-09-11,Damaged,1852.41
302789,9049994,2024-03-20,Damaged,6972.38
302790,9049996,2024-09-16,Changed Mind,1176.04
302791,9050005,2025-08-26,Changed Mind,4090.93
302792,9050022,2025-06-29,Damaged,3882.28
302793,9050034,2025-02-27,Late Delivery,2147.2
302794,9050036,2024-06-08,Late Delivery,2954.57
302795,9050037,2024-09-25,Late Delivery,6613.68
302796,9050038,2025-05-20,Damaged,3996.58
302797,9050041,2024-03-15,Wrong Item,6953.4
302798,9050058,2024-12-19,Late Delivery,399.79
302799,9050071,2024-08-09,Quality Issue,15849.21
302800,9050108,2024-05-16,Wrong Item,2478.19
302801,9050122,2025-08-17,Wrong Item,1060.77
302802,9050129,2025-01-14,Damaged,1662.89
302803,9050160,2025-07-01,Quality Issue,4043.95
302804,9050179,2025-05-10,Damaged,266.98
302805,9050203,2024-11-13,Damaged,1212.03
302806,9050222,2024-06-14,Late Delivery,3936.79
302807,9050252,2024-02-13,Late Delivery,3992.55
302808,9050264,2025-09-06,Changed Mind,694.31
302809,9050272,2024-01-16,Quality Issue,1017.54
302810,9050289,2024-06-28,Changed Mind,34885.99
302811,9050297,2024-09-07,Damaged,629.98
302812,9050324,2024-09-05,Damaged,1910.59
302813,9050339,2025-07-24,Quality Issue,912.51
302814,9050371,2025-01-23,Late Delivery,2743.74
302815,9050384,2024-06-07,Changed Mind,2045.82
302816,9050387,2025-02-21,Changed Mind,2259.71
302817,9050404,2025-07-20,Changed Mind,1847.0
302818,9050408,2024-09-13,Changed Mind,8222.45
302819,9050421,2025-09-19,Wrong Item,1255.68
302820,9050423,2025-08-17,Late Delivery,2364.4
302821,9050439,2024-10-03,Damaged,1407.18
302822,9050515,2024-09-21,Late Delivery,2924.6
302823,9050581,2025-05-16,Late Delivery,13525.8
302824,9050585,2024-12-09,Late Delivery,1120.3
302825,9050592,2024-09-16,Changed Mind,1047.0
302826,9050629,2025-11-10,Quality Issue,406.3
302827,9050637,2024-08-10,Changed Mind,647.44
302828,9050654,2025-12-23,Wrong Item,845.6
302829,9050664,2024-08-11,Wrong Item,29285.82
302830,9050668,2026-01-02,Quality Issue,3605.4
302831,9050678,2024-02-03,Damaged,838.38
302832,9050723,2024-05-31,Wrong Item,1700.4
302833,9050735,2024-07-17,Changed Mind,765.46
302834,9050741,2024-03-07,Late Delivery,2137.85
302835,9050787,2025-02-11,Quality Issue,1181.11
302836,9050788,2024-02-02,Quality Issue,21238.56
302837,9050821,2025-05-22,Changed Mind,2637.5
302838,9050832,2024-12-20,Quality Issue,386.26
302839,9050834,2025-06-01,Damaged,1844.08
302840,9050838,2024-08-18,Damaged,6830.26
302841,9050854,2025-06-26,Damaged,5598.87
302842,9050856,2025-04-04,Quality Issue,413.24
302843,9050871,2025-05-27,Damaged,5935.64
302844,9050901,2024-12-03,Wrong Item,9627.44
302845,9050910,2024-06-05,Wrong Item,2439.92
302846,9050920,2024-11-17,Quality Issue,267.66
302847,9050930,2025-06-23,Wrong Item,2959.98
302848,9050969,2024-10-24,Wrong Item,4967.04
302849,9050985,2025-04-10,Quality Issue,2019.22
302850,9050989,2025-02-08,Wrong Item,5797.22
302851,9051021,2025-06-29,Damaged,804.98
302852,9051059,2025-08-05,Wrong Item,366.48
302853,9051072,2025-06-19,Late Delivery,2818.78
302854,9051099,2024-01-15,Damaged,2975.7
302855,9051114,2024-05-09,Changed Mind,2569.79
302856,9051116,2024-03-03,Damaged,642.91
302857,9051122,2025-09-29,Quality Issue,5429.82
302858,9051123,2024-04-13,Changed Mind,927.89
302859,9051144,2025-09-18,Quality Issue,454.49
302860,9051153,2024-03-24,Changed Mind,588.77
302861,9051157,2024-11-02,Damaged,6804.54
302862,9051201,2024-08-04,Changed Mind,963.39
302863,9051212,2025-02-20,Late Delivery,790.3
302864,9051214,2025-10-21,Late Delivery,6189.4
302865,9051225,2024-08-14,Damaged,94.05
302866,9051243,2024-12-02,Quality Issue,3334.58
302867,9051272,2024-10-11,Damaged,3563.49
302868,9051274,2024-06-12,Quality Issue,2042.58
302869,9051292,2025-06-22,Late Delivery,770.17
302870,9051344,2025-05-09,Changed Mind,954.45
302871,9051345,2024-07-25,Changed Mind,40714.36
302872,9051348,2025-06-01,Quality Issue,69171.08
302873,9051359,2024-12-09,Late Delivery,1028.1
302874,9051392,2024-11-26,Quality Issue,578.82
302875,9051445,2025-05-29,Wrong Item,700.03
302876,9051446,2024-12-01,Damaged,1237.35
302877,9051464,2025-06-09,Changed Mind,2531.83
302878,9051476,2025-12-31,Quality Issue,2652.18
302879,9051489,2024-03-05,Quality Issue,3827.74
302880,9051507,2025-12-25,Quality Issue,3071.88
302881,9051525,2024-07-02,Wrong Item,1044.08
302882,9051531,2025-05-03,Damaged,11840.35
302883,9051533,2025-03-08,Quality Issue,195.28
302884,9051564,2024-10-17,Damaged,444.88
302885,9051587,2025-04-18,Changed Mind,744.85
302886,9051591,2025-11-16,Changed Mind,23959.35
302887,9051616,2024-09-06,Damaged,8367.41
302888,9051643,2024-11-24,Changed Mind,4522.07
302889,9051659,2025-02-03,Damaged,803.89
302890,9051660,2025-04-02,Changed Mind,332.15
302891,9051667,2025-09-18,Quality Issue,77817.47
302892,9051712,2025-01-07,Damaged,10566.19
302893,9051719,2024-08-03,Late Delivery,500.53
302894,9051736,2025-08-10,Changed Mind,1738.12
302895,9051743,2025-07-23,Wrong Item,1297.14
302896,9051758,2024-04-18,Quality Issue,4845.53
302897,9051793,2024-02-09,Quality Issue,3796.75
302898,9051797,2024-10-10,Damaged,1155.36
302899,9051871,2024-03-01,Changed Mind,1225.59
302900,9051904,2025-09-28,Late Delivery,306.59
302901,9051950,2024-12-25,Quality Issue,619.35
302902,9051951,2025-03-16,Damaged,1114.4
302903,9051970,2024-10-04,Wrong Item,3508.77
302904,9051978,2024-06-24,Quality Issue,2120.19
302905,9051981,2025-12-09,Changed Mind,2002.65
302906,9052010,2025-08-20,Damaged,5456.72
302907,9052026,2025-06-13,Changed Mind,2064.2
302908,9052051,2025-06-30,Quality Issue,315.15
302909,9052063,2025-05-11,Damaged,1145.17
302910,9052068,2025-08-15,Damaged,23358.68
302911,9052142,2025-01-26,Damaged,499.89
302912,9052164,2024-04-16,Wrong Item,658.34
302913,9052179,2025-05-30,Quality Issue,66351.43
302914,9052185,2024-12-24,Late Delivery,5576.15
302915,9052200,2025-04-12,Quality Issue,6969.59
302916,9052219,2024-10-09,Damaged,474.07
302917,9052234,2024-06-25,Quality Issue,390.89
302918,9052237,2024-10-07,Wrong Item,3350.1
302919,9052241,2025-04-25,Changed Mind,24086.99
302920,9052295,2025-06-05,Quality Issue,610.63
302921,9052310,2024-05-15,Quality Issue,383.89
302922,9052321,2025-08-09,Changed Mind,1423.5
302923,9052325,2025-08-02,Damaged,1704.91
302924,9052340,2024-08-25,Damaged,17548.05
302925,9052354,2025-08-24,Wrong Item,1307.4
302926,9052374,2025-07-31,Changed Mind,7574.3
302927,9052391,2024-09-29,Changed Mind,5878.15
302928,9052393,2025-10-17,Changed Mind,3350.7
302929,9052404,2025-02-16,Quality Issue,14346.69
302930,9052463,2024-04-07,Wrong Item,152.69
302931,9052468,2025-09-03,Damaged,6533.47
302932,9052472,2025-06-22,Damaged,8790.0
302933,9052497,2024-01-27,Late Delivery,854.36
302934,9052498,2025-11-29,Late Delivery,4180.02
302935,9052505,2025-06-03,Late Delivery,2149.4
302936,9052511,2024-08-03,Damaged,2515.91
302937,9052523,2025-09-16,Late Delivery,575.57
302938,9052585,2024-08-19,Wrong Item,345.61
302939,9052630,2025-12-15,Quality Issue,2918.68
302940,9052648,2025-11-19,Damaged,3431.18
302941,9052649,2025-04-04,Late Delivery,1866.54
302942,9052674,2025-09-08,Damaged,497.66
302943,9052693,2024-07-03,Changed Mind,1860.17
302944,9052754,2025-10-12,Wrong Item,2137.76
302945,9052759,2024-01-28,Late Delivery,8453.96
302946,9052773,2025-06-02,Wrong Item,12335.37
302947,9052830,2024-05-11,Damaged,515.3
302948,9052860,2024-11-02,Wrong Item,16574.23
302949,9052862,2025-05-08,Damaged,1463.27
302950,9052870,2024-06-06,Quality Issue,931.53
302951,9052902,2025-08-20,Late Delivery,2220.78
302952,9052903,2024-10-29,Changed Mind,1297.78
302953,9052916,2024-05-02,Changed Mind,660.31
302954,9052917,2024-04-29,Quality Issue,6115.5
302955,9052948,2024-06-08,Quality Issue,1134.66
302956,9052958,2024-07-10,Late Delivery,589.13
302957,9052961,2025-06-04,Damaged,949.4
302958,9053040,2025-05-09,Changed Mind,14090.78
302959,9053058,2024-09-07,Late Delivery,988.72
302960,9053078,2024-02-04,Damaged,1215.38
302961,9053096,2024-09-27,Changed Mind,4090.93
302962,9053136,2025-11-13,Changed Mind,506.16
302963,9053196,2024-03-04,Damaged,798.12
302964,9053197,2025-05-05,Quality Issue,1942.92
302965,9053220,2025-01-19,Damaged,3258.9
302966,9053231,2025-02-06,Late Delivery,99.0
302967,9053260,2024-05-28,Wrong Item,1380.88
302968,9053270,2025-07-06,Late Delivery,16179.83
302969,9053275,2025-09-13,Quality Issue,2673.16
302970,9053307,2024-04-25,Wrong Item,379.29
302971,9053311,2025-07-23,Quality Issue,1263.47
302972,9053323,2025-03-18,Wrong Item,25227.84
302973,9053339,2025-06-28,Quality Issue,2367.18
302974,9053352,2024-06-13,Changed Mind,499.82
302975,9053355,2024-02-29,Damaged,7085.49
302976,9053357,2024-06-29,Late Delivery,1285.98
302977,9053372,2024-04-02,Quality Issue,4023.85
302978,9053433,2025-03-16,Wrong Item,17497.23
302979,9053466,2024-07-30,Quality Issue,817.33
302980,9053504,2024-11-09,Late Delivery,5777.94
302981,9053510,2024-06-14,Changed Mind,1035.56
302982,9053527,2025-04-17,Late Delivery,1299.52
302983,9053533,2025-04-11,Changed Mind,598.19
302984,9053534,2024-10-19,Damaged,578.66
302985,9053577,2025-03-10,Late Delivery,1225.81
302986,9053586,2024-07-07,Late Delivery,7611.43
302987,9053604,2025-12-18,Damaged,924.35
302988,9053636,2024-08-20,Quality Issue,3228.43
302989,9053647,2025-07-24,Late Delivery,973.89
302990,9053711,2024-12-21,Damaged,460.66
302991,9053745,2025-05-18,Damaged,9520.14
302992,9053754,2024-07-26,Quality Issue,1806.34
302993,9053767,2024-04-29,Wrong Item,762.18
302994,9053779,2024-04-28,Changed Mind,4573.87
302995,9053783,2025-04-23,Wrong Item,771.42
302996,9053811,2024-07-11,Quality Issue,851.72
302997,9053815,2026-01-01,Wrong Item,3146.64
302998,9053817,2024-03-07,Damaged,893.56
302999,9053859,2025-03-16,Quality Issue,77991.32
303000,9053865,2024-09-10,Damaged,28823.8
303001,9053871,2024-03-11,Quality Issue,358.43
303002,9053903,2025-09-12,Wrong Item,2348.07
303003,9053931,2025-05-29,Late Delivery,567.58
303004,9053941,2025-11-03,Changed Mind,1248.22
303005,9053953,2025-11-06,Late Delivery,8955.43
303006,9053955,2024-07-13,Quality Issue,2115.67
303007,9054025,2024-11-17,Damaged,987.21
303008,9054027,2025-02-03,Late Delivery,2035.48
303009,9054058,2025-03-25,Quality Issue,1042.36
303010,9054074,2024-03-02,Quality Issue,606.63
303011,9054077,2025-11-21,Changed Mind,7637.18
303012,9054112,2025-03-21,Changed Mind,10830.99
303013,9054114,2024-06-16,Damaged,1637.47
303014,9054136,2024-06-09,Damaged,4108.76
303015,9054162,2024-09-22,Damaged,1381.39
303016,9054165,2024-09-22,Quality Issue,3206.65
303017,9054174,2025-09-16,Late Delivery,1747.77
303018,9054180,2024-07-08,Damaged,1239.09
303019,9054189,2025-08-28,Late Delivery,953.96
303020,9054226,2024-10-11,Quality Issue,3478.23
303021,9054231,2025-05-21,Changed Mind,37304.36
303022,9054241,2024-03-27,Quality Issue,4670.58
303023,9054292,2025-07-18,Late Delivery,1566.95
303024,9054305,2025-10-01,Late Delivery,20220.35
303025,9054310,2025-10-30,Changed Mind,4763.69
303026,9054312,2024-07-21,Late Delivery,2861.07
303027,9054323,2025-09-01,Quality Issue,10473.02
303028,9054335,2024-07-17,Changed Mind,23530.47
303029,9054346,2024-02-21,Late Delivery,661.14
303030,9054357,2025-05-29,Quality Issue,510.58
303031,9054375,2024-12-14,Changed Mind,2093.69
303032,9054391,2024-12-14,Changed Mind,1407.17
303033,9054396,2024-09-23,Late Delivery,1927.3
303034,9054407,2024-03-23,Quality Issue,2063.43
303035,9054426,2024-05-01,Damaged,2794.59
303036,9054439,2024-09-28,Late Delivery,1265.18
303037,9054452,2025-01-19,Late Delivery,5775.95
303038,9054465,2024-08-12,Wrong Item,379.63
303039,9054466,2024-03-09,Damaged,1976.0
303040,9054482,2024-05-06,Quality Issue,826.88
303041,9054528,2025-04-01,Late Delivery,394.65
303042,9054540,2025-09-06,Quality Issue,2611.24
303043,9054549,2024-07-13,Wrong Item,1675.86
303044,9054553,2025-10-14,Wrong Item,9301.22
303045,9054569,2025-01-07,Changed Mind,148.9
303046,9054591,2025-01-06,Quality Issue,453.04
303047,9054593,2025-03-05,Changed Mind,5546.04
303048,9054604,2025-07-09,Quality Issue,1899.49
303049,9054608,2025-07-19,Damaged,14829.58
303050,9054635,2024-07-09,Quality Issue,608.56
303051,9054645,2025-09-07,Changed Mind,1263.19
303052,9054655,2024-12-01,Wrong Item,477.96
303053,9054671,2025-04-17,Wrong Item,4008.58
303054,9054742,2024-07-10,Damaged,2985.34
303055,9054751,2024-01-14,Wrong Item,526.2
303056,9054755,2024-08-05,Wrong Item,2244.0
303057,9054791,2025-07-03,Late Delivery,4390.88
303058,9054798,2024-08-29,Damaged,1096.14
303059,9054818,2025-12-05,Wrong Item,4179.83
303060,9054873,2025-04-01,Changed Mind,5812.2
303061,9054897,2025-11-06,Wrong Item,5961.96
303062,9054898,2025-01-09,Wrong Item,2180.97
303063,9054905,2025-03-01,Quality Issue,1810.72
303064,9054948,2024-05-08,Quality Issue,226.99
303065,9055026,2024-03-08,Damaged,1059.91
303066,9055030,2024-05-20,Damaged,1042.17
303067,9055063,2024-10-06,Wrong Item,2571.5
303068,9055085,2024-12-25,Changed Mind,4660.27
303069,9055095,2024-02-08,Wrong Item,1314.78
303070,9055123,2024-06-19,Damaged,1048.03
303071,9055158,2025-12-05,Quality Issue,603.65
303072,9055176,2024-03-04,Wrong Item,6655.57
303073,9055252,2024-02-21,Late Delivery,2331.89
303074,9055257,2025-05-07,Quality Issue,2524.95
303075,9055293,2025-04-20,Quality Issue,2300.9
303076,9055306,2025-03-24,Quality Issue,38300.73
303077,9055320,2024-12-21,Wrong Item,1432.88
303078,9055343,2025-08-30,Damaged,10608.04
303079,9055351,2024-08-28,Late Delivery,4164.4
303080,9055383,2024-06-09,Quality Issue,8791.6
303081,9055411,2024-06-15,Damaged,3372.9
303082,9055427,2024-06-15,Quality Issue,711.28
303083,9055452,2025-08-13,Changed Mind,4477.52
303084,9055524,2024-09-25,Damaged,2110.16
303085,9055555,2024-09-22,Damaged,1090.89
303086,9055559,2025-09-09,Changed Mind,3753.4
303087,9055565,2025-08-29,Wrong Item,504.99
303088,9055598,2025-08-25,Late Delivery,22138.2
303089,9055602,2024-06-11,Damaged,804.89
303090,9055603,2025-08-28,Late Delivery,2367.65
303091,9055651,2025-05-31,Changed Mind,1290.14
303092,9055672,2025-05-19,Changed Mind,2989.52
303093,9055677,2024-05-14,Damaged,35220.46
303094,9055686,2024-07-08,Damaged,458.21
303095,9055731,2025-03-29,Damaged,1419.26
303096,9055753,2025-03-22,Damaged,35729.66
303097,9055767,2024-12-15,Quality Issue,865.68
303098,9055818,2024-12-12,Quality Issue,1159.91
303099,9055850,2025-03-02,Wrong Item,2366.76
303100,9055854,2025-10-06,Quality Issue,2648.27
303101,9055869,2025-08-30,Late Delivery,3126.16
303102,9055890,2024-09-08,Wrong Item,1957.54
303103,9055917,2025-08-13,Wrong Item,509.67
303104,9055936,2024-03-10,Wrong Item,2669.43
303105,9055947,2024-05-08,Quality Issue,11864.12
303106,9055952,2025-05-16,Quality Issue,465.18
303107,9055970,2024-03-29,Damaged,699.19
303108,9055985,2024-07-19,Damaged,3311.88
303109,9056002,2024-11-14,Quality Issue,2773.02
303110,9056016,2025-04-27,Changed Mind,2052.84
303111,9056023,2024-03-11,Wrong Item,7587.9
303112,9056026,2024-09-23,Changed Mind,656.68
303113,9056041,2024-02-03,Damaged,68053.82
303114,9056045,2024-02-29,Damaged,411.02
303115,9056048,2025-04-28,Damaged,257.26
303116,9056059,2024-05-28,Changed Mind,17988.34
303117,9056071,2025-01-31,Damaged,713.69
303118,9056102,2024-09-14,Quality Issue,1963.35
303119,9056147,2025-10-05,Changed Mind,1457.61
303120,9056159,2025-12-17,Quality Issue,611.7
303121,9056187,2024-05-08,Changed Mind,14513.0
303122,9056201,2025-12-02,Quality Issue,13918.02
303123,9056236,2026-01-08,Damaged,431.08
303124,9056267,2025-06-22,Late Delivery,5784.93
303125,9056333,2024-12-08,Quality Issue,9444.03
303126,9056338,2025-06-30,Changed Mind,1815.27
303127,9056353,2024-11-03,Late Delivery,1855.78
303128,9056401,2024-09-15,Quality Issue,1672.23
303129,9056406,2024-09-01,Changed Mind,8121.13
303130,9056427,2024-12-17,Quality Issue,2572.97
303131,9056445,2024-12-02,Late Delivery,5600.05
303132,9056446,2025-03-20,Changed Mind,727.84
303133,9056462,2025-05-16,Quality Issue,11831.36
303134,9056485,2024-01-19,Changed Mind,574.24
303135,9056497,2024-08-26,Wrong Item,1234.1
303136,9056499,2024-10-29,Damaged,1160.41
303137,9056507,2025-04-17,Wrong Item,1030.43
303138,9056543,2024-10-12,Wrong Item,483.64
303139,9056549,2025-04-28,Damaged,3180.2
303140,9056560,2025-07-07,Quality Issue,2025.73
303141,9056576,2024-05-28,Quality Issue,2999.48
303142,9056577,2025-09-03,Damaged,76216.78
303143,9056595,2024-09-14,Damaged,1247.17
303144,9056605,2024-09-09,Changed Mind,2848.89
303145,9056610,2025-03-30,Wrong Item,8302.09
303146,9056625,2024-06-19,Wrong Item,2568.58
303147,9056643,2025-06-25,Late Delivery,302.28
303148,9056656,2025-12-28,Late Delivery,866.35
303149,9056677,2025-11-30,Quality Issue,4061.92
303150,9056698,2024-03-28,Late Delivery,36756.11
303151,9056713,2024-05-25,Quality Issue,856.46
303152,9056721,2025-02-22,Quality Issue,1019.64
303153,9056734,2025-01-09,Late Delivery,21226.74
303154,9056738,2025-05-12,Wrong Item,610.88
303155,9056743,2025-12-15,Changed Mind,2639.62
303156,9056754,2025-09-20,Late Delivery,3309.98
303157,9056791,2024-10-17,Wrong Item,2307.41
303158,9056818,2024-05-11,Damaged,2647.87
303159,9056820,2025-11-11,Damaged,1878.74
303160,9056845,2024-07-28,Changed Mind,2262.53
303161,9056883,2025-02-23,Quality Issue,1334.16
303162,9056898,2025-03-11,Changed Mind,423.72
303163,9056909,2025-02-19,Wrong Item,560.93
303164,9056932,2024-04-04,Quality Issue,500.4
303165,9056959,2025-12-06,Late Delivery,3166.79
303166,9056967,2024-09-25,Quality Issue,1091.77
303167,9056988,2025-10-01,Wrong Item,874.02
303168,9057026,2025-01-10,Damaged,1173.2
303169,9057040,2025-07-22,Changed Mind,778.07
303170,9057042,2024-07-08,Damaged,2888.26
303171,9057058,2024-12-30,Quality Issue,5537.89
303172,9057077,2024-03-18,Damaged,1473.38
303173,9057083,2025-05-13,Damaged,120.85
303174,9057086,2024-12-11,Damaged,1814.08
303175,9057103,2025-03-18,Changed Mind,3226.09
303176,9057109,2024-09-14,Changed Mind,2780.66
303177,9057157,2025-05-26,Damaged,3880.96
303178,9057165,2024-10-12,Quality Issue,1140.63
303179,9057196,2024-09-27,Wrong Item,780.68
303180,9057213,2025-01-12,Wrong Item,16647.62
303181,9057222,2024-02-11,Damaged,2797.41
303182,9057225,2025-03-06,Late Delivery,2097.56
303183,9057237,2025-02-25,Damaged,2420.63
303184,9057286,2025-12-28,Late Delivery,2152.12
303185,9057308,2024-06-26,Late Delivery,2447.61
303186,9057329,2025-04-16,Late Delivery,2760.38
303187,9057372,2024-08-25,Wrong Item,1215.96
303188,9057378,2025-10-12,Quality Issue,729.19
303189,9057405,2025-08-11,Damaged,958.61
303190,9057415,2024-05-03,Changed Mind,1606.64
303191,9057417,2024-03-02,Changed Mind,314.1
303192,9057422,2025-05-07,Damaged,53158.71
303193,9057446,2024-08-05,Quality Issue,34227.64
303194,9057456,2025-08-27,Quality Issue,16188.75
303195,9057463,2025-10-02,Wrong Item,643.03
303196,9057464,2025-05-05,Wrong Item,811.64
303197,9057536,2024-10-28,Late Delivery,7183.26
303198,9057575,2025-01-18,Quality Issue,4612.27
303199,9057584,2025-02-28,Quality Issue,1216.48
303200,9057609,2026-01-05,Quality Issue,2689.56
303201,9057628,2024-09-30,Late Delivery,1658.11
303202,9057641,2024-04-02,Changed Mind,1027.75
303203,9057664,2024-11-19,Wrong Item,2220.96
303204,9057701,2025-01-23,Damaged,604.57
303205,9057724,2025-11-26,Damaged,34697.82
303206,9057740,2024-01-13,Changed Mind,12798.68
303207,9057763,2025-09-27,Late Delivery,951.92
303208,9057812,2025-02-03,Changed Mind,1403.69
303209,9057835,2024-03-10,Changed Mind,2373.75
303210,9057836,2024-02-22,Quality Issue,30796.93
303211,9057837,2024-07-19,Damaged,504.2
303212,9057856,2024-04-17,Changed Mind,21266.82
303213,9057893,2024-06-09,Late Delivery,1864.0
303214,9057908,2024-01-22,Damaged,2723.1
303215,9057910,2025-07-15,Quality Issue,1147.75
303216,9057916,2025-01-14,Quality Issue,19777.5
303217,9057936,2024-08-20,Changed Mind,780.96
303218,9057944,2024-11-12,Damaged,1928.31
303219,9057948,2024-03-20,Damaged,2046.08
303220,9058013,2025-03-08,Changed Mind,968.27
303221,9058060,2024-03-02,Wrong Item,873.89
303222,9058083,2024-12-03,Late Delivery,1507.33
303223,9058091,2024-05-27,Damaged,17610.23
303224,9058095,2025-08-12,Quality Issue,15243.36
303225,9058107,2025-10-07,Changed Mind,438.16
303226,9058124,2025-04-13,Late Delivery,16729.72
303227,9058146,2025-12-21,Damaged,6571.3
303228,9058203,2025-08-19,Damaged,3206.41
303229,9058254,2024-07-02,Damaged,2773.02
303230,9058297,2025-07-23,Late Delivery,1075.47
303231,9058341,2025-09-20,Late Delivery,640.18
303232,9058346,2025-12-08,Quality Issue,377.88
303233,9058371,2024-03-09,Late Delivery,325.32
303234,9058410,2025-07-12,Wrong Item,5587.88
303235,9058442,2025-12-06,Wrong Item,166.87
303236,9058478,2025-06-18,Quality Issue,892.16
303237,9058487,2024-12-07,Wrong Item,3745.04
303238,9058512,2025-05-04,Late Delivery,14550.84
303239,9058521,2025-02-26,Late Delivery,423.34
303240,9058533,2025-03-02,Late Delivery,869.06
303241,9058547,2024-07-24,Damaged,1060.5
303242,9058579,2024-08-30,Quality Issue,5396.25
303243,9058597,2025-11-12,Changed Mind,424.2
303244,9058607,2025-01-04,Late Delivery,2237.93
303245,9058620,2025-08-10,Changed Mind,740.9
303246,9058650,2025-08-18,Changed Mind,2557.27
303247,9058656,2024-05-21,Damaged,841.62
303248,9058671,2025-07-02,Changed Mind,4247.76
303249,9058685,2025-12-16,Quality Issue,2303.72
303250,9058732,2024-02-17,Quality Issue,301.31
303251,9058740,2024-05-08,Quality Issue,1577.55
303252,9058780,2024-11-12,Late Delivery,1072.43
303253,9058781,2025-08-22,Wrong Item,767.45
303254,9058803,2024-04-10,Late Delivery,1624.39
303255,9058804,2026-01-07,Late Delivery,2085.73
303256,9058815,2024-06-17,Damaged,3358.9
303257,9058825,2024-02-26,Late Delivery,2497.25
303258,9058830,2025-06-26,Late Delivery,3034.31
303259,9058888,2025-06-18,Wrong Item,1860.17
303260,9058902,2024-02-29,Changed Mind,1389.84
303261,9058907,2024-09-21,Changed Mind,3445.03
303262,9058939,2026-01-01,Changed Mind,4644.25
303263,9058946,2025-10-07,Wrong Item,2578.7
303264,9058973,2025-11-27,Late Delivery,15665.03
303265,9058977,2024-11-18,Wrong Item,10414.33
303266,9058978,2024-12-22,Quality Issue,3273.76
303267,9059002,2024-12-24,Late Delivery,314.1
303268,9059009,2024-07-11,Quality Issue,1869.78
303269,9059028,2024-11-06,Changed Mind,648.63
303270,9059041,2024-01-12,Late Delivery,406.3
303271,9059049,2025-01-06,Damaged,3628.25
303272,9059072,2024-02-24,Damaged,2096.55
303273,9059083,2024-11-29,Late Delivery,3927.63
303274,9059087,2026-01-15,Wrong Item,1476.4
303275,9059126,2024-08-10,Wrong Item,2585.9
303276,9059141,2025-10-30,Late Delivery,337.65
303277,9059150,2024-02-03,Wrong Item,761.14
303278,9059153,2025-10-03,Damaged,1278.15
303279,9059178,2025-04-16,Late Delivery,2439.29
303280,9059181,2025-02-08,Late Delivery,1810.02
303281,9059194,2025-05-25,Changed Mind,1528.2
303282,9059205,2024-08-13,Quality Issue,403.36
303283,9059211,2025-05-18,Wrong Item,14696.11
303284,9059212,2024-09-20,Quality Issue,2029.8
303285,9059229,2025-07-08,Changed Mind,1160.2
303286,9059254,2024-11-11,Damaged,3769.07
303287,9059297,2024-07-09,Changed Mind,9403.4
303288,9059302,2024-09-20,Damaged,24500.77
303289,9059303,2025-03-12,Quality Issue,1102.8
303290,9059332,2025-11-07,Damaged,541.84
303291,9059379,2024-10-10,Damaged,31547.51
303292,9059380,2024-10-18,Changed Mind,1313.88
303293,9059419,2024-12-22,Damaged,1668.16
303294,9059422,2025-04-07,Wrong Item,10373.72
303295,9059489,2024-12-07,Wrong Item,3409.11
303296,9059496,2025-02-16,Wrong Item,819.1
303297,9059517,2024-10-07,Late Delivery,8013.78
303298,9059551,2025-02-10,Changed Mind,1815.77
303299,9059554,2025-10-04,Wrong Item,4717.42
303300,9059594,2025-02-12,Damaged,708.62
303301,9059629,2025-02-08,Late Delivery,5375.09
303302,9059670,2024-08-13,Changed Mind,3258.85
303303,9059683,2025-12-31,Late Delivery,2822.64
303304,9059699,2024-08-17,Wrong Item,374.06
303305,9059703,2024-12-14,Damaged,914.18
303306,9059713,2025-10-28,Quality Issue,3228.15
303307,9059735,2025-12-30,Wrong Item,1130.38
303308,9059813,2025-12-25,Damaged,4976.0
303309,9059821,2025-06-12,Quality Issue,4353.86
303310,9059846,2024-11-18,Late Delivery,1076.91
303311,9059853,2024-09-04,Changed Mind,640.76
303312,9059873,2024-08-12,Late Delivery,6910.4
303313,9059874,2024-06-10,Quality Issue,2809.08
303314,9059877,2025-05-09,Damaged,3112.32
303315,9059885,2024-05-20,Quality Issue,7665.62
303316,9059900,2025-06-25,Late Delivery,1452.24
303317,9059934,2024-08-10,Quality Issue,2644.98
303318,9059963,2025-09-02,Changed Mind,405.38
303319,9059972,2025-06-25,Damaged,4122.66
303320,9059977,2024-03-26,Wrong Item,877.01
303321,9059991,2024-11-24,Wrong Item,939.12
303322,9060014,2025-08-13,Late Delivery,2584.12
303323,9060051,2025-02-01,Quality Issue,792.02
303324,9060056,2024-05-01,Changed Mind,17339.02
303325,9060073,2025-05-13,Wrong Item,2644.4
303326,9060083,2025-10-05,Changed Mind,3706.76
303327,9060086,2025-01-09,Wrong Item,2000.4
303328,9060093,2024-04-13,Damaged,689.66
303329,9060109,2024-10-28,Quality Issue,1370.66
303330,9060120,2024-12-29,Quality Issue,1874.76
303331,9060143,2024-03-04,Wrong Item,15295.69
303332,9060145,2025-09-01,Changed Mind,555.14
303333,9060192,2025-12-07,Damaged,948.68
303334,9060205,2025-09-17,Late Delivery,2367.72
303335,9060207,2025-11-15,Quality Issue,533.85
303336,9060230,2025-05-03,Damaged,702.98
303337,9060267,2025-08-14,Changed Mind,1403.69
303338,9060276,2025-09-26,Wrong Item,1350.24
303339,9060284,2024-03-24,Late Delivery,1426.18
303340,9060286,2024-06-21,Changed Mind,1060.99
303341,9060310,2025-03-26,Damaged,2165.58
303342,9060318,2025-10-16,Damaged,322.04
303343,9060346,2025-11-29,Damaged,18262.01
303344,9060348,2025-04-25,Wrong Item,1958.64
303345,9060386,2025-08-10,Damaged,9131.66
303346,9060391,2025-08-09,Wrong Item,723.5
303347,9060396,2025-10-04,Wrong Item,803.56
303348,9060400,2024-11-04,Changed Mind,831.67
303349,9060405,2024-06-18,Quality Issue,588.84
303350,9060444,2024-11-18,Damaged,12601.15
303351,9060448,2024-12-10,Damaged,1003.52
303352,9060469,2025-01-07,Wrong Item,605.09
303353,9060481,2024-07-12,Changed Mind,1103.72
303354,9060505,2025-05-23,Quality Issue,2514.16
303355,9060563,2025-06-07,Wrong Item,4290.97
303356,9060573,2025-10-05,Damaged,6407.29
303357,9060592,2024-05-09,Changed Mind,3693.33
303358,9060595,2025-09-15,Late Delivery,2091.85
303359,9060609,2025-12-17,Late Delivery,2346.44
303360,9060617,2025-10-29,Damaged,3126.16
303361,9060624,2025-03-06,Late Delivery,1284.8
303362,9060641,2024-01-26,Quality Issue,2768.08
303363,9060703,2025-02-23,Changed Mind,421.74
303364,9060706,2024-12-31,Changed Mind,1782.78
303365,9060713,2025-04-20,Wrong Item,17629.49
303366,9060855,2024-05-04,Changed Mind,3604.65
303367,9060865,2025-11-10,Wrong Item,790.53
303368,9060904,2024-11-12,Wrong Item,1440.96
303369,9060911,2025-12-18,Quality Issue,378.8
303370,9060916,2025-10-17,Damaged,2571.1
303371,9060930,2024-02-29,Late Delivery,1103.47
303372,9060985,2024-03-24,Wrong Item,3893.83
303373,9060993,2025-03-01,Quality Issue,1123.17
303374,9061000,2025-03-07,Wrong Item,684.96
303375,9061002,2024-12-17,Damaged,2570.49
303376,9061007,2025-01-27,Late Delivery,1602.22
303377,9061011,2024-10-26,Wrong Item,1078.03
303378,9061014,2024-08-06,Late Delivery,591.96
303379,9061050,2025-10-14,Damaged,2406.98
303380,9061067,2025-06-04,Wrong Item,7689.82
303381,9061103,2025-10-01,Quality Issue,350.72
303382,9061139,2024-08-21,Quality Issue,391.35
303383,9061177,2025-06-23,Wrong Item,4856.26
303384,9061198,2024-12-23,Damaged,4099.8
303385,9061224,2025-06-10,Changed Mind,815.59
303386,9061243,2025-08-20,Damaged,1354.28
303387,9061244,2025-05-23,Late Delivery,5443.71
303388,9061259,2025-03-31,Late Delivery,1765.1
303389,9061279,2025-05-16,Late Delivery,1563.03
303390,9061281,2025-01-10,Late Delivery,2576.56
303391,9061296,2024-07-08,Damaged,6115.0
303392,9061306,2024-04-22,Changed Mind,739.44
303393,9061308,2025-12-04,Late Delivery,14540.84
303394,9061373,2025-12-30,Damaged,7680.44
303395,9061400,2024-06-06,Wrong Item,7252.7
303396,9061482,2024-10-27,Late Delivery,4703.2
303397,9061483,2025-07-22,Wrong Item,5906.7
303398,9061509,2025-03-02,Quality Issue,363.93
303399,9061538,2025-04-29,Changed Mind,576.99
303400,9061545,2024-06-20,Quality Issue,445.5
303401,9061546,2024-12-14,Late Delivery,2963.56
303402,9061614,2025-10-22,Wrong Item,967.28
303403,9061621,2024-05-12,Damaged,695.83
303404,9061627,2024-04-14,Late Delivery,390.47
303405,9061629,2024-06-02,Changed Mind,2738.05
303406,9061635,2025-01-19,Wrong Item,4525.51
303407,9061692,2024-07-28,Late Delivery,3472.96
303408,9061719,2024-10-19,Damaged,568.66
303409,9061724,2025-03-09,Late Delivery,1893.58
303410,9061731,2025-04-13,Changed Mind,361.61
303411,9061732,2024-02-15,Damaged,1441.9
303412,9061744,2025-05-24,Wrong Item,4026.11
303413,9061775,2024-08-26,Changed Mind,610.63
303414,9061787,2024-09-26,Changed Mind,1195.59
303415,9061795,2024-09-30,Changed Mind,907.56
303416,9061797,2025-09-08,Late Delivery,2530.62
303417,9061822,2025-11-11,Wrong Item,2246.64
303418,9061839,2024-06-11,Damaged,3441.7
303419,9061888,2024-12-06,Changed Mind,979.52
303420,9061904,2024-04-02,Quality Issue,882.8
303421,9061909,2025-11-08,Changed Mind,2372.82
303422,9061963,2025-09-15,Quality Issue,40895.56
303423,9061995,2024-07-27,Late Delivery,2997.77
303424,9062019,2025-04-30,Damaged,1857.07
303425,9062050,2024-12-16,Late Delivery,4315.88
303426,9062062,2025-08-30,Late Delivery,3187.78
303427,9062083,2025-08-21,Wrong Item,1116.34
303428,9062089,2025-01-29,Wrong Item,7832.61
303429,9062091,2025-12-30,Damaged,392.56
303430,9062093,2025-09-29,Wrong Item,2273.08
303431,9062099,2025-12-26,Changed Mind,811.85
303432,9062107,2025-06-02,Changed Mind,954.78
303433,9062180,2025-03-30,Late Delivery,4028.72
303434,9062187,2025-05-31,Damaged,1793.26
303435,9062197,2024-11-25,Late Delivery,528.23
303436,9062214,2024-05-08,Quality Issue,1097.96
303437,9062237,2025-02-04,Late Delivery,2740.82
303438,9062243,2025-11-23,Damaged,981.07
303439,9062308,2024-08-18,Late Delivery,855.53
303440,9062327,2024-02-21,Wrong Item,829.34
303441,9062355,2024-06-13,Quality Issue,527.17
303442,9062356,2024-12-26,Late Delivery,971.32
303443,9062375,2025-11-21,Late Delivery,6877.34
303444,9062425,2025-01-22,Late Delivery,1248.22
303445,9062434,2024-10-01,Quality Issue,2804.16
303446,9062440,2025-12-14,Late Delivery,961.23
303447,9062464,2024-07-12,Quality Issue,1939.84
303448,9062478,2024-11-02,Damaged,813.17
303449,9062505,2025-06-14,Changed Mind,12801.66
303450,9062509,2024-09-06,Quality Issue,3213.51
303451,9062513,2024-01-24,Wrong Item,31100.14
303452,9062529,2025-07-20,Changed Mind,6305.28
303453,9062549,2025-07-30,Damaged,1402.48
303454,9062557,2024-11-15,Changed Mind,57327.24
303455,9062571,2024-06-30,Damaged,12861.96
303456,9062593,2025-02-04,Late Delivery,22430.31
303457,9062595,2025-10-01,Wrong Item,26463.07
303458,9062663,2024-10-04,Wrong Item,4576.35
303459,9062681,2024-04-11,Wrong Item,1253.58
303460,9062682,2025-12-31,Quality Issue,4209.25
303461,9062700,2024-12-12,Quality Issue,648.51
303462,9062708,2024-05-04,Wrong Item,34585.54
303463,9062713,2025-05-17,Damaged,15100.9
303464,9062722,2025-05-02,Wrong Item,647.78
303465,9062725,2024-01-31,Quality Issue,655.06
303466,9062726,2024-01-15,Changed Mind,701.29
303467,9062769,2025-08-10,Quality Issue,1886.11
303468,9062770,2025-07-02,Changed Mind,1271.61
303469,9062772,2024-11-08,Wrong Item,1461.01
303470,9062774,2024-01-17,Wrong Item,655.53
303471,9062786,2024-07-24,Wrong Item,1343.72
303472,9062806,2025-10-14,Damaged,2134.65
303473,9062814,2025-11-19,Changed Mind,4499.61
303474,9062844,2024-11-12,Wrong Item,1091.21
303475,9062848,2024-01-15,Quality Issue,2210.12
303476,9062856,2024-09-09,Changed Mind,6164.8
303477,9062868,2024-04-23,Quality Issue,11838.74
303478,9062872,2024-07-19,Wrong Item,2307.04
303479,9062879,2025-12-14,Changed Mind,1171.44
303480,9062881,2025-02-03,Damaged,1033.28
303481,9062904,2025-07-16,Damaged,1533.49
303482,9062949,2024-03-02,Late Delivery,1504.76
303483,9062986,2025-01-10,Wrong Item,2031.12
303484,9063098,2024-07-18,Quality Issue,1861.01
303485,9063127,2024-09-17,Quality Issue,2007.04
303486,9063134,2025-11-23,Wrong Item,963.33
303487,9063148,2025-12-13,Changed Mind,57975.28
303488,9063157,2025-02-15,Changed Mind,279.7
303489,9063170,2025-04-23,Late Delivery,2031.59
303490,9063184,2025-11-01,Quality Issue,905.0
303491,9063189,2025-03-25,Changed Mind,715.41
303492,9063192,2024-02-23,Late Delivery,1865.22
303493,9063194,2024-05-29,Wrong Item,993.14
303494,9063200,2025-08-31,Wrong Item,2495.72
303495,9063211,2025-04-15,Damaged,859.42
303496,9063213,2025-09-29,Quality Issue,1888.68
303497,9063224,2024-05-24,Late Delivery,547.38
303498,9063237,2024-04-30,Changed Mind,6095.1
303499,9063242,2025-12-22,Changed Mind,822.21
303500,9063255,2024-07-24,Damaged,1040.99
303501,9063292,2024-05-24,Changed Mind,36084.32
303502,9063297,2025-11-20,Wrong Item,750.82
303503,9063302,2025-10-02,Late Delivery,1076.73
303504,9063312,2025-08-19,Wrong Item,3668.24
303505,9063347,2024-08-17,Quality Issue,1938.93
303506,9063364,2024-04-25,Damaged,476.79
303507,9063386,2025-10-03,Changed Mind,799.76
303508,9063387,2024-04-30,Late Delivery,1141.28
303509,9063390,2024-01-22,Changed Mind,19352.5
303510,9063405,2025-11-22,Late Delivery,494.39
303511,9063427,2025-09-23,Wrong Item,16242.72
303512,9063478,2025-12-22,Changed Mind,2828.69
303513,9063499,2024-05-05,Damaged,2810.3
303514,9063501,2025-01-10,Wrong Item,4116.49
303515,9063539,2025-11-18,Damaged,1579.59
303516,9063540,2025-10-31,Damaged,1357.46
303517,9063629,2025-07-26,Damaged,99.0
303518,9063644,2025-11-02,Damaged,1093.03
303519,9063653,2025-09-24,Quality Issue,448.64
303520,9063686,2025-11-17,Wrong Item,4412.76
303521,9063702,2024-09-23,Damaged,2033.85
303522,9063706,2025-06-13,Wrong Item,328.33
303523,9063707,2024-09-08,Wrong Item,16208.91
303524,9063742,2024-05-25,Damaged,3473.66
303525,9063747,2025-02-16,Wrong Item,2408.01
303526,9063752,2025-11-29,Wrong Item,2473.9
303527,9063854,2026-01-02,Quality Issue,5906.54
303528,9063869,2024-12-21,Damaged,1557.11
303529,9063878,2024-08-18,Wrong Item,655.52
303530,9063887,2025-07-04,Changed Mind,2914.77
303531,9063940,2025-05-24,Quality Issue,2737.6
303532,9063941,2024-02-25,Changed Mind,17688.1
303533,9063945,2025-08-01,Damaged,4153.79
303534,9064018,2024-05-24,Wrong Item,2376.97
303535,9064029,2025-03-11,Late Delivery,3689.07
303536,9064127,2025-04-29,Late Delivery,900.2
303537,9064186,2024-06-25,Wrong Item,2110.42
303538,9064196,2025-09-05,Changed Mind,37148.18
303539,9064205,2024-10-08,Damaged,1289.94
303540,9064242,2024-02-02,Wrong Item,915.03
303541,9064244,2025-08-29,Damaged,3083.07
303542,9064247,2025-09-16,Quality Issue,729.84
303543,9064267,2025-09-27,Damaged,905.08
303544,9064274,2024-10-31,Changed Mind,737.53
303545,9064300,2024-04-22,Damaged,875.42
303546,9064314,2025-12-02,Quality Issue,20515.69
303547,9064386,2025-09-06,Damaged,1033.53
303548,9064387,2025-07-05,Damaged,2839.76
303549,9064407,2025-02-03,Quality Issue,453.07
303550,9064410,2024-06-25,Changed Mind,476.92
303551,9064413,2025-05-14,Changed Mind,4293.24
303552,9064423,2024-10-16,Late Delivery,578.32
303553,9064453,2024-07-11,Damaged,1728.39
303554,9064457,2024-03-21,Damaged,2495.37
303555,9064459,2025-07-01,Late Delivery,3246.3
303556,9064503,2024-05-08,Changed Mind,2566.35
303557,9064508,2024-06-25,Damaged,1125.26
303558,9064518,2024-01-29,Changed Mind,2122.33
303559,9064549,2024-09-28,Damaged,2706.83
303560,9064564,2024-07-05,Late Delivery,27207.34
303561,9064579,2024-11-02,Changed Mind,2480.68
303562,9064638,2025-01-06,Late Delivery,3088.43
303563,9064646,2025-03-20,Quality Issue,1148.31
303564,9064668,2025-06-22,Late Delivery,5716.03
303565,9064683,2025-05-23,Damaged,10166.23
303566,9064702,2025-07-16,Damaged,723.2
303567,9064703,2025-06-11,Late Delivery,4257.16
303568,9064705,2024-05-19,Damaged,269.38
303569,9064727,2024-03-22,Wrong Item,9090.96
303570,9064739,2024-10-30,Quality Issue,7245.47
303571,9064745,2025-10-20,Damaged,545.88
303572,9064747,2024-07-11,Late Delivery,9060.54
303573,9064754,2025-03-29,Damaged,2199.74
303574,9064775,2025-10-26,Damaged,961.53
303575,9064791,2024-01-30,Late Delivery,688.74
303576,9064827,2025-01-25,Damaged,360.86
303577,9064849,2024-05-21,Damaged,923.17
303578,9064854,2025-11-25,Quality Issue,304.09
303579,9064870,2025-09-04,Changed Mind,23843.96
303580,9064912,2025-03-18,Late Delivery,2605.16
303581,9064913,2024-09-03,Changed Mind,1384.8
303582,9064922,2025-08-22,Changed Mind,3639.2
303583,9064927,2024-07-12,Changed Mind,18199.34
303584,9064936,2024-11-06,Changed Mind,1423.5
303585,9064977,2024-09-24,Late Delivery,490.41
303586,9064991,2024-04-07,Wrong Item,1212.23
303587,9065044,2024-09-27,Changed Mind,1615.11
303588,9065076,2025-11-02,Changed Mind,2605.76
303589,9065078,2024-05-15,Quality Issue,2050.39
303590,9065099,2024-01-21,Quality Issue,1891.92
303591,9065136,2024-08-08,Late Delivery,689.45
303592,9065137,2025-07-30,Wrong Item,2097.0
303593,9065146,2024-01-19,Quality Issue,423.85
303594,9065159,2025-05-11,Quality Issue,750.38
303595,9065163,2025-08-17,Quality Issue,578.0
303596,9065172,2024-04-09,Wrong Item,1199.62
303597,9065175,2025-12-13,Late Delivery,1539.08
303598,9065181,2024-12-31,Quality Issue,683.59
303599,9065183,2025-05-17,Changed Mind,13565.72
303600,9065186,2024-05-27,Wrong Item,1146.78
303601,9065216,2025-08-28,Late Delivery,7770.82
303602,9065219,2024-04-24,Quality Issue,939.12
303603,9065222,2025-12-03,Quality Issue,1933.95
303604,9065225,2024-04-01,Wrong Item,49530.9
303605,9065229,2025-09-11,Damaged,18031.01
303606,9065269,2025-01-18,Quality Issue,14796.77
303607,9065301,2025-05-04,Damaged,1385.09
303608,9065320,2024-03-22,Changed Mind,816.75
303609,9065321,2024-11-27,Late Delivery,965.35
303610,9065329,2025-10-25,Quality Issue,1936.54
303611,9065342,2025-04-26,Changed Mind,800.55
303612,9065349,2024-05-20,Changed Mind,59329.65
303613,9065358,2025-09-14,Wrong Item,4611.25
303614,9065361,2025-06-11,Changed Mind,3608.24
303615,9065379,2024-02-13,Damaged,721.41
303616,9065399,2024-12-26,Wrong Item,981.85
303617,9065419,2024-07-22,Late Delivery,2831.93
303618,9065424,2024-09-30,Changed Mind,954.78
303619,9065432,2024-03-02,Changed Mind,2966.03
303620,9065433,2025-06-30,Damaged,1075.47
303621,9065434,2025-09-16,Quality Issue,3122.87
303622,9065461,2025-09-02,Late Delivery,698.84
303623,9065463,2025-09-22,Damaged,3902.72
303624,9065471,2025-07-29,Damaged,1179.24
303625,9065474,2025-04-10,Damaged,376.69
303626,9065505,2025-11-06,Wrong Item,4670.58
303627,9065541,2025-06-26,Late Delivery,36430.33
303628,9065542,2025-07-10,Late Delivery,1089.85
303629,9065560,2024-05-15,Late Delivery,9911.33
303630,9065626,2025-07-26,Damaged,760.49
303631,9065630,2025-12-19,Wrong Item,3221.42
303632,9065636,2025-07-30,Wrong Item,1016.16
303633,9065640,2025-12-21,Late Delivery,68122.81
303634,9065643,2025-04-04,Late Delivery,3285.65
303635,9065645,2025-07-13,Changed Mind,2442.51
303636,9065678,2024-11-22,Late Delivery,770.92
303637,9065699,2025-02-19,Wrong Item,390.58
303638,9065737,2025-01-10,Late Delivery,257.29
303639,9065745,2025-03-11,Damaged,12601.34
303640,9065806,2025-10-08,Wrong Item,2199.91
303641,9065814,2025-10-16,Quality Issue,1259.79
303642,9065822,2025-02-18,Damaged,711.28
303643,9065834,2024-06-16,Changed Mind,7170.19
303644,9065837,2025-11-30,Damaged,17446.56
303645,9065888,2025-07-15,Late Delivery,2835.35
303646,9065893,2024-11-22,Damaged,18001.91
303647,9065897,2025-12-11,Quality Issue,3766.61
303648,9065921,2024-12-09,Quality Issue,2262.44
303649,9065923,2024-05-25,Damaged,5270.15
303650,9065949,2025-04-05,Wrong Item,1557.11
303651,9065984,2024-02-03,Quality Issue,16208.91
303652,9066009,2025-11-01,Changed Mind,1949.43
303653,9066027,2024-11-27,Damaged,485.89
303654,9066049,2024-03-20,Changed Mind,17016.81
303655,9066093,2024-01-21,Changed Mind,4589.26
303656,9066095,2025-10-30,Damaged,770.56
303657,9066145,2024-11-12,Quality Issue,2064.24
303658,9066147,2025-11-07,Late Delivery,242.82
303659,9066163,2024-06-28,Quality Issue,1625.98
303660,9066218,2025-03-09,Wrong Item,9447.32
303661,9066227,2024-09-16,Damaged,9332.28
303662,9066261,2024-05-12,Damaged,5469.19
303663,9066289,2025-09-29,Late Delivery,3939.69
303664,9066295,2024-09-17,Quality Issue,2849.29
303665,9066309,2024-11-29,Changed Mind,612.99
303666,9066321,2024-11-01,Quality Issue,673.48
303667,9066335,2025-06-27,Changed Mind,3341.16
303668,9066342,2024-04-13,Quality Issue,6289.78
303669,9066354,2024-11-23,Wrong Item,1973.24
303670,9066375,2025-05-04,Quality Issue,1366.82
303671,9066428,2025-06-08,Damaged,805.84
303672,9066432,2024-11-23,Late Delivery,7423.19
303673,9066453,2025-01-25,Damaged,648.63
303674,9066474,2024-04-11,Late Delivery,5778.78
303675,9066502,2025-01-09,Wrong Item,1911.31
303676,9066512,2025-01-29,Late Delivery,2250.81
303677,9066527,2024-05-23,Late Delivery,1581.64
303678,9066589,2025-03-07,Damaged,13221.01
303679,9066607,2025-08-13,Wrong Item,1119.38
303680,9066608,2024-11-01,Quality Issue,3057.5
303681,9066622,2025-11-05,Quality Issue,463.0
303682,9066648,2024-08-20,Damaged,10163.35
303683,9066660,2024-12-12,Quality Issue,837.71
303684,9066682,2025-02-24,Wrong Item,467.06
303685,9066696,2024-08-31,Quality Issue,32359.66
303686,9066725,2025-02-11,Wrong Item,1463.27
303687,9066728,2025-09-27,Damaged,3635.53
303688,9066736,2024-03-25,Late Delivery,3635.53
303689,9066782,2024-03-03,Quality Issue,19461.56
303690,9066789,2024-02-22,Quality Issue,5991.26
303691,9066854,2025-02-26,Changed Mind,6095.09
303692,9066860,2025-11-03,Late Delivery,5165.04
303693,9066866,2024-05-26,Wrong Item,402.44
303694,9066869,2024-06-18,Late Delivery,1453.36
303695,9066876,2026-01-01,Wrong Item,15773.76
303696,9066884,2024-06-24,Changed Mind,2953.35
303697,9066949,2024-10-29,Wrong Item,3258.88
303698,9066963,2026-01-06,Late Delivery,523.98
303699,9066980,2024-06-24,Changed Mind,4215.16
303700,9067003,2025-08-18,Quality Issue,1081.74
303701,9067019,2025-09-20,Wrong Item,7261.09
303702,9067029,2024-11-27,Late Delivery,5114.54
303703,9067041,2025-01-20,Late Delivery,368.81
303704,9067050,2024-04-17,Wrong Item,525.34
303705,9067084,2025-03-11,Wrong Item,710.18
303706,9067093,2025-05-28,Changed Mind,8555.43
303707,9067100,2025-01-17,Wrong Item,482.93
303708,9067159,2025-12-19,Late Delivery,6314.63
303709,9067164,2024-07-19,Damaged,1317.7
303710,9067187,2025-03-15,Quality Issue,1129.39
303711,9067189,2024-06-01,Late Delivery,6258.4
303712,9067235,2024-12-18,Late Delivery,2569.41
303713,9067276,2024-12-09,Changed Mind,4907.05
303714,9067287,2025-11-21,Wrong Item,1044.63
303715,9067308,2024-06-01,Changed Mind,823.92
303716,9067309,2024-04-08,Wrong Item,2817.98
303717,9067342,2025-08-19,Late Delivery,813.1
303718,9067346,2024-04-06,Quality Issue,587.42
303719,9067376,2024-08-14,Damaged,421.22
303720,9067382,2025-07-31,Damaged,824.98
303721,9067417,2024-04-18,Wrong Item,2341.03
303722,9067420,2025-08-23,Changed Mind,157.45
303723,9067422,2024-08-19,Damaged,1109.3
303724,9067446,2025-06-13,Damaged,424.2
303725,9067457,2024-10-20,Changed Mind,602.67
303726,9067464,2025-10-24,Damaged,756.84
303727,9067465,2025-01-30,Wrong Item,897.58
303728,9067539,2024-11-22,Late Delivery,1301.78
303729,9067541,2025-03-04,Changed Mind,19269.89
303730,9067542,2024-09-18,Wrong Item,4671.58
303731,9067562,2025-06-27,Late Delivery,11292.95
303732,9067572,2025-08-11,Changed Mind,526.67
303733,9067584,2025-11-09,Late Delivery,2401.64
303734,9067591,2025-04-01,Changed Mind,1020.92
303735,9067599,2024-09-23,Quality Issue,1350.93
303736,9067607,2025-08-06,Late Delivery,4072.55
303737,9067624,2024-09-03,Damaged,2843.11
303738,9067643,2025-03-21,Wrong Item,18023.87
303739,9067654,2025-01-12,Quality Issue,902.93
303740,9067663,2025-03-23,Damaged,567.38
303741,9067671,2025-06-10,Changed Mind,2584.12
303742,9067688,2025-07-24,Quality Issue,4089.3
303743,9067701,2025-10-29,Changed Mind,401.92
303744,9067714,2024-12-28,Changed Mind,1458.14
303745,9067736,2024-11-18,Wrong Item,9622.71
303746,9067737,2025-12-09,Late Delivery,572.02
303747,9067779,2025-11-09,Late Delivery,3089.62
303748,9067782,2025-07-09,Damaged,5672.34
303749,9067787,2025-05-22,Damaged,343.5
303750,9067806,2024-06-25,Damaged,1757.44
303751,9067820,2025-09-08,Changed Mind,3181.28
303752,9067852,2024-11-22,Damaged,20441.52
303753,9067884,2024-05-17,Quality Issue,3457.47
303754,9067895,2024-08-13,Late Delivery,358.43
303755,9067903,2024-07-04,Changed Mind,706.86
303756,9067936,2025-02-23,Quality Issue,24656.39
303757,9067958,2024-12-01,Changed Mind,497.18
303758,9067991,2024-03-18,Changed Mind,2128.58
303759,9067993,2024-04-06,Changed Mind,4179.83
303760,9068012,2024-07-27,Quality Issue,288.59
303761,9068022,2024-10-19,Changed Mind,923.17
303762,9068043,2025-09-06,Wrong Item,648.9
303763,9068052,2025-07-19,Changed Mind,14304.41
303764,9068076,2024-11-23,Wrong Item,663.31
303765,9068080,2024-07-17,Late Delivery,2574.88
303766,9068100,2025-09-17,Damaged,1766.67
303767,9068101,2025-07-04,Damaged,1800.84
303768,9068127,2025-10-12,Damaged,2675.33
303769,9068132,2024-02-16,Wrong Item,971.46
303770,9068154,2024-04-10,Wrong Item,1836.61
303771,9068168,2025-11-05,Changed Mind,714.86
303772,9068207,2024-06-17,Late Delivery,5415.44
303773,9068208,2024-08-24,Changed Mind,1644.31
303774,9068211,2024-06-25,Wrong Item,206.56
303775,9068212,2024-08-16,Quality Issue,5143.0
303776,9068219,2025-06-08,Wrong Item,5647.9
303777,9068228,2024-05-07,Late Delivery,1365.54
303778,9068242,2025-04-15,Changed Mind,10311.87
303779,9068251,2024-02-01,Damaged,1188.88
303780,9068293,2024-06-28,Quality Issue,1791.1
303781,9068301,2024-12-04,Wrong Item,5813.48
303782,9068320,2025-02-28,Wrong Item,3766.61
303783,9068323,2024-01-25,Wrong Item,1275.88
303784,9068370,2025-01-03,Wrong Item,3555.68
303785,9068377,2025-02-20,Quality Issue,1823.53
303786,9068399,2025-06-01,Quality Issue,29659.15
303787,9068404,2024-05-15,Damaged,8865.67
303788,9068409,2025-03-11,Quality Issue,497.52
303789,9068414,2024-07-17,Damaged,2578.7
303790,9068443,2024-02-04,Late Delivery,529.34
303791,9068460,2024-11-12,Changed Mind,2052.22
303792,9068461,2025-09-15,Quality Issue,1134.66
303793,9068474,2024-09-23,Wrong Item,1546.81
303794,9068479,2025-10-19,Changed Mind,1301.92
303795,9068487,2024-09-21,Wrong Item,1163.22
303796,9068490,2025-10-13,Changed Mind,2597.04
303797,9068499,2025-03-18,Wrong Item,2325.36
303798,9068503,2025-05-16,Quality Issue,903.17
303799,9068544,2024-04-30,Damaged,2441.3
303800,9068567,2025-03-03,Late Delivery,859.42
303801,9068596,2025-09-01,Late Delivery,21266.82
303802,9068601,2025-03-31,Late Delivery,878.72
303803,9068604,2024-08-29,Wrong Item,9217.29
303804,9068695,2025-09-23,Wrong Item,1285.55
303805,9068729,2024-11-10,Damaged,99.0
303806,9068773,2024-02-09,Changed Mind,1969.48
303807,9068784,2025-04-28,Wrong Item,2110.42
303808,9068794,2024-07-16,Late Delivery,1221.26
303809,9068830,2024-09-04,Wrong Item,720.95
303810,9068838,2025-02-19,Late Delivery,6195.72
303811,9068886,2024-09-27,Damaged,1522.08
303812,9068898,2024-12-19,Damaged,2001.66
303813,9068899,2024-08-21,Damaged,583.77
303814,9068913,2025-10-18,Wrong Item,732.39
303815,9068915,2024-06-17,Wrong Item,1684.15
303816,9068923,2026-01-13,Wrong Item,3264.19
303817,9068931,2024-05-27,Wrong Item,4787.48
303818,9068974,2025-08-26,Changed Mind,1812.69
303819,9068989,2024-02-18,Quality Issue,1105.04
303820,9069009,2025-12-17,Damaged,2454.94
303821,9069026,2025-08-16,Damaged,1318.75
303822,9069033,2025-11-15,Changed Mind,2035.26
303823,9069038,2025-09-01,Changed Mind,800.07
303824,9069050,2024-03-23,Damaged,804.17
303825,9069060,2024-06-06,Changed Mind,1821.01
303826,9069084,2025-10-27,Changed Mind,1376.21
303827,9069102,2024-06-03,Damaged,1760.76
303828,9069107,2025-07-12,Quality Issue,9832.5
303829,9069131,2025-05-24,Quality Issue,351.01
303830,9069133,2024-01-25,Quality Issue,580.1
303831,9069140,2024-07-30,Quality Issue,1542.71
303832,9069179,2024-11-07,Quality Issue,2585.24
303833,9069194,2025-09-03,Changed Mind,1110.37
303834,9069220,2025-03-21,Quality Issue,8266.41
303835,9069228,2024-01-19,Wrong Item,10879.15
303836,9069237,2025-10-14,Changed Mind,1446.58
303837,9069242,2025-07-30,Quality Issue,5499.78
303838,9069255,2025-12-20,Damaged,2376.0
303839,9069258,2025-01-05,Quality Issue,1054.89
303840,9069270,2025-06-22,Damaged,6676.97
303841,9069294,2025-05-11,Wrong Item,1033.48
303842,9069322,2026-01-13,Quality Issue,919.86
303843,9069329,2024-05-17,Damaged,1913.72
303844,9069338,2024-12-08,Wrong Item,917.26
303845,9069347,2025-03-11,Damaged,3150.74
303846,9069357,2024-12-06,Changed Mind,6263.99
303847,9069360,2025-04-22,Late Delivery,2319.82
303848,9069390,2025-08-15,Changed Mind,723.2
303849,9069424,2024-02-14,Late Delivery,346.61
303850,9069432,2025-12-12,Damaged,7060.19
303851,9069438,2024-04-15,Wrong Item,2892.82
303852,9069483,2024-10-24,Changed Mind,1090.36
303853,9069522,2024-07-23,Quality Issue,6782.86
303854,9069549,2024-03-21,Quality Issue,304.09
303855,9069574,2025-07-30,Changed Mind,53166.24
303856,9069593,2025-02-04,Damaged,632.45
303857,9069636,2024-07-19,Wrong Item,786.31
303858,9069655,2025-10-22,Wrong Item,2284.89
303859,9069684,2024-06-27,Changed Mind,20733.43
303860,9069695,2026-01-05,Quality Issue,436.2
303861,9069701,2025-04-07,Late Delivery,3583.72
303862,9069715,2024-03-01,Wrong Item,1254.07
303863,9069716,2024-08-16,Wrong Item,1211.53
303864,9069746,2024-11-30,Wrong Item,706.99
303865,9069761,2025-06-24,Wrong Item,3453.75
303866,9069769,2025-02-18,Quality Issue,451.56
303867,9069790,2024-09-22,Damaged,1259.63
303868,9069797,2024-01-25,Late Delivery,1014.06
303869,9069812,2025-05-20,Late Delivery,1214.13
303870,9069837,2025-04-19,Quality Issue,3066.39
303871,9069846,2025-09-09,Changed Mind,1781.46
303872,9069850,2024-05-05,Quality Issue,19071.34
303873,9069909,2025-04-08,Late Delivery,4933.15
303874,9069911,2025-03-13,Quality Issue,803.32
303875,9069939,2024-01-26,Late Delivery,4454.58
303876,9069985,2025-11-27,Changed Mind,2788.66
303877,9070004,2025-04-30,Quality Issue,1960.94
303878,9070021,2024-03-25,Damaged,583.0
303879,9070028,2025-07-23,Damaged,4972.27
303880,9070071,2025-10-16,Quality Issue,764.84
303881,9070089,2025-04-25,Wrong Item,1309.11
303882,9070120,2024-01-18,Wrong Item,1894.43
303883,9070135,2025-08-06,Damaged,2275.2
303884,9070137,2025-12-10,Changed Mind,1205.74
303885,9070163,2024-02-22,Damaged,831.87
303886,9070165,2025-07-10,Changed Mind,726.21
303887,9070186,2024-10-08,Wrong Item,647.51
303888,9070188,2024-08-23,Quality Issue,4251.29
303889,9070194,2025-02-17,Changed Mind,1762.37
303890,9070199,2026-01-04,Wrong Item,544.92
303891,9070209,2024-04-23,Changed Mind,1382.74
303892,9070266,2024-08-14,Wrong Item,1240.35
303893,9070280,2024-10-25,Quality Issue,1897.7
303894,9070284,2025-01-08,Late Delivery,10416.24
303895,9070330,2024-04-14,Wrong Item,2695.06
303896,9070363,2026-01-06,Changed Mind,1374.1
303897,9070369,2025-10-13,Changed Mind,6002.12
303898,9070381,2025-12-19,Late Delivery,2150.12
303899,9070386,2024-11-22,Late Delivery,1059.68
303900,9070418,2025-02-07,Late Delivery,5236.51
303901,9070423,2024-09-08,Wrong Item,10500.18
303902,9070439,2025-08-16,Quality Issue,1599.52
303903,9070447,2024-10-18,Late Delivery,14873.6
303904,9070461,2024-09-20,Wrong Item,802.22
303905,9070471,2024-09-21,Wrong Item,186.11
303906,9070478,2024-05-09,Late Delivery,730.44
303907,9070492,2024-08-03,Changed Mind,467.59
303908,9070518,2025-05-15,Damaged,1802.32
303909,9070539,2025-11-21,Wrong Item,18199.34
303910,9070540,2024-07-17,Late Delivery,659.76
303911,9070553,2024-02-21,Changed Mind,531.48
303912,9070587,2025-03-20,Quality Issue,509.15
303913,9070648,2025-02-27,Wrong Item,34257.58
303914,9070685,2024-06-01,Late Delivery,914.18
303915,9070755,2024-09-17,Changed Mind,773.49
303916,9070783,2025-07-30,Late Delivery,3354.56
303917,9070824,2024-04-11,Damaged,2895.87
303918,9070892,2024-06-06,Quality Issue,1157.88
303919,9070899,2025-08-24,Damaged,2919.12
303920,9070929,2025-02-09,Changed Mind,3457.28
303921,9070930,2024-09-15,Quality Issue,1814.57
303922,9070943,2025-01-05,Damaged,2891.93
303923,9070947,2025-06-29,Changed Mind,4099.76
303924,9070979,2025-11-10,Damaged,1458.07
303925,9070986,2024-05-21,Wrong Item,1268.75
303926,9071002,2026-01-08,Changed Mind,4315.58
303927,9071052,2024-10-15,Quality Issue,3038.38
303928,9071077,2025-08-21,Late Delivery,1035.03
303929,9071079,2025-05-29,Wrong Item,2305.64
303930,9071104,2025-01-18,Damaged,4879.58
303931,9071105,2025-12-29,Wrong Item,1423.59
303932,9071129,2024-12-15,Changed Mind,7067.72
303933,9071152,2024-04-15,Late Delivery,775.94
303934,9071187,2025-05-22,Changed Mind,7768.04
303935,9071188,2024-10-27,Changed Mind,2118.64
303936,9071192,2025-06-14,Late Delivery,505.01
303937,9071216,2025-03-13,Wrong Item,2514.16
303938,9071222,2025-06-24,Damaged,301.09
303939,9071243,2025-02-12,Changed Mind,7667.88
303940,9071246,2024-09-08,Late Delivery,4522.07
303941,9071257,2024-10-13,Wrong Item,1813.14
303942,9071281,2024-12-15,Changed Mind,8183.2
303943,9071320,2024-05-07,Late Delivery,805.84
303944,9071328,2024-01-17,Damaged,1310.53
303945,9071365,2025-12-03,Damaged,595.46
303946,9071370,2024-12-03,Late Delivery,547.42
303947,9071389,2025-01-02,Quality Issue,1090.36
303948,9071397,2025-03-21,Quality Issue,1336.51
303949,9071410,2024-07-18,Changed Mind,1433.02
303950,9071418,2025-06-11,Changed Mind,3413.74
303951,9071421,2025-06-23,Damaged,3671.39
303952,9071422,2024-08-11,Wrong Item,881.53
303953,9071438,2024-04-30,Changed Mind,560.47
303954,9071445,2024-08-17,Late Delivery,8787.69
303955,9071507,2024-02-05,Damaged,460.95
303956,9071512,2024-05-05,Damaged,4059.57
303957,9071528,2025-02-05,Late Delivery,1366.88
303958,9071535,2025-10-26,Quality Issue,1909.64
303959,9071536,2024-08-21,Wrong Item,1838.12
303960,9071599,2024-04-24,Damaged,2154.98
303961,9071630,2025-02-02,Quality Issue,3472.96
303962,9071659,2024-04-02,Late Delivery,2477.55
303963,9071665,2025-05-13,Damaged,1030.87
303964,9071672,2025-12-09,Quality Issue,1158.88
303965,9071689,2024-07-11,Changed Mind,1063.41
303966,9071719,2024-10-10,Damaged,860.88
303967,9071731,2024-10-23,Quality Issue,18032.51
303968,9071740,2025-07-08,Late Delivery,265.39
303969,9071749,2025-04-22,Wrong Item,15130.06
303970,9071752,2025-06-19,Changed Mind,19128.66
303971,9071781,2024-09-16,Wrong Item,15512.56
303972,9071799,2025-02-04,Late Delivery,557.2
303973,9071816,2024-01-28,Changed Mind,16208.91
303974,9071831,2024-02-26,Quality Issue,1233.06
303975,9071844,2024-06-19,Late Delivery,860.35
303976,9071846,2024-08-10,Late Delivery,1094.64
303977,9071876,2024-12-29,Late Delivery,2835.35
303978,9071903,2025-11-17,Wrong Item,19449.13
303979,9071930,2025-10-05,Quality Issue,14425.79
303980,9071946,2024-10-30,Quality Issue,535.79
303981,9071974,2024-11-10,Wrong Item,1423.89
303982,9071978,2025-04-28,Quality Issue,1003.52
303983,9071995,2025-06-08,Changed Mind,2740.97
303984,9072015,2024-01-18,Changed Mind,901.82
303985,9072024,2025-05-24,Late Delivery,2829.22
303986,9072036,2025-12-10,Late Delivery,5925.89
303987,9072059,2025-07-09,Damaged,247.13
303988,9072063,2025-01-20,Quality Issue,2361.69
303989,9072085,2024-05-24,Changed Mind,37016.62
303990,9072097,2024-06-07,Wrong Item,6110.4
303991,9072137,2025-08-30,Changed Mind,2389.1
303992,9072151,2024-11-02,Changed Mind,1051.39
303993,9072160,2025-05-24,Wrong Item,3096.34
303994,9072166,2024-08-06,Late Delivery,50923.92
303995,9072217,2025-01-14,Damaged,1636.99
303996,9072231,2025-05-08,Changed Mind,4641.18
303997,9072250,2025-11-21,Quality Issue,2098.7
303998,9072297,2025-07-27,Damaged,524.2
303999,9072316,2025-05-16,Wrong Item,28757.54
304000,9072348,2024-08-07,Quality Issue,7700.4
304001,9072351,2025-09-05,Wrong Item,20005.28
304002,9072369,2024-12-18,Damaged,1921.31
304003,9072372,2025-01-14,Wrong Item,1529.01
304004,9072374,2025-05-28,Late Delivery,827.26
304005,9072381,2025-12-16,Late Delivery,5105.97
304006,9072401,2025-11-02,Wrong Item,79.2
304007,9072423,2025-03-11,Quality Issue,1259.63
304008,9072462,2024-05-30,Damaged,800.38
304009,9072475,2025-06-21,Wrong Item,1852.41
304010,9072487,2025-06-05,Changed Mind,7429.86
304011,9072505,2025-06-03,Damaged,5546.04
304012,9072517,2024-08-25,Quality Issue,382.42
304013,9072538,2024-08-28,Late Delivery,319.89
304014,9072562,2025-10-30,Wrong Item,3246.33
304015,9072580,2025-12-26,Damaged,826.61
304016,9072598,2024-02-07,Quality Issue,423.73
304017,9072602,2025-10-30,Wrong Item,12934.95
304018,9072623,2025-10-17,Wrong Item,1502.76
304019,9072624,2024-10-17,Wrong Item,1160.41
304020,9072682,2024-10-17,Changed Mind,1150.59
304021,9072697,2024-09-09,Late Delivery,16529.61
304022,9072735,2024-06-29,Changed Mind,35082.12
304023,9072786,2025-04-05,Damaged,563.03
304024,9072798,2025-03-12,Late Delivery,3600.33
304025,9072846,2024-07-20,Quality Issue,2377.8
304026,9072861,2025-06-09,Damaged,2853.98
304027,9072917,2025-10-01,Changed Mind,606.63
304028,9072943,2025-06-19,Wrong Item,861.11
304029,9072952,2024-05-01,Late Delivery,23031.94
304030,9072999,2025-01-05,Damaged,2531.11
304031,9073020,2025-03-27,Wrong Item,10125.29
304032,9073023,2024-02-09,Quality Issue,720.46
304033,9073025,2025-07-05,Wrong Item,1398.59
304034,9073036,2024-06-03,Damaged,13831.62
304035,9073041,2025-06-05,Wrong Item,652.53
304036,9073048,2025-08-14,Wrong Item,4932.14
304037,9073057,2024-07-12,Damaged,331.4
304038,9073062,2025-02-24,Changed Mind,2797.41
304039,9073115,2025-10-13,Late Delivery,688.28
304040,9073126,2025-09-24,Wrong Item,4033.1
304041,9073127,2024-07-20,Changed Mind,1275.11
304042,9073133,2024-07-08,Damaged,1272.8
304043,9073162,2024-10-17,Damaged,1032.97
304044,9073174,2025-02-08,Damaged,1734.94
304045,9073181,2024-09-28,Changed Mind,1030.6
304046,9073217,2025-01-01,Damaged,79004.48
304047,9073237,2025-03-12,Late Delivery,15824.81
304048,9073258,2024-01-26,Wrong Item,1812.8
304049,9073264,2024-01-28,Quality Issue,2474.58
304050,9073276,2025-09-15,Quality Issue,725.85
304051,9073304,2025-07-11,Late Delivery,884.33
304052,9073305,2024-07-13,Quality Issue,8016.13
304053,9073309,2025-05-24,Changed Mind,433.93
304054,9073316,2024-08-10,Quality Issue,1753.99
304055,9073320,2025-05-20,Late Delivery,9925.05
304056,9073321,2024-10-20,Quality Issue,20003.84
304057,9073326,2025-01-26,Wrong Item,2244.91
304058,9073338,2025-08-02,Quality Issue,722.81
304059,9073352,2025-09-22,Quality Issue,361.61
304060,9073358,2025-12-11,Late Delivery,5180.88
304061,9073390,2024-10-01,Damaged,1281.1
304062,9073423,2025-06-04,Changed Mind,1004.97
304063,9073430,2024-01-31,Changed Mind,586.6
304064,9073442,2024-06-24,Wrong Item,6322.16
304065,9073446,2025-07-05,Damaged,698.85
304066,9073453,2024-05-19,Changed Mind,4904.89
304067,9073461,2024-04-11,Late Delivery,3592.48
304068,9073527,2024-10-20,Quality Issue,3897.12
304069,9073535,2025-11-20,Quality Issue,739.85
304070,9073545,2025-03-13,Damaged,2570.19
304071,9073563,2024-06-16,Wrong Item,22467.05
304072,9073577,2024-04-19,Changed Mind,978.12
304073,9073599,2025-01-20,Late Delivery,1952.82
304074,9073640,2025-03-08,Wrong Item,2514.86
304075,9073645,2024-12-10,Wrong Item,4978.08
304076,9073648,2024-02-15,Quality Issue,2265.0
304077,9073669,2025-11-12,Quality Issue,29089.5
304078,9073716,2024-02-20,Late Delivery,6413.28
304079,9073765,2025-10-22,Wrong Item,122.15
304080,9073827,2025-07-16,Late Delivery,1865.98
304081,9073835,2025-07-05,Wrong Item,2532.6
304082,9073862,2025-06-29,Late Delivery,4708.56
304083,9073899,2024-11-21,Quality Issue,775.12
304084,9073901,2024-02-18,Late Delivery,3063.9
304085,9073922,2024-12-19,Damaged,568.8
304086,9073923,2024-07-21,Changed Mind,4404.78
304087,9073930,2024-03-14,Wrong Item,266.85
304088,9073977,2025-07-24,Damaged,970.65
304089,9073983,2024-08-26,Wrong Item,1436.97
304090,9074005,2024-09-05,Quality Issue,2976.84
304091,9074008,2024-01-11,Changed Mind,504.2
304092,9074012,2024-08-11,Wrong Item,721.5
304093,9074018,2025-05-11,Late Delivery,48953.8
304094,9074032,2024-04-12,Quality Issue,1227.29
304095,9074036,2025-04-02,Late Delivery,3552.96
304096,9074057,2024-04-05,Damaged,661.62
304097,9074093,2024-03-01,Damaged,676.18
304098,9074108,2024-07-04,Damaged,4593.24
304099,9074109,2024-08-11,Damaged,63396.83
304100,9074125,2024-12-14,Late Delivery,2697.16
304101,9074131,2025-08-28,Damaged,949.27
304102,9074136,2025-03-02,Changed Mind,4251.12
304103,9074157,2025-08-05,Wrong Item,19849.81
304104,9074165,2024-12-11,Wrong Item,4183.7
304105,9074178,2025-02-08,Changed Mind,4549.4
304106,9074182,2025-10-17,Quality Issue,2208.07
304107,9074202,2025-03-11,Quality Issue,1178.33
304108,9074207,2025-05-22,Late Delivery,349.9
304109,9074222,2024-02-12,Changed Mind,1321.76
304110,9074237,2024-02-26,Wrong Item,841.27
304111,9074280,2025-03-13,Changed Mind,987.0
304112,9074301,2024-07-12,Changed Mind,1665.76
304113,9074325,2025-01-18,Changed Mind,10544.1
304114,9074341,2024-07-28,Changed Mind,1551.12
304115,9074354,2025-05-23,Quality Issue,1329.72
304116,9074361,2024-10-15,Wrong Item,691.37
304117,9074391,2024-06-11,Late Delivery,648.51
304118,9074462,2024-02-01,Wrong Item,721.41
304119,9074464,2025-07-15,Quality Issue,8220.31
304120,9074469,2025-12-23,Late Delivery,2708.79
304121,9074477,2024-05-24,Quality Issue,2263.28
304122,9074502,2024-11-11,Late Delivery,1397.22
304123,9074530,2024-04-20,Wrong Item,2812.1
304124,9074572,2026-01-13,Damaged,1261.67
304125,9074603,2024-01-24,Wrong Item,2144.52
304126,9074607,2024-11-15,Late Delivery,490.81
304127,9074612,2025-07-26,Changed Mind,11015.01
304128,9074617,2025-05-16,Changed Mind,2703.9
304129,9074642,2024-04-29,Late Delivery,1368.8
304130,9074664,2025-09-02,Damaged,1679.07
304131,9074667,2024-12-28,Late Delivery,998.31
304132,9074672,2024-01-22,Damaged,965.98
304133,9074687,2024-09-15,Damaged,783.27
304134,9074708,2024-11-25,Damaged,2691.23
304135,9074723,2024-08-14,Wrong Item,2720.73
304136,9074763,2024-03-23,Quality Issue,2346.87
304137,9074849,2025-08-21,Wrong Item,4091.88
304138,9074851,2025-11-29,Late Delivery,548.09
304139,9074868,2024-04-21,Wrong Item,1462.04
304140,9074882,2025-03-13,Changed Mind,4604.26
304141,9074894,2025-01-22,Quality Issue,1761.02
304142,9074915,2024-02-15,Late Delivery,524.1
304143,9074963,2024-07-01,Quality Issue,1694.97
304144,9074971,2024-07-19,Quality Issue,4788.84
304145,9075018,2025-11-20,Wrong Item,567.83
304146,9075022,2025-04-10,Changed Mind,9576.99
304147,9075029,2024-04-09,Wrong Item,244.69
304148,9075091,2024-07-07,Changed Mind,547.53
304149,9075105,2025-06-29,Quality Issue,5552.46
304150,9075111,2024-09-15,Changed Mind,3001.06
304151,9075114,2025-07-03,Damaged,811.56
304152,9075117,2025-01-20,Late Delivery,44906.09
304153,9075191,2024-03-23,Late Delivery,347.17
304154,9075198,2024-03-12,Wrong Item,1180.3
304155,9075224,2025-08-24,Quality Issue,24086.99
304156,9075225,2025-05-09,Damaged,17438.34
304157,9075276,2024-08-01,Late Delivery,1635.59
304158,9075299,2024-04-07,Changed Mind,1012.4
304159,9075314,2024-08-13,Wrong Item,1472.38
304160,9075334,2025-04-22,Damaged,1000.41
304161,9075374,2024-06-06,Late Delivery,658.37
304162,9075375,2025-01-21,Changed Mind,18262.01
304163,9075397,2024-07-30,Damaged,261.43
304164,9075417,2024-10-21,Damaged,3020.18
304165,9075436,2025-06-23,Wrong Item,4025.97
304166,9075444,2025-12-03,Late Delivery,893.5
304167,9075452,2025-11-01,Damaged,2452.48
304168,9075492,2025-12-15,Changed Mind,263.55
304169,9075536,2025-09-13,Late Delivery,114.81
304170,9075547,2025-10-04,Late Delivery,94121.89
304171,9075584,2025-02-25,Wrong Item,342.76
304172,9075587,2025-12-26,Damaged,2718.79
304173,9075672,2026-01-08,Damaged,1401.86
304174,9075685,2025-01-24,Wrong Item,1378.16
304175,9075687,2024-06-04,Wrong Item,2106.58
304176,9075703,2024-08-03,Damaged,1054.89
304177,9075704,2024-04-21,Late Delivery,1333.67
304178,9075748,2024-02-19,Late Delivery,1687.41
304179,9075767,2025-03-05,Wrong Item,2455.81
304180,9075780,2024-09-06,Quality Issue,3207.96
304181,9075783,2024-03-07,Quality Issue,1522.96
304182,9075789,2025-12-22,Wrong Item,4041.23
304183,9075793,2025-11-20,Changed Mind,4609.98
304184,9075826,2024-03-31,Late Delivery,1305.38
304185,9075850,2024-10-18,Quality Issue,625.24
304186,9075874,2025-06-28,Changed Mind,1620.08
304187,9075900,2024-06-04,Quality Issue,1226.31
304188,9075918,2025-05-07,Late Delivery,1250.48
304189,9075925,2025-06-03,Wrong Item,2263.28
304190,9075971,2025-03-10,Late Delivery,881.53
304191,9075995,2024-09-03,Wrong Item,1952.82
304192,9076000,2024-08-27,Late Delivery,10738.28
304193,9076007,2025-08-31,Wrong Item,3674.28
304194,9076029,2025-01-19,Wrong Item,833.72
304195,9076053,2024-12-20,Quality Issue,2648.93
304196,9076074,2025-07-19,Wrong Item,1390.93
304197,9076104,2024-12-16,Wrong Item,476.5
304198,9076119,2026-01-08,Wrong Item,4607.97
304199,9076178,2025-08-30,Changed Mind,3181.47
304200,9076182,2024-08-23,Changed Mind,691.22
304201,9076209,2025-11-27,Changed Mind,1465.91
304202,9076252,2025-05-18,Late Delivery,742.55
304203,9076277,2024-03-20,Wrong Item,521.87
304204,9076313,2025-07-15,Damaged,504.84
304205,9076331,2025-11-17,Wrong Item,928.71
304206,9076334,2024-11-06,Wrong Item,3092.38
304207,9076338,2025-12-08,Late Delivery,703.16
304208,9076344,2024-02-06,Late Delivery,1603.19
304209,9076352,2025-05-12,Changed Mind,430.92
304210,9076367,2025-01-09,Damaged,676.18
304211,9076406,2025-04-24,Quality Issue,1644.12
304212,9076448,2025-02-15,Damaged,3321.61
304213,9076450,2025-04-17,Damaged,1934.96
304214,9076454,2024-03-08,Changed Mind,3192.05
304215,9076466,2024-01-31,Changed Mind,6288.96
304216,9076475,2025-01-03,Changed Mind,2684.51
304217,9076479,2025-12-04,Damaged,486.47
304218,9076493,2025-08-08,Quality Issue,1343.01
304219,9076496,2024-03-25,Changed Mind,4905.24
304220,9076531,2025-06-22,Damaged,1227.61
304221,9076544,2024-11-18,Damaged,3309.98
304222,9076548,2024-05-02,Wrong Item,5171.48
304223,9076553,2024-04-01,Damaged,776.19
304224,9076584,2025-05-21,Late Delivery,5494.4
304225,9076644,2025-12-27,Changed Mind,2014.32
304226,9076663,2024-03-02,Quality Issue,1064.8
304227,9076677,2024-10-18,Late Delivery,1465.91
304228,9076700,2024-03-04,Quality Issue,560.81
304229,9076726,2025-10-26,Changed Mind,1288.68
304230,9076733,2024-02-10,Wrong Item,1333.67
304231,9076761,2024-10-07,Late Delivery,1458.88
304232,9076803,2024-06-21,Wrong Item,1212.27
304233,9076881,2025-04-07,Quality Issue,964.12
304234,9076887,2024-01-24,Changed Mind,1764.22
304235,9076919,2024-05-02,Changed Mind,1454.58
304236,9076932,2025-04-18,Changed Mind,32979.02
304237,9076937,2024-12-31,Late Delivery,1421.63
304238,9076942,2024-07-04,Damaged,498.51
304239,9076944,2025-04-17,Quality Issue,1789.41
304240,9076947,2024-10-24,Damaged,1708.52
304241,9076957,2025-12-10,Quality Issue,918.05
304242,9076969,2025-02-13,Damaged,14697.87
304243,9077035,2024-08-04,Changed Mind,1093.08
304244,9077044,2025-12-28,Wrong Item,4890.22
304245,9077071,2024-05-28,Late Delivery,13338.33
304246,9077087,2024-04-12,Quality Issue,935.15
304247,9077102,2025-10-06,Wrong Item,1343.01
304248,9077122,2025-08-26,Late Delivery,1151.14
304249,9077147,2024-06-16,Late Delivery,1625.86
304250,9077179,2025-10-24,Wrong Item,4286.15
304251,9077193,2024-03-21,Wrong Item,7250.05
304252,9077203,2025-04-04,Wrong Item,4745.7
304253,9077236,2025-08-16,Quality Issue,2197.76
304254,9077291,2025-04-07,Quality Issue,210.84
304255,9077330,2024-04-06,Changed Mind,179.57
304256,9077336,2024-02-12,Damaged,1198.6
304257,9077337,2024-11-18,Changed Mind,683.0
304258,9077361,2024-01-10,Wrong Item,168.3
304259,9077366,2024-11-10,Late Delivery,7209.18
304260,9077378,2024-06-10,Late Delivery,1781.93
304261,9077398,2025-10-23,Changed Mind,24029.79
304262,9077420,2025-10-04,Damaged,768.19
304263,9077432,2024-04-08,Changed Mind,286.22
304264,9077441,2025-02-04,Wrong Item,1094.14
304265,9077448,2025-01-21,Late Delivery,1616.72
304266,9077449,2025-12-03,Quality Issue,332.15
304267,9077467,2025-03-04,Wrong Item,3698.67
304268,9077506,2024-05-24,Changed Mind,2283.88
304269,9077527,2025-12-01,Quality Issue,13590.81
304270,9077548,2025-07-08,Changed Mind,22552.79
304271,9077591,2024-05-28,Wrong Item,720.95
304272,9077596,2025-05-11,Quality Issue,2369.26
304273,9077597,2024-01-18,Quality Issue,1204.27
304274,9077604,2024-09-24,Damaged,937.38
304275,9077614,2025-07-05,Changed Mind,2163.56
304276,9077622,2024-03-29,Quality Issue,420.2
304277,9077652,2025-01-27,Wrong Item,1272.96
304278,9077655,2024-10-22,Quality Issue,690.91
304279,9077682,2024-09-17,Changed Mind,6726.15
304280,9077710,2025-07-27,Wrong Item,5659.48
304281,9077729,2025-09-11,Quality Issue,849.01
304282,9077753,2025-02-09,Damaged,315.65
304283,9077799,2025-01-23,Changed Mind,3125.2
304284,9077818,2025-10-17,Changed Mind,7105.92
304285,9077842,2025-01-08,Wrong Item,5009.47
304286,9077846,2024-10-22,Late Delivery,1690.22
304287,9077873,2025-07-14,Changed Mind,444.43
304288,9077884,2025-02-08,Quality Issue,23527.18
304289,9077924,2024-05-05,Quality Issue,2745.98
304290,9077930,2024-12-04,Wrong Item,964.28
304291,9077949,2024-01-15,Changed Mind,1401.86
304292,9077953,2024-03-10,Wrong Item,1750.83
304293,9077957,2025-12-27,Damaged,2108.82
304294,9077977,2024-01-27,Late Delivery,947.75
304295,9077995,2025-04-19,Late Delivery,1638.08
304296,9078007,2026-01-01,Damaged,696.38
304297,9078022,2025-01-03,Wrong Item,856.73
304298,9078096,2025-09-07,Changed Mind,689.13
304299,9078112,2025-05-07,Wrong Item,652.07
304300,9078131,2025-04-18,Wrong Item,3456.2
304301,9078138,2024-10-04,Late Delivery,2533.83
304302,9078148,2025-10-12,Wrong Item,18522.94
304303,9078156,2025-02-18,Changed Mind,5427.88
304304,9078190,2025-03-09,Late Delivery,2941.52
304305,9078201,2024-02-16,Late Delivery,400.16
304306,9078217,2024-02-14,Late Delivery,1157.33
304307,9078231,2025-08-12,Quality Issue,1012.85
304308,9078256,2025-01-24,Late Delivery,26311.9
304309,9078270,2025-05-02,Changed Mind,3997.08
304310,9078278,2025-10-22,Changed Mind,1959.9
304311,9078290,2024-01-22,Late Delivery,235.53
304312,9078303,2025-01-21,Wrong Item,593.93
304313,9078312,2025-01-25,Changed Mind,3156.73
304314,9078330,2024-02-18,Damaged,3690.14
304315,9078376,2025-02-10,Damaged,980.8
304316,9078380,2025-08-26,Quality Issue,2679.16
304317,9078386,2024-05-01,Changed Mind,20333.41
304318,9078401,2024-02-28,Quality Issue,453.78
304319,9078415,2024-07-28,Wrong Item,5046.46
304320,9078432,2024-01-23,Late Delivery,1685.03
304321,9078514,2025-04-30,Late Delivery,1791.44
304322,9078537,2024-08-04,Wrong Item,556.15
304323,9078583,2024-03-28,Quality Issue,1093.09
304324,9078648,2025-01-06,Wrong Item,930.75
304325,9078701,2024-09-26,Late Delivery,5052.46
304326,9078703,2025-03-10,Quality Issue,432.71
304327,9078719,2025-07-18,Damaged,2692.74
304328,9078777,2025-05-05,Quality Issue,4377.57
304329,9078826,2025-03-16,Late Delivery,2571.96
304330,9078857,2025-05-29,Damaged,1251.6
304331,9078870,2025-02-23,Changed Mind,13323.6
304332,9078875,2024-03-22,Late Delivery,692.96
304333,9078905,2024-02-05,Wrong Item,773.42
304334,9078911,2025-02-26,Damaged,1661.82
304335,9078924,2024-01-08,Wrong Item,2786.56
304336,9078962,2024-10-19,Late Delivery,3491.86
304337,9079001,2024-06-29,Late Delivery,2557.27
304338,9079013,2025-09-05,Late Delivery,2989.14
304339,9079037,2024-12-22,Quality Issue,897.58
304340,9079073,2024-07-04,Wrong Item,1818.88
304341,9079116,2025-07-30,Wrong Item,932.05
304342,9079143,2025-11-20,Late Delivery,2529.65
304343,9079176,2025-06-26,Changed Mind,156.22
304344,9079252,2024-07-24,Changed Mind,804.14
304345,9079264,2025-08-18,Quality Issue,20203.48
304346,9079277,2025-12-20,Changed Mind,129.79
304347,9079294,2025-03-08,Quality Issue,862.58
304348,9079311,2025-12-11,Wrong Item,991.9
304349,9079368,2024-05-25,Late Delivery,1555.62
304350,9079380,2024-10-02,Late Delivery,312.75
304351,9079426,2024-07-06,Changed Mind,2673.45
304352,9079476,2025-07-01,Changed Mind,1807.68
304353,9079478,2025-10-11,Changed Mind,2589.54
304354,9079496,2024-08-22,Late Delivery,338.02
304355,9079518,2025-09-02,Damaged,1936.02
304356,9079597,2024-05-19,Damaged,1375.99
304357,9079625,2025-02-24,Damaged,1236.93
304358,9079632,2024-09-15,Quality Issue,1247.17
304359,9079684,2025-02-19,Damaged,698.71
304360,9079696,2024-04-06,Late Delivery,3472.08
304361,9079732,2024-04-01,Changed Mind,2469.56
304362,9079743,2025-04-17,Wrong Item,338.02
304363,9079744,2024-07-27,Wrong Item,2888.97
304364,9079752,2025-11-02,Late Delivery,728.31
304365,9079762,2025-03-18,Quality Issue,607.61
304366,9079766,2025-01-01,Damaged,1414.58
304367,9079768,2024-12-09,Quality Issue,664.66
304368,9079769,2025-01-21,Changed Mind,203.12
304369,9079801,2025-07-01,Changed Mind,1740.2
304370,9079820,2025-10-16,Changed Mind,4338.43
304371,9079825,2024-10-02,Wrong Item,2197.56
304372,9079853,2025-12-10,Quality Issue,15854.35
304373,9079883,2024-06-29,Wrong Item,1248.22
304374,9079884,2024-08-06,Quality Issue,714.76
304375,9079944,2025-09-06,Late Delivery,6151.18
304376,9079954,2024-05-25,Changed Mind,3094.65
304377,9080014,2024-01-29,Wrong Item,23301.95
304378,9080055,2024-09-25,Damaged,7560.69
304379,9080065,2024-01-11,Late Delivery,5499.78
304380,9080077,2025-05-10,Changed Mind,13093.13
304381,9080106,2025-02-06,Quality Issue,2323.42
304382,9080172,2024-10-09,Late Delivery,20410.29
304383,9080185,2024-06-29,Wrong Item,27046.52
304384,9080200,2025-04-03,Quality Issue,2001.37
304385,9080237,2024-07-25,Changed Mind,577.69
304386,9080257,2025-04-10,Quality Issue,1290.92
304387,9080265,2025-06-14,Changed Mind,1398.05
304388,9080312,2024-11-13,Quality Issue,478.55
304389,9080313,2025-07-25,Changed Mind,1120.94
304390,9080343,2025-07-21,Wrong Item,3389.94
304391,9080354,2025-08-16,Quality Issue,700.81
304392,9080364,2024-12-20,Quality Issue,1015.37
304393,9080386,2025-10-19,Wrong Item,1286.75
304394,9080396,2025-06-19,Changed Mind,1443.26
304395,9080436,2024-08-27,Wrong Item,2087.68
304396,9080462,2024-12-04,Wrong Item,1531.38
304397,9080466,2025-09-29,Quality Issue,3257.58
304398,9080476,2024-09-08,Quality Issue,1566.02
304399,9080480,2024-06-13,Quality Issue,3197.88
304400,9080546,2024-02-16,Changed Mind,2420.08
304401,9080608,2025-11-26,Wrong Item,981.85
304402,9080654,2024-08-19,Late Delivery,1832.44
304403,9080676,2025-05-19,Late Delivery,961.44
304404,9080706,2024-06-19,Late Delivery,1531.74
304405,9080722,2025-09-13,Wrong Item,1533.58
304406,9080735,2024-08-09,Changed Mind,2887.15
304407,9080740,2025-01-12,Changed Mind,13617.05
304408,9080747,2025-12-30,Late Delivery,1196.38
304409,9080760,2025-03-26,Late Delivery,640.76
304410,9080767,2024-12-12,Wrong Item,556.23
304411,9080785,2025-12-21,Changed Mind,1927.95
304412,9080818,2024-08-20,Changed Mind,820.34
304413,9080830,2025-08-19,Changed Mind,2920.58
304414,9080844,2025-07-14,Late Delivery,3426.66
304415,9080857,2025-10-25,Changed Mind,1782.72
304416,9080863,2025-03-09,Changed Mind,730.83
304417,9080873,2025-07-01,Damaged,3533.86
304418,9080880,2024-01-28,Wrong Item,1218.05
304419,9080892,2025-05-14,Quality Issue,9668.2
304420,9080894,2024-12-13,Quality Issue,1965.26
304421,9080909,2025-03-22,Wrong Item,643.03
304422,9080943,2025-07-03,Late Delivery,2988.11
304423,9080946,2025-07-05,Quality Issue,2361.69
304424,9080957,2025-08-01,Damaged,498.55
304425,9080977,2024-01-09,Damaged,3334.02
304426,9080980,2025-12-02,Wrong Item,592.99
304427,9080985,2025-10-24,Damaged,4663.78
304428,9080989,2024-05-19,Late Delivery,6975.18
304429,9081004,2024-06-20,Damaged,29372.28
304430,9081010,2024-04-28,Changed Mind,188.1
304431,9081018,2024-12-24,Late Delivery,1110.37
304432,9081035,2025-11-16,Damaged,3816.71
304433,9081036,2024-07-21,Wrong Item,15057.27
304434,9081037,2024-03-04,Damaged,9877.8
304435,9081058,2025-06-25,Late Delivery,2167.03
304436,9081068,2025-03-11,Changed Mind,401.5
304437,9081101,2025-04-04,Late Delivery,849.86
304438,9081103,2024-07-17,Changed Mind,1208.59
304439,9081121,2025-10-31,Wrong Item,4375.34
304440,9081161,2025-09-26,Late Delivery,1211.98
304441,9081162,2025-01-16,Quality Issue,91.93
304442,9081166,2025-10-07,Wrong Item,568.28
304443,9081176,2024-05-10,Changed Mind,363.59
304444,9081183,2024-12-26,Late Delivery,1259.73
304445,9081192,2025-07-03,Quality Issue,1225.57
304446,9081270,2025-01-16,Changed Mind,4140.11
304447,9081295,2025-10-16,Changed Mind,522.28
304448,9081336,2024-01-14,Wrong Item,714.45
304449,9081343,2025-06-23,Changed Mind,506.95
304450,9081367,2024-11-20,Quality Issue,2723.1
304451,9081384,2025-07-29,Wrong Item,447.77
304452,9081416,2024-09-13,Late Delivery,14642.91
304453,9081461,2024-10-24,Changed Mind,863.97
304454,9081466,2025-06-26,Late Delivery,1758.32
304455,9081491,2024-09-06,Damaged,2840.72
304456,9081540,2024-04-19,Damaged,2185.78
304457,9081555,2025-02-18,Damaged,4044.18
304458,9081578,2025-03-05,Changed Mind,3187.67
304459,9081589,2024-02-04,Late Delivery,11424.45
304460,9081606,2025-10-23,Wrong Item,3504.62
304461,9081615,2025-04-13,Wrong Item,144.06
304462,9081645,2025-04-13,Wrong Item,1084.5
304463,9081675,2024-10-01,Changed Mind,63800.46
304464,9081681,2025-09-20,Damaged,1492.3
304465,9081688,2024-12-24,Wrong Item,3765.27
304466,9081692,2025-11-25,Late Delivery,533.1
304467,9081700,2024-06-05,Late Delivery,18281.66
304468,9081706,2024-11-30,Quality Issue,2125.11
304469,9081708,2024-04-07,Damaged,868.54
304470,9081739,2024-02-23,Wrong Item,19243.85
304471,9081743,2025-03-24,Wrong Item,778.07
304472,9081751,2025-04-13,Wrong Item,670.66
304473,9081752,2024-07-15,Wrong Item,1129.39
304474,9081768,2024-03-23,Quality Issue,4853.95
304475,9081797,2025-02-25,Changed Mind,12971.92
304476,9081893,2026-01-13,Late Delivery,8615.09
304477,9081916,2025-12-10,Changed Mind,99.0
304478,9081920,2025-02-10,Changed Mind,825.11
304479,9081956,2024-07-31,Damaged,46998.93
304480,9081960,2024-09-30,Wrong Item,1431.87
304481,9081967,2025-06-02,Wrong Item,726.16
304482,9081976,2024-02-22,Quality Issue,1544.24
304483,9081993,2025-08-29,Damaged,399.79
304484,9082003,2024-10-27,Quality Issue,3057.5
304485,9082025,2025-05-17,Changed Mind,1029.9
304486,9082032,2025-07-29,Wrong Item,930.66
304487,9082034,2025-10-04,Damaged,10458.85
304488,9082045,2025-05-11,Damaged,16002.08
304489,9082046,2025-07-19,Wrong Item,5915.68
304490,9082062,2025-12-12,Damaged,909.86
304491,9082089,2025-10-10,Quality Issue,54414.68
304492,9082101,2024-09-20,Damaged,1927.74
304493,9082109,2024-06-27,Late Delivery,750.67
304494,9082127,2025-12-26,Wrong Item,939.12
304495,9082143,2024-03-27,Damaged,2561.59
304496,9082147,2024-11-10,Late Delivery,21180.57
304497,9082152,2026-01-08,Quality Issue,376.17
304498,9082168,2024-05-10,Wrong Item,152.31
304499,9082169,2025-03-11,Wrong Item,6000.23
304500,9082173,2025-10-05,Damaged,4395.0
304501,9082212,2024-06-22,Late Delivery,1509.01
304502,9082213,2025-01-10,Late Delivery,1314.84
304503,9082226,2024-02-09,Wrong Item,1354.32
304504,9082265,2025-07-31,Wrong Item,35976.67
304505,9082288,2025-09-17,Damaged,24500.77
304506,9082352,2025-02-08,Late Delivery,16196.55
304507,9082355,2025-09-29,Wrong Item,3142.6
304508,9082357,2024-03-09,Damaged,3036.82
304509,9082453,2025-09-13,Wrong Item,6444.04
304510,9082482,2024-09-01,Wrong Item,771.54
304511,9082488,2025-04-23,Wrong Item,645.48
304512,9082518,2024-09-17,Damaged,820.34
304513,9082525,2024-02-24,Changed Mind,715.47
304514,9082553,2024-03-29,Wrong Item,983.08
304515,9082559,2024-04-30,Wrong Item,7070.56
304516,9082608,2025-11-15,Changed Mind,687.84
304517,9082621,2025-12-28,Damaged,1108.66
304518,9082628,2025-01-11,Quality Issue,902.93
304519,9082633,2025-04-30,Damaged,14088.18
304520,9082640,2024-06-21,Changed Mind,16208.91
304521,9082646,2025-05-04,Quality Issue,17988.34
304522,9082654,2025-12-27,Changed Mind,4513.7
304523,9082662,2024-05-30,Damaged,2178.88
304524,9082665,2025-06-16,Late Delivery,737.69
304525,9082684,2024-08-14,Late Delivery,617.94
304526,9082689,2025-07-10,Quality Issue,504.17
304527,9082715,2025-04-23,Changed Mind,603.65
304528,9082728,2024-07-03,Late Delivery,599.84
304529,9082730,2025-06-27,Quality Issue,2004.29
304530,9082732,2024-03-20,Wrong Item,1395.22
304531,9082744,2025-09-12,Wrong Item,314.67
304532,9082752,2024-03-01,Damaged,818.5
304533,9082818,2024-03-27,Damaged,417.34
304534,9082819,2024-06-18,Quality Issue,823.03
304535,9082822,2025-01-09,Quality Issue,1035.14
304536,9082861,2024-04-09,Damaged,3701.25
304537,9082923,2025-12-28,Changed Mind,2775.39
304538,9082957,2024-09-27,Late Delivery,1624.64
304539,9082971,2025-05-03,Quality Issue,3219.32
304540,9082981,2025-07-11,Late Delivery,1957.52
304541,9082994,2025-07-09,Damaged,1119.77
304542,9083002,2024-09-27,Changed Mind,703.86
304543,9083013,2024-05-30,Changed Mind,5766.8
304544,9083038,2024-10-16,Late Delivery,19035.7
304545,9083051,2024-08-25,Late Delivery,594.69
304546,9083082,2024-09-19,Damaged,2536.8
304547,9083086,2025-08-28,Changed Mind,10450.04
304548,9083092,2024-07-23,Late Delivery,999.47
304549,9083147,2025-04-17,Damaged,15644.66
304550,9083163,2024-07-17,Wrong Item,1725.31
304551,9083176,2024-11-16,Quality Issue,288.08
304552,9083201,2024-05-03,Changed Mind,99.0
304553,9083234,2025-07-22,Damaged,3096.21
304554,9083239,2025-04-01,Damaged,5595.04
304555,9083242,2024-02-23,Wrong Item,6860.82
304556,9083246,2024-08-15,Wrong Item,1431.82
304557,9083257,2025-02-27,Late Delivery,519.25
304558,9083285,2024-10-11,Wrong Item,1812.85
304559,9083302,2024-10-13,Wrong Item,1813.41
304560,9083316,2024-11-15,Damaged,308.17
304561,9083332,2025-06-13,Quality Issue,799.21
304562,9083344,2025-01-05,Quality Issue,1903.91
304563,9083358,2024-05-19,Late Delivery,322.22
304564,9083389,2025-09-03,Wrong Item,2355.7
304565,9083405,2024-08-16,Quality Issue,491.33
304566,9083414,2024-01-15,Wrong Item,1918.98
304567,9083433,2024-11-23,Changed Mind,1088.93
304568,9083434,2025-05-11,Wrong Item,160.33
304569,9083471,2025-03-25,Changed Mind,668.04
304570,9083485,2025-11-11,Wrong Item,1124.61
304571,9083572,2025-06-16,Changed Mind,4105.37
304572,9083602,2025-08-21,Changed Mind,882.96
304573,9083610,2025-01-03,Late Delivery,5906.7
304574,9083628,2024-12-16,Late Delivery,478.4
304575,9083659,2024-11-28,Damaged,3226.4
304576,9083660,2024-03-03,Changed Mind,752.28
304577,9083691,2024-08-26,Late Delivery,1581.51
304578,9083702,2024-05-01,Wrong Item,7926.9
304579,9083705,2024-06-17,Late Delivery,1038.07
304580,9083707,2024-12-15,Quality Issue,2607.68
304581,9083712,2024-01-05,Wrong Item,1497.01
304582,9083749,2025-02-02,Quality Issue,626.79
304583,9083795,2025-06-04,Quality Issue,14270.84
304584,9083872,2025-07-07,Late Delivery,1518.76
304585,9083937,2025-12-30,Changed Mind,2048.94
304586,9083939,2024-05-02,Quality Issue,15305.66
304587,9083943,2024-04-24,Quality Issue,10709.27
304588,9083961,2024-12-11,Changed Mind,51050.44
304589,9083971,2025-11-08,Late Delivery,6394.75
304590,9083994,2025-03-31,Damaged,1871.69
304591,9084021,2025-11-02,Changed Mind,2748.49
304592,9084028,2025-07-05,Damaged,1500.75
304593,9084050,2024-10-25,Quality Issue,1165.24
304594,9084090,2024-10-13,Quality Issue,1019.64
304595,9084091,2024-03-03,Late Delivery,11763.94
304596,9084098,2025-03-12,Wrong Item,2277.34
304597,9084119,2024-04-03,Quality Issue,4374.41
304598,9084122,2024-02-25,Quality Issue,26144.97
304599,9084136,2024-11-25,Late Delivery,2014.36
304600,9084179,2025-07-13,Late Delivery,823.84
304601,9084207,2024-11-24,Late Delivery,3201.46
304602,9084218,2025-05-05,Quality Issue,679.67
304603,9084242,2024-10-26,Quality Issue,802.74
304604,9084260,2025-03-03,Wrong Item,1041.91
304605,9084281,2024-09-13,Changed Mind,2128.9
304606,9084305,2024-04-16,Changed Mind,15626.71
304607,9084312,2025-01-17,Late Delivery,11347.54
304608,9084315,2024-02-06,Wrong Item,2047.9
304609,9084344,2025-08-13,Late Delivery,8655.21
304610,9084378,2024-12-31,Quality Issue,684.23
304611,9084405,2024-03-11,Changed Mind,1330.78
304612,9084409,2025-04-26,Wrong Item,934.73
304613,9084410,2024-03-06,Late Delivery,5906.54
304614,9084415,2025-08-05,Damaged,3025.79
304615,9084420,2025-10-02,Changed Mind,829.62
304616,9084443,2024-07-28,Quality Issue,1344.39
304617,9084460,2025-12-15,Changed Mind,1638.16
304618,9084479,2025-08-12,Late Delivery,510.28
304619,9084501,2024-04-14,Damaged,729.78
304620,9084524,2024-10-03,Damaged,930.6
304621,9084538,2025-09-09,Damaged,89.1
304622,9084546,2024-12-16,Wrong Item,1940.2
304623,9084585,2024-08-16,Late Delivery,2149.4
304624,9084589,2024-08-03,Late Delivery,14721.15
304625,9084614,2024-11-11,Quality Issue,1537.67
304626,9084624,2025-12-29,Damaged,2036.95
304627,9084627,2025-04-26,Quality Issue,3539.97
304628,9084673,2024-09-30,Changed Mind,725.4
304629,9084676,2025-02-03,Late Delivery,5684.24
304630,9084696,2025-01-09,Changed Mind,1891.33
304631,9084711,2024-09-02,Damaged,664.31
304632,9084727,2025-12-09,Wrong Item,431.08
304633,9084746,2025-10-03,Quality Issue,22552.79
304634,9084750,2026-01-08,Late Delivery,1986.28
304635,9084772,2025-10-20,Changed Mind,1910.38
304636,9084798,2025-10-23,Damaged,893.5
304637,9084815,2024-08-28,Quality Issue,1213.78
304638,9084821,2025-10-30,Wrong Item,2633.18
304639,9084842,2024-11-20,Quality Issue,5003.56
304640,9084898,2024-01-15,Late Delivery,895.5
304641,9084902,2025-03-20,Changed Mind,6039.4
304642,9084903,2025-06-03,Damaged,20747.43
304643,9084925,2025-03-21,Late Delivery,49312.77
304644,9084940,2025-10-28,Quality Issue,1540.15
304645,9084963,2024-04-17,Late Delivery,53965.01
304646,9084995,2024-12-31,Quality Issue,4456.97
304647,9085000,2025-12-15,Wrong Item,848.5
304648,9085024,2025-06-01,Changed Mind,55076.89
304649,9085100,2024-06-14,Wrong Item,3936.86
304650,9085129,2025-12-22,Quality Issue,711.87
304651,9085153,2024-04-21,Quality Issue,4483.7
304652,9085177,2025-06-28,Changed Mind,629.76
304653,9085185,2025-10-13,Changed Mind,652.21
304654,9085203,2024-09-05,Wrong Item,2203.16
304655,9085219,2024-06-04,Quality Issue,492.2
304656,9085226,2025-09-17,Changed Mind,2301.54
304657,9085229,2024-02-13,Quality Issue,2743.63
304658,9085251,2025-11-29,Wrong Item,3996.58
304659,9085260,2024-01-04,Quality Issue,12997.19
304660,9085286,2025-05-20,Late Delivery,207.26
304661,9085334,2024-09-28,Damaged,1195.96
304662,9085347,2025-01-05,Changed Mind,695.18
304663,9085376,2025-02-21,Changed Mind,777.81
304664,9085442,2024-07-24,Quality Issue,3181.47
304665,9085447,2025-01-05,Quality Issue,1304.42
304666,9085450,2024-03-30,Late Delivery,2824.76
304667,9085460,2024-08-05,Late Delivery,331.4
304668,9085463,2024-10-11,Damaged,1917.87
304669,9085473,2024-08-16,Late Delivery,937.71
304670,9085529,2025-06-18,Changed Mind,17446.56
304671,9085559,2024-08-05,Wrong Item,6655.58
304672,9085566,2024-04-26,Late Delivery,13116.63
304673,9085596,2024-07-21,Late Delivery,4183.7
304674,9085597,2024-12-26,Late Delivery,3052.44
304675,9085616,2024-06-12,Late Delivery,915.38
304676,9085633,2025-10-23,Damaged,970.33
304677,9085638,2024-04-25,Changed Mind,2366.97
304678,9085664,2025-06-19,Late Delivery,6497.35
304679,9085713,2025-08-15,Wrong Item,516.38
304680,9085749,2025-11-23,Changed Mind,1891.34
304681,9085759,2025-02-08,Wrong Item,4487.48
304682,9085768,2025-09-11,Quality Issue,571.81
304683,9085792,2025-06-01,Changed Mind,29285.82
304684,9085823,2025-06-02,Wrong Item,6685.04
304685,9085826,2024-01-26,Late Delivery,1852.64
304686,9085857,2025-11-12,Changed Mind,1991.5
304687,9085871,2025-01-02,Wrong Item,1227.61
304688,9085914,2024-09-13,Late Delivery,2296.07
304689,9085967,2024-07-14,Changed Mind,470.05
304690,9085978,2025-09-21,Wrong Item,676.18
304691,9085996,2025-01-04,Late Delivery,2425.88
304692,9086005,2025-12-18,Changed Mind,3244.86
304693,9086016,2024-01-24,Changed Mind,616.08
304694,9086018,2025-11-05,Late Delivery,2292.48
304695,9086024,2024-01-30,Damaged,13221.01
304696,9086069,2025-07-18,Late Delivery,1998.5
304697,9086071,2024-12-05,Late Delivery,1713.57
304698,9086080,2025-03-13,Quality Issue,2633.18
304699,9086102,2025-11-06,Damaged,2488.91
304700,9086108,2024-02-05,Late Delivery,41324.02
304701,9086117,2024-06-25,Late Delivery,3965.34
304702,9086119,2025-06-16,Quality Issue,1667.38
304703,9086143,2024-06-05,Changed Mind,2039.84
304704,9086163,2024-04-13,Late Delivery,2319.28
304705,9086176,2024-11-10,Late Delivery,41466.86
304706,9086177,2025-07-07,Damaged,2294.63
304707,9086179,2025-11-10,Late Delivery,3181.94
304708,9086190,2025-06-18,Late Delivery,361.61
304709,9086195,2025-01-16,Quality Issue,2976.9
304710,9086217,2024-12-19,Wrong Item,1949.61
304711,9086240,2025-07-06,Damaged,547.08
304712,9086262,2025-10-31,Wrong Item,663.02
304713,9086277,2025-06-07,Changed Mind,95225.69
304714,9086306,2025-06-18,Changed Mind,18001.91
304715,9086373,2025-01-22,Wrong Item,610.81
304716,9086412,2025-09-25,Damaged,40406.96
304717,9086426,2024-07-17,Late Delivery,589.98
304718,9086430,2024-11-13,Changed Mind,1705.13
304719,9086432,2025-09-28,Quality Issue,2074.13
304720,9086448,2025-09-06,Late Delivery,7067.72
304721,9086450,2025-07-04,Changed Mind,1083.68
304722,9086479,2025-09-22,Wrong Item,1142.73
304723,9086509,2025-08-23,Quality Issue,4177.38
304724,9086517,2025-02-07,Damaged,15977.63
304725,9086545,2025-03-05,Damaged,1761.77
304726,9086546,2025-12-31,Late Delivery,274.66
304727,9086553,2025-07-13,Changed Mind,868.54
304728,9086565,2024-09-11,Damaged,1310.52
304729,9086579,2024-06-11,Late Delivery,845.92
304730,9086585,2025-01-15,Damaged,821.23
304731,9086588,2025-12-03,Wrong Item,8392.23
304732,9086593,2024-11-12,Late Delivery,14685.86
304733,9086599,2025-12-06,Changed Mind,4467.45
304734,9086607,2024-04-07,Damaged,2494.34
304735,9086608,2025-01-19,Late Delivery,3574.28
304736,9086625,2024-09-13,Late Delivery,590.15
304737,9086657,2024-11-10,Damaged,2631.1
304738,9086668,2024-12-21,Late Delivery,12103.02
304739,9086707,2025-07-23,Changed Mind,838.41
304740,9086731,2024-12-10,Quality Issue,1033.73
304741,9086748,2025-02-09,Damaged,520.94
304742,9086750,2025-08-06,Damaged,1440.98
304743,9086759,2024-08-26,Quality Issue,384.79
304744,9086760,2025-11-20,Quality Issue,1810.72
304745,9086764,2024-10-01,Late Delivery,8293.89
304746,9086777,2025-04-18,Changed Mind,1928.23
304747,9086812,2024-10-26,Changed Mind,694.24
304748,9086813,2025-04-26,Changed Mind,38068.63
304749,9086826,2024-09-09,Late Delivery,781.54
304750,9086837,2024-09-14,Quality Issue,2172.59
304751,9086855,2024-03-31,Wrong Item,1327.7
304752,9086869,2025-07-09,Late Delivery,6184.03
304753,9086871,2025-11-15,Wrong Item,5789.43
304754,9086884,2024-11-30,Wrong Item,3342.73
304755,9086901,2024-05-23,Wrong Item,13831.62
304756,9086915,2025-09-17,Quality Issue,1219.62
304757,9086933,2024-12-21,Late Delivery,667.26
304758,9086945,2025-09-11,Wrong Item,501.52
304759,9086991,2025-06-07,Wrong Item,4841.74
304760,9087012,2025-04-08,Late Delivery,4262.94
304761,9087017,2025-01-05,Late Delivery,5674.18
304762,9087028,2024-07-07,Quality Issue,1002.01
304763,9087040,2025-10-28,Wrong Item,11886.97
304764,9087042,2024-12-17,Changed Mind,4671.58
304765,9087065,2026-01-01,Damaged,97.33
304766,9087066,2024-08-10,Late Delivery,2596.56
304767,9087093,2025-06-06,Late Delivery,3708.22
304768,9087101,2025-07-24,Changed Mind,2257.39
304769,9087110,2024-10-16,Changed Mind,14886.77
304770,9087114,2025-12-16,Quality Issue,2713.48
304771,9087122,2025-12-14,Changed Mind,1078.14
304772,9087160,2024-01-16,Damaged,19378.91
304773,9087169,2025-07-25,Quality Issue,57681.35
304774,9087197,2024-10-11,Changed Mind,1316.74
304775,9087222,2025-11-30,Late Delivery,3659.45
304776,9087234,2024-07-26,Wrong Item,870.1
304777,9087244,2024-03-25,Changed Mind,1013.07
304778,9087263,2025-07-06,Wrong Item,1227.04
304779,9087290,2024-06-24,Quality Issue,1187.83
304780,9087302,2025-08-04,Damaged,10658.2
304781,9087309,2025-05-07,Quality Issue,35755.3
304782,9087319,2024-03-26,Changed Mind,7009.23
304783,9087344,2024-02-17,Late Delivery,2548.66
304784,9087360,2024-08-07,Damaged,2411.81
304785,9087366,2025-12-01,Quality Issue,5312.89
304786,9087372,2024-06-27,Damaged,503.98
304787,9087390,2025-09-04,Damaged,14697.87
304788,9087394,2025-05-12,Quality Issue,2663.41
304789,9087410,2024-09-10,Changed Mind,20515.69
304790,9087430,2024-10-21,Changed Mind,3046.11
304791,9087443,2024-06-25,Damaged,4589.5
304792,9087450,2025-02-14,Wrong Item,3813.28
304793,9087462,2024-05-20,Wrong Item,1312.26
304794,9087478,2024-01-25,Damaged,36756.11
304795,9087504,2025-01-05,Damaged,5932.6
304796,9087547,2024-01-21,Quality Issue,675.12
304797,9087582,2025-11-26,Wrong Item,540.08
304798,9087585,2024-07-28,Late Delivery,767.08
304799,9087595,2025-02-19,Wrong Item,1247.96
304800,9087621,2025-12-06,Quality Issue,2948.77
304801,9087625,2025-07-05,Late Delivery,1292.62
304802,9087664,2026-01-08,Damaged,730.01
304803,9087668,2025-03-03,Wrong Item,1933.95
304804,9087682,2025-01-01,Damaged,684.38
304805,9087690,2025-05-08,Quality Issue,1103.19
304806,9087699,2025-04-11,Quality Issue,818.5
304807,9087700,2024-02-05,Late Delivery,1462.16
304808,9087712,2025-12-14,Quality Issue,2031.0
304809,9087744,2025-09-03,Late Delivery,2955.22
304810,9087788,2025-03-31,Changed Mind,406.82
304811,9087799,2024-06-17,Damaged,1810.62
304812,9087821,2025-02-05,Late Delivery,2611.24
304813,9087875,2024-12-14,Damaged,1102.76
304814,9087882,2024-05-18,Damaged,45105.59
304815,9087900,2025-02-06,Damaged,1200.39
304816,9087948,2024-06-23,Wrong Item,13571.45
304817,9087961,2024-01-21,Damaged,433.56
304818,9087991,2025-05-08,Quality Issue,973.6
304819,9087997,2024-10-14,Changed Mind,568.27
304820,9088003,2024-08-01,Changed Mind,1021.16
304821,9088013,2026-01-05,Changed Mind,88299.13
304822,9088033,2024-09-11,Damaged,786.66
304823,9088037,2024-08-09,Quality Issue,2516.63
304824,9088038,2024-07-06,Changed Mind,2872.96
304825,9088066,2024-03-13,Changed Mind,4490.25
304826,9088088,2024-04-18,Wrong Item,5356.2
304827,9088101,2025-11-04,Changed Mind,874.37
304828,9088118,2024-01-19,Late Delivery,850.75
304829,9088123,2024-09-07,Changed Mind,3968.04
304830,9088149,2025-12-01,Changed Mind,406.82
304831,9088164,2025-09-25,Quality Issue,3959.43
304832,9088181,2025-04-19,Damaged,5592.52
304833,9088267,2024-06-15,Wrong Item,30403.95
304834,9088290,2024-04-17,Quality Issue,6795.0
304835,9088358,2025-12-21,Wrong Item,363.93
304836,9088366,2025-10-27,Late Delivery,1291.32
304837,9088379,2024-08-05,Late Delivery,497.52
304838,9088382,2024-06-07,Changed Mind,1643.76
304839,9088407,2024-02-23,Late Delivery,10722.65
304840,9088433,2025-11-30,Quality Issue,8250.91
304841,9088451,2024-10-24,Damaged,6120.56
304842,9088463,2024-09-18,Wrong Item,57214.02
304843,9088481,2025-06-09,Changed Mind,18191.72
304844,9088495,2024-12-24,Damaged,198.0
304845,9088498,2025-02-28,Quality Issue,5789.24
304846,9088500,2025-01-12,Late Delivery,3246.33
304847,9088503,2024-05-03,Damaged,1865.51
304848,9088525,2024-04-15,Wrong Item,599.84
304849,9088527,2024-12-03,Wrong Item,1077.61
304850,9088542,2024-09-19,Damaged,2346.87
304851,9088552,2024-03-16,Quality Issue,7578.56
304852,9088556,2024-11-24,Late Delivery,32968.35
304853,9088564,2024-06-19,Damaged,2045.72
304854,9088566,2024-01-26,Wrong Item,12045.82
304855,9088591,2025-04-04,Quality Issue,948.41
304856,9088612,2025-05-06,Quality Issue,6648.26
304857,9088617,2025-03-29,Quality Issue,1566.72
304858,9088655,2024-10-23,Late Delivery,642.4
304859,9088661,2024-08-23,Late Delivery,1963.95
304860,9088674,2025-08-13,Damaged,1601.61
304861,9088700,2025-12-23,Quality Issue,1290.92
304862,9088721,2024-04-06,Quality Issue,40123.46
304863,9088741,2025-08-10,Late Delivery,870.4
304864,9088766,2024-06-26,Wrong Item,1020.7
304865,9088818,2024-04-15,Late Delivery,1957.54
304866,9088821,2024-12-16,Late Delivery,2329.99
304867,9088842,2025-08-29,Quality Issue,3883.14
304868,9088858,2024-07-15,Damaged,1446.81
304869,9088861,2024-07-05,Wrong Item,942.56
304870,9088894,2025-12-13,Late Delivery,302.75
304871,9088913,2024-10-19,Quality Issue,399.06
304872,9088923,2024-02-17,Late Delivery,2314.76
304873,9088946,2025-10-02,Changed Mind,1670.74
304874,9088971,2024-08-29,Wrong Item,1212.27
304875,9088981,2024-01-12,Changed Mind,7117.5
304876,9089014,2025-05-30,Late Delivery,10258.29
304877,9089156,2024-03-19,Wrong Item,1286.75
304878,9089214,2024-12-14,Damaged,2813.55
304879,9089227,2024-04-08,Quality Issue,6222.38
304880,9089257,2025-12-18,Late Delivery,1863.13
304881,9089264,2025-04-26,Damaged,1945.2
304882,9089270,2025-04-04,Wrong Item,2323.44
304883,9089280,2024-11-10,Damaged,1542.19
304884,9089303,2025-04-03,Wrong Item,298.4
304885,9089306,2024-08-30,Damaged,1043.84
304886,9089333,2024-04-12,Late Delivery,1244.37
304887,9089356,2025-12-09,Late Delivery,3358.52
304888,9089369,2024-11-16,Changed Mind,1358.23
304889,9089388,2025-05-28,Damaged,1231.7
304890,9089396,2024-05-15,Damaged,24989.77
304891,9089408,2024-03-27,Quality Issue,1824.84
304892,9089428,2025-01-30,Damaged,2713.94
304893,9089441,2024-07-22,Quality Issue,653.01
304894,9089446,2025-11-14,Late Delivery,16464.03
304895,9089509,2025-03-31,Late Delivery,8491.2
304896,9089511,2025-08-09,Late Delivery,1103.98
304897,9089522,2025-01-07,Wrong Item,1758.3
304898,9089559,2025-08-09,Changed Mind,10110.37
304899,9089566,2024-09-02,Changed Mind,5814.27
304900,9089661,2024-09-15,Late Delivery,664.81
304901,9089676,2024-10-09,Changed Mind,1247.17
304902,9089702,2024-12-04,Late Delivery,11840.35
304903,9089713,2025-06-10,Changed Mind,2470.0
304904,9089718,2025-09-03,Wrong Item,1880.21
304905,9089725,2024-03-16,Quality Issue,21253.22
304906,9089752,2025-02-03,Quality Issue,7322.76
304907,9089805,2025-10-31,Wrong Item,1118.18
304908,9089826,2025-10-01,Quality Issue,70381.21
304909,9089853,2025-04-29,Late Delivery,849.05
304910,9089862,2024-08-22,Damaged,2088.53
304911,9089864,2024-07-17,Late Delivery,6442.84
304912,9089873,2025-04-26,Quality Issue,1748.63
304913,9089887,2025-05-21,Quality Issue,4506.48
304914,9089916,2025-03-25,Quality Issue,2210.28
304915,9089979,2024-10-08,Wrong Item,9023.48
304916,9089994,2024-04-16,Quality Issue,2885.07
304917,9089995,2024-03-24,Wrong Item,4396.14
304918,9090040,2024-11-28,Late Delivery,1164.31
304919,9090093,2025-06-02,Quality Issue,1185.72
304920,9090100,2025-05-08,Damaged,853.94
304921,9090102,2025-05-13,Wrong Item,547.32
304922,9090106,2025-03-17,Late Delivery,944.0
304923,9090112,2024-04-06,Late Delivery,2262.22
304924,9090124,2025-11-11,Quality Issue,4005.33
304925,9090136,2024-10-02,Wrong Item,813.1
304926,9090144,2024-05-17,Changed Mind,6108.8
304927,9090155,2025-02-26,Changed Mind,846.48
304928,9090168,2025-11-05,Quality Issue,1450.73
304929,9090194,2024-03-05,Damaged,3126.43
304930,9090217,2025-04-13,Wrong Item,1119.63
304931,9090221,2024-06-11,Damaged,984.99
304932,9090229,2025-06-20,Damaged,765.53
304933,9090236,2024-07-15,Quality Issue,1555.62
304934,9090245,2025-04-02,Damaged,2192.49
304935,9090257,2025-09-22,Quality Issue,2120.1
304936,9090270,2025-02-15,Late Delivery,594.37
304937,9090276,2025-06-01,Quality Issue,334.83
304938,9090322,2025-09-07,Late Delivery,547.08
304939,9090339,2024-03-08,Quality Issue,1572.34
304940,9090340,2025-12-14,Wrong Item,4185.63
304941,9090368,2026-01-06,Quality Issue,524.85
304942,9090374,2024-10-07,Changed Mind,639.52
304943,9090391,2025-12-03,Wrong Item,2286.94
304944,9090415,2025-12-20,Quality Issue,598.19
304945,9090491,2024-03-06,Damaged,790.34
304946,9090531,2025-03-15,Damaged,500.81
304947,9090533,2024-03-09,Wrong Item,9522.31
304948,9090550,2025-03-30,Changed Mind,6222.28
304949,9090561,2025-04-08,Wrong Item,1101.58
304950,9090562,2025-10-07,Wrong Item,4978.65
304951,9090564,2025-05-07,Wrong Item,568.72
304952,9090567,2024-02-26,Wrong Item,846.48
304953,9090583,2025-01-25,Changed Mind,508.35
304954,9090589,2025-04-22,Changed Mind,944.29
304955,9090630,2024-12-21,Late Delivery,358.04
304956,9090669,2025-09-05,Quality Issue,445.45
304957,9090675,2024-05-08,Quality Issue,1271.23
304958,9090692,2025-04-17,Damaged,4696.48
304959,9090696,2024-11-04,Changed Mind,913.69
304960,9090711,2025-04-06,Quality Issue,37226.45
304961,9090732,2024-06-05,Damaged,13478.02
304962,9090735,2025-05-02,Changed Mind,600.96
304963,9090749,2025-10-23,Changed Mind,2073.93
304964,9090753,2025-05-28,Quality Issue,1506.92
304965,9090754,2025-06-18,Late Delivery,30403.95
304966,9090773,2025-08-10,Late Delivery,34264.27
304967,9090821,2025-09-29,Damaged,408.37
304968,9090828,2025-08-30,Changed Mind,9023.48
304969,9090854,2024-01-26,Wrong Item,1667.89
304970,9090881,2024-05-08,Quality Issue,3556.49
304971,9090934,2024-10-09,Damaged,2829.74
304972,9090948,2024-06-23,Quality Issue,2847.48
304973,9090970,2025-08-18,Late Delivery,1261.69
304974,9090987,2024-07-21,Quality Issue,4319.28
304975,9091022,2025-07-10,Wrong Item,913.54
304976,9091034,2025-04-09,Quality Issue,830.42
304977,9091044,2024-07-12,Damaged,877.73
304978,9091048,2025-06-03,Quality Issue,4328.33
304979,9091056,2025-06-19,Quality Issue,833.94
304980,9091064,2025-05-02,Late Delivery,2594.38
304981,9091070,2025-01-02,Changed Mind,59549.43
304982,9091093,2025-12-08,Wrong Item,1326.04
304983,9091122,2024-11-19,Quality Issue,19184.76
304984,9091140,2025-04-21,Damaged,4269.3
304985,9091146,2025-06-24,Wrong Item,676.18
304986,9091151,2025-04-24,Changed Mind,793.0
304987,9091163,2024-07-27,Late Delivery,2918.68
304988,9091164,2025-09-19,Damaged,1624.39
304989,9091172,2024-12-08,Wrong Item,2260.39
304990,9091181,2024-10-25,Late Delivery,16428.13
304991,9091244,2025-06-11,Wrong Item,1312.26
304992,9091250,2025-12-03,Damaged,915.38
304993,9091262,2026-01-05,Changed Mind,2209.61
304994,9091272,2024-06-19,Damaged,1141.94
304995,9091292,2025-06-22,Changed Mind,2591.94
304996,9091330,2025-03-03,Changed Mind,3040.16
304997,9091344,2025-01-28,Changed Mind,40153.4
304998,9091405,2025-03-27,Damaged,19389.78
304999,9091420,2024-03-28,Wrong Item,4888.38
305000,9091433,2025-02-14,Wrong Item,548.66
305001,9091434,2024-04-25,Wrong Item,1498.42
305002,9091439,2024-10-22,Quality Issue,9554.75
305003,9091444,2024-09-26,Damaged,14293.38
305004,9091471,2024-02-24,Late Delivery,981.07
305005,9091475,2025-03-21,Damaged,2859.69
305006,9091534,2024-10-07,Damaged,488.82
305007,9091543,2025-08-25,Damaged,5329.1
305008,9091555,2024-06-18,Quality Issue,2740.82
305009,9091584,2025-06-05,Damaged,3836.34
305010,9091588,2025-08-27,Late Delivery,515.32
305011,9091590,2024-12-08,Wrong Item,4396.38
305012,9091609,2025-12-23,Quality Issue,1925.1
305013,9091621,2024-05-26,Wrong Item,920.13
305014,9091651,2025-09-21,Wrong Item,588.77
305015,9091653,2025-10-10,Changed Mind,36764.39
305016,9091658,2025-04-13,Quality Issue,1382.61
305017,9091678,2025-11-02,Changed Mind,2895.87
305018,9091733,2025-08-19,Changed Mind,1134.66
305019,9091753,2025-02-07,Damaged,266.98
305020,9091755,2024-02-08,Changed Mind,3893.3
305021,9091774,2024-07-27,Late Delivery,5872.56
305022,9091794,2025-10-08,Changed Mind,2326.55
305023,9091799,2025-06-26,Changed Mind,2133.88
305024,9091801,2024-09-28,Wrong Item,444.52
305025,9091809,2024-02-09,Changed Mind,959.51
305026,9091811,2025-11-14,Damaged,7912.41
305027,9091822,2025-12-03,Changed Mind,4116.49
305028,9091823,2024-03-01,Wrong Item,685.52
305029,9091865,2025-03-09,Wrong Item,3244.13
305030,9091891,2024-10-15,Quality Issue,1625.27
305031,9091894,2024-07-26,Wrong Item,3658.85
305032,9091968,2025-01-29,Damaged,1148.31
305033,9091984,2025-03-10,Damaged,1437.6
305034,9092019,2025-03-20,Wrong Item,2042.58
305035,9092024,2024-05-26,Damaged,47563.06
305036,9092048,2024-03-04,Late Delivery,526.73
305037,9092090,2024-06-30,Changed Mind,1285.55
305038,9092143,2024-07-30,Quality Issue,18358.97
305039,9092163,2024-04-14,Changed Mind,432.6
305040,9092176,2024-04-12,Late Delivery,1802.57
305041,9092195,2024-05-02,Late Delivery,2047.9
305042,9092202,2024-02-08,Changed Mind,1132.74
305043,9092207,2025-11-27,Wrong Item,3777.16
305044,9092209,2024-11-18,Late Delivery,1720.21
305045,9092215,2024-11-01,Damaged,853.21
305046,9092261,2025-10-20,Wrong Item,509.78
305047,9092265,2025-03-10,Quality Issue,1994.14
305048,9092298,2024-01-25,Quality Issue,16990.85
305049,9092302,2024-10-03,Quality Issue,885.96
305050,9092304,2025-07-26,Wrong Item,5590.9
305051,9092313,2024-11-06,Damaged,2215.76
305052,9092317,2024-01-17,Damaged,730.51
305053,9092344,2025-01-25,Wrong Item,12547.35
305054,9092359,2024-02-28,Changed Mind,1971.08
305055,9092372,2024-06-24,Late Delivery,5026.57
305056,9092422,2024-09-11,Quality Issue,2251.69
305057,9092440,2024-12-30,Quality Issue,504.32
305058,9092453,2025-08-23,Quality Issue,3161.48
305059,9092481,2024-06-19,Late Delivery,674.86
305060,9092487,2024-10-31,Wrong Item,4953.6
305061,9092488,2025-03-13,Changed Mind,4212.45
305062,9092533,2024-08-08,Late Delivery,451.36
305063,9092576,2025-01-02,Late Delivery,938.38
305064,9092577,2025-08-10,Wrong Item,2422.77
305065,9092608,2024-03-20,Damaged,404.05
305066,9092613,2024-03-22,Changed Mind,3333.46
305067,9092693,2024-07-04,Quality Issue,661.14
305068,9092694,2025-06-02,Changed Mind,5776.53
305069,9092705,2026-01-06,Changed Mind,5773.63
305070,9092719,2024-11-16,Quality Issue,1075.97
305071,9092742,2024-09-14,Wrong Item,505.49
305072,9092760,2024-04-28,Changed Mind,619.76
305073,9092779,2025-10-20,Wrong Item,2605.76
305074,9092834,2024-09-22,Late Delivery,8980.5
305075,9092846,2025-04-22,Late Delivery,1536.53
305076,9092870,2024-02-25,Damaged,503.32
305077,9092890,2024-05-20,Changed Mind,4406.15
305078,9092918,2025-08-17,Wrong Item,3491.86
305079,9092956,2025-10-25,Damaged,571.81
305080,9092986,2024-08-27,Damaged,2481.88
305081,9092988,2024-12-20,Late Delivery,620.59
305082,9093014,2025-03-11,Late Delivery,1195.59
305083,9093022,2024-03-27,Wrong Item,2137.85
305084,9093056,2025-05-05,Wrong Item,19628.91
305085,9093064,2024-04-04,Damaged,5043.56
305086,9093081,2024-03-21,Quality Issue,8341.98
305087,9093098,2024-10-28,Changed Mind,16897.38
305088,9093125,2024-09-14,Damaged,39257.82
305089,9093126,2024-12-19,Changed Mind,3655.75
305090,9093161,2024-07-11,Damaged,1073.27
305091,9093164,2025-06-15,Late Delivery,646.48
305092,9093178,2024-03-24,Late Delivery,578.32
305093,9093193,2025-11-24,Wrong Item,1005.52
305094,9093233,2025-05-02,Changed Mind,3255.84
305095,9093245,2025-09-29,Damaged,4922.98
305096,9093257,2025-02-02,Damaged,2656.45
305097,9093262,2025-03-12,Changed Mind,235.29
305098,9093268,2025-02-20,Wrong Item,529.81
305099,9093300,2025-01-28,Late Delivery,1023.96
305100,9093311,2024-03-04,Quality Issue,809.35
305101,9093342,2025-12-16,Damaged,1378.26
305102,9093349,2024-04-25,Late Delivery,2435.85
305103,9093370,2024-11-08,Changed Mind,332.15
305104,9093385,2024-02-20,Changed Mind,1094.53
305105,9093441,2024-10-08,Late Delivery,2432.24
305106,9093451,2024-06-22,Late Delivery,3472.96
305107,9093510,2024-01-28,Wrong Item,203.12
305108,9093520,2025-04-26,Wrong Item,520.06
305109,9093522,2025-08-27,Changed Mind,4968.83
305110,9093560,2025-09-13,Damaged,1121.84
305111,9093589,2024-02-04,Damaged,5475.68
305112,9093595,2025-05-27,Wrong Item,1225.1
305113,9093601,2024-08-13,Changed Mind,1979.77
305114,9093614,2025-10-23,Wrong Item,1940.45
305115,9093653,2025-05-12,Damaged,648.57
305116,9093664,2024-12-17,Late Delivery,1848.63
305117,9093690,2024-05-15,Quality Issue,7806.02
305118,9093693,2024-06-22,Late Delivery,1012.85
305119,9093694,2024-10-30,Quality Issue,2740.82
305120,9093724,2024-01-28,Wrong Item,1566.72
305121,9093725,2024-11-25,Damaged,5326.82
305122,9093732,2025-02-01,Damaged,610.45
305123,9093737,2024-01-28,Wrong Item,5075.08
305124,9093755,2024-01-30,Late Delivery,3498.29
305125,9093770,2025-10-17,Wrong Item,5039.45
305126,9093781,2024-03-08,Wrong Item,39663.03
305127,9093831,2025-08-08,Damaged,770.24
305128,9093850,2024-09-14,Changed Mind,476.5
305129,9093890,2025-10-13,Wrong Item,545.27
305130,9093892,2024-04-30,Wrong Item,306.18
305131,9093909,2024-03-03,Quality Issue,19227.12
305132,9093911,2025-05-09,Wrong Item,1816.82
305133,9093922,2025-09-27,Changed Mind,3697.57
305134,9093943,2025-04-11,Late Delivery,4807.32
305135,9093965,2024-03-01,Changed Mind,576.75
305136,9093982,2024-07-26,Wrong Item,384.62
305137,9094061,2024-06-08,Changed Mind,1764.41
305138,9094070,2024-10-30,Damaged,1164.29
305139,9094073,2024-11-05,Wrong Item,586.16
305140,9094106,2024-06-17,Wrong Item,1924.24
305141,9094108,2024-10-02,Late Delivery,340.2
305142,9094117,2024-05-14,Quality Issue,562.57
305143,9094146,2024-03-24,Damaged,872.53
305144,9094149,2024-05-31,Damaged,543.36
305145,9094155,2025-09-20,Late Delivery,3044.64
305146,9094178,2025-06-11,Quality Issue,3286.99
305147,9094209,2025-10-03,Quality Issue,3228.55
305148,9094260,2026-01-09,Damaged,818.87
305149,9094268,2024-01-10,Late Delivery,3438.67
305150,9094272,2024-08-02,Late Delivery,835.0
305151,9094276,2024-08-23,Quality Issue,1007.44
305152,9094278,2025-04-18,Damaged,345.19
305153,9094315,2024-06-01,Damaged,1197.18
305154,9094325,2025-06-21,Wrong Item,945.29
305155,9094346,2025-03-09,Late Delivery,1403.86
305156,9094350,2024-02-06,Damaged,2246.64
305157,9094377,2025-09-02,Wrong Item,1467.81
305158,9094384,2025-08-22,Late Delivery,1279.37
305159,9094393,2024-08-08,Wrong Item,1288.28
305160,9094413,2025-02-18,Wrong Item,862.48
305161,9094420,2024-03-17,Wrong Item,1438.32
305162,9094429,2024-03-20,Quality Issue,5915.68
305163,9094432,2025-01-20,Changed Mind,2025.73
305164,9094490,2024-07-21,Changed Mind,4719.68
305165,9094500,2024-06-07,Wrong Item,3220.44
305166,9094515,2024-12-31,Wrong Item,30519.31
305167,9094530,2024-10-26,Quality Issue,5694.36
305168,9094531,2025-08-12,Wrong Item,1459.48
305169,9094545,2025-01-24,Changed Mind,731.43
305170,9094556,2025-07-13,Late Delivery,1720.19
305171,9094587,2024-01-03,Quality Issue,3880.96
305172,9094612,2024-09-28,Quality Issue,1713.29
305173,9094614,2025-03-03,Quality Issue,2644.98
305174,9094616,2024-12-20,Wrong Item,1958.4
305175,9094620,2025-06-22,Late Delivery,720.5
305176,9094624,2025-07-03,Damaged,717.87
305177,9094626,2025-06-18,Quality Issue,2811.84
305178,9094645,2025-11-22,Wrong Item,1658.11
305179,9094674,2024-06-18,Changed Mind,3338.49
305180,9094675,2024-10-21,Wrong Item,964.12
305181,9094676,2024-07-17,Changed Mind,2058.25
305182,9094698,2024-02-25,Quality Issue,1147.2
305183,9094714,2024-07-31,Damaged,1979.77
305184,9094726,2025-04-08,Wrong Item,40129.07
305185,9094739,2024-02-24,Quality Issue,511.73
305186,9094767,2025-09-24,Changed Mind,1765.1
305187,9094775,2024-06-22,Wrong Item,3022.84
305188,9094799,2025-10-06,Wrong Item,2950.44
305189,9094813,2024-08-26,Damaged,526.74
305190,9094842,2025-06-04,Quality Issue,7946.19
305191,9094869,2024-12-18,Wrong Item,6526.16
305192,9094875,2026-01-07,Late Delivery,1380.54
305193,9094902,2025-07-19,Changed Mind,1037.14
305194,9094918,2024-07-22,Changed Mind,1863.67
305195,9094919,2025-10-09,Quality Issue,1657.42
305196,9094927,2025-10-31,Late Delivery,13744.55
305197,9094946,2025-12-25,Wrong Item,8955.43
305198,9095029,2025-10-10,Wrong Item,1397.22
305199,9095033,2024-05-26,Quality Issue,3655.75
305200,9095037,2024-09-08,Late Delivery,1406.77
305201,9095039,2024-08-31,Late Delivery,786.66
305202,9095040,2025-10-23,Wrong Item,5452.87
305203,9095056,2025-04-25,Wrong Item,1840.74
305204,9095057,2025-08-10,Damaged,583.4
305205,9095071,2025-09-29,Damaged,549.61
305206,9095137,2024-05-07,Changed Mind,2829.38
305207,9095189,2025-03-09,Wrong Item,5036.48
305208,9095192,2026-01-19,Wrong Item,2129.5
305209,9095193,2024-08-13,Changed Mind,737.69
305210,9095237,2025-02-15,Wrong Item,32251.82
305211,9095240,2024-10-16,Damaged,1102.67
305212,9095293,2024-03-07,Quality Issue,11382.53
305213,9095297,2024-09-03,Changed Mind,925.18
305214,9095301,2025-11-12,Wrong Item,1527.39
305215,9095329,2025-04-09,Wrong Item,721.57
305216,9095388,2025-05-06,Changed Mind,2508.32
305217,9095413,2025-03-17,Damaged,1668.09
305218,9095475,2025-05-26,Wrong Item,1804.12
305219,9095515,2024-05-15,Wrong Item,6852.6
305220,9095552,2025-05-08,Wrong Item,44283.23
305221,9095575,2025-03-07,Late Delivery,31955.26
305222,9095593,2025-11-16,Quality Issue,4988.67
305223,9095616,2024-03-16,Changed Mind,444.52
305224,9095617,2024-04-28,Late Delivery,2415.79
305225,9095701,2025-06-02,Damaged,2039.01
305226,9095702,2024-10-13,Changed Mind,3566.41
305227,9095703,2025-10-06,Damaged,5702.1
305228,9095708,2025-08-02,Damaged,2041.41
305229,9095712,2025-06-26,Late Delivery,2322.12
305230,9095738,2025-06-28,Damaged,4259.0
305231,9095746,2025-12-28,Late Delivery,289.0
305232,9095748,2024-10-20,Late Delivery,1317.47
305233,9095764,2024-09-29,Wrong Item,2050.39
305234,9095766,2024-05-31,Damaged,1143.88
305235,9095794,2024-10-08,Damaged,1085.59
305236,9095798,2024-09-01,Late Delivery,1096.14
305237,9095808,2026-01-10,Quality Issue,1470.76
305238,9095823,2024-01-22,Wrong Item,2433.82
305239,9095863,2024-12-12,Wrong Item,257.83
305240,9095881,2025-05-31,Wrong Item,24056.21
305241,9095883,2024-12-20,Damaged,6773.65
305242,9095899,2024-10-04,Damaged,18464.12
305243,9095919,2025-04-06,Changed Mind,816.93
305244,9095950,2025-06-08,Damaged,12690.47
305245,9095960,2025-07-09,Quality Issue,1595.31
305246,9095980,2025-09-24,Damaged,1297.71
305247,9095982,2024-08-16,Changed Mind,4549.4
305248,9096001,2025-02-21,Quality Issue,547.42
305249,9096008,2025-09-07,Damaged,715.41
305250,9096010,2024-01-19,Late Delivery,2966.71
305251,9096013,2025-10-05,Changed Mind,6759.63
305252,9096019,2024-12-03,Late Delivery,19582.24
305253,9096052,2026-01-10,Quality Issue,2164.23
305254,9096072,2024-04-16,Wrong Item,574.3
305255,9096080,2024-02-20,Wrong Item,744.23
305256,9096088,2025-12-21,Wrong Item,1495.64
305257,9096136,2024-11-11,Changed Mind,648.1
305258,9096158,2025-07-10,Wrong Item,1227.29
305259,9096159,2025-05-13,Late Delivery,1611.99
305260,9096170,2025-11-18,Changed Mind,3606.88
305261,9096172,2025-02-08,Late Delivery,850.4
305262,9096203,2025-09-04,Damaged,5586.41
305263,9096216,2024-02-09,Damaged,629.98
305264,9096232,2024-01-13,Quality Issue,18930.4
305265,9096276,2025-09-14,Late Delivery,12138.18
305266,9096277,2024-12-12,Changed Mind,5566.28
305267,9096290,2024-11-22,Wrong Item,1124.89
305268,9096303,2025-07-05,Late Delivery,825.76
305269,9096323,2024-12-30,Wrong Item,6006.96
305270,9096378,2024-12-16,Late Delivery,4764.46
305271,9096395,2025-11-29,Quality Issue,4114.4
305272,9096410,2025-01-06,Quality Issue,26264.11
305273,9096443,2025-05-06,Changed Mind,3022.84
305274,9096478,2025-03-07,Late Delivery,2914.38
305275,9096494,2024-02-09,Late Delivery,1543.1
305276,9096500,2025-10-24,Changed Mind,432.5
305277,9096512,2025-08-07,Wrong Item,1883.28
305278,9096519,2025-10-14,Quality Issue,496.22
305279,9096574,2026-01-09,Damaged,9622.71
305280,9096577,2025-06-20,Damaged,3456.2
305281,9096598,2025-01-07,Changed Mind,2131.46
305282,9096613,2025-08-25,Changed Mind,2861.88
305283,9096647,2026-01-01,Late Delivery,1637.47
305284,9096684,2024-04-06,Damaged,6108.8
305285,9096740,2024-11-03,Wrong Item,1562.26
305286,9096755,2025-12-18,Changed Mind,8435.4
305287,9096770,2025-09-06,Late Delivery,4329.33
305288,9096772,2024-10-05,Quality Issue,1888.58
305289,9096791,2024-03-07,Late Delivery,4262.94
305290,9096806,2024-07-29,Changed Mind,87280.48
305291,9096817,2024-03-01,Changed Mind,538.37
305292,9096838,2024-10-08,Wrong Item,16363.73
305293,9096869,2025-03-21,Late Delivery,845.6
305294,9096877,2025-08-13,Wrong Item,4833.84
305295,9096889,2024-06-15,Wrong Item,519.25
305296,9096924,2025-08-02,Quality Issue,485.7
305297,9096984,2025-12-15,Quality Issue,32403.44
305298,9096993,2025-10-09,Changed Mind,535.79
305299,9096997,2025-10-02,Quality Issue,2514.86
305300,9097005,2025-08-11,Late Delivery,796.01
305301,9097010,2024-04-30,Late Delivery,6127.74
305302,9097034,2024-04-28,Changed Mind,4057.74
305303,9097042,2025-01-15,Late Delivery,2439.79
305304,9097057,2024-03-02,Wrong Item,5432.16
305305,9097092,2024-01-23,Damaged,1959.9
305306,9097093,2024-11-03,Changed Mind,915.38
305307,9097094,2025-06-25,Changed Mind,1496.0
305308,9097130,2024-07-17,Changed Mind,1512.58
305309,9097134,2024-08-11,Late Delivery,326.82
305310,9097136,2024-03-27,Changed Mind,2212.04
305311,9097140,2025-05-12,Damaged,131.46
305312,9097154,2024-09-21,Changed Mind,1904.52
305313,9097169,2024-06-15,Changed Mind,2246.2
305314,9097170,2024-07-06,Changed Mind,288.3
305315,9097172,2025-09-28,Wrong Item,2415.4
305316,9097174,2024-07-07,Late Delivery,10910.94
305317,9097210,2025-10-08,Wrong Item,8834.28
305318,9097228,2024-10-20,Wrong Item,3003.3
305319,9097274,2024-12-27,Changed Mind,447.16
305320,9097293,2024-06-22,Changed Mind,3150.74
305321,9097312,2024-05-19,Quality Issue,1118.18
305322,9097317,2025-04-02,Late Delivery,81117.72
305323,9097335,2024-04-22,Damaged,808.6
305324,9097370,2025-02-23,Late Delivery,74.25
305325,9097400,2025-09-30,Wrong Item,1620.08
305326,9097405,2024-07-01,Changed Mind,327.35
305327,9097456,2025-06-18,Late Delivery,727.55
305328,9097476,2025-02-04,Late Delivery,4340.8
305329,9097495,2025-08-13,Late Delivery,1211.15
305330,9097510,2024-07-23,Quality Issue,1646.95
305331,9097518,2024-10-22,Quality Issue,1190.76
305332,9097519,2025-08-26,Changed Mind,1774.95
305333,9097546,2025-04-14,Wrong Item,598.26
305334,9097559,2025-09-25,Wrong Item,3190.62
305335,9097587,2024-04-12,Damaged,2736.92
305336,9097591,2025-05-28,Wrong Item,1711.79
305337,9097603,2025-03-11,Damaged,941.15
305338,9097620,2024-05-04,Wrong Item,276.49
305339,9097624,2025-02-03,Wrong Item,68214.98
305340,9097646,2025-07-02,Quality Issue,3092.38
305341,9097656,2025-07-27,Damaged,1659.99
305342,9097671,2024-02-13,Wrong Item,673.74
305343,9097713,2024-01-21,Late Delivery,7120.54
305344,9097755,2025-01-10,Wrong Item,1352.18
305345,9097761,2024-11-15,Quality Issue,2643.52
305346,9097805,2025-06-26,Wrong Item,844.99
305347,9097807,2025-09-11,Quality Issue,5245.34
305348,9097836,2024-05-15,Damaged,3379.81
305349,9097848,2025-03-11,Late Delivery,863.97
305350,9097851,2025-02-17,Wrong Item,1071.17
305351,9097867,2025-02-12,Damaged,2950.13
305352,9097918,2024-10-17,Changed Mind,158.47
305353,9097938,2025-01-28,Late Delivery,1673.73
305354,9097994,2024-06-11,Quality Issue,1238.39
305355,9098013,2025-09-30,Quality Issue,424.2
305356,9098023,2024-04-04,Late Delivery,14135.43
305357,9098031,2024-06-09,Changed Mind,368.72
305358,9098049,2025-05-14,Late Delivery,917.74
305359,9098053,2025-06-23,Changed Mind,1099.44
305360,9098096,2024-12-18,Late Delivery,2853.98
305361,9098103,2025-04-14,Late Delivery,3469.23
305362,9098167,2025-08-30,Quality Issue,2591.62
305363,9098192,2025-03-30,Damaged,1758.28
305364,9098205,2025-04-16,Late Delivery,1143.88
305365,9098208,2024-09-27,Changed Mind,2248.56
305366,9098248,2024-01-21,Quality Issue,2585.41
305367,9098272,2024-12-07,Late Delivery,634.64
305368,9098310,2025-04-11,Changed Mind,99.53
305369,9098311,2024-07-20,Late Delivery,3991.07
305370,9098324,2025-09-14,Wrong Item,1390.55
305371,9098330,2024-01-07,Changed Mind,1190.99
305372,9098341,2025-02-03,Wrong Item,1441.7
305373,9098349,2025-06-06,Late Delivery,1142.82
305374,9098372,2025-10-08,Changed Mind,13751.52
305375,9098398,2024-02-08,Wrong Item,786.67
305376,9098422,2024-03-28,Quality Issue,1874.59
305377,9098423,2024-07-13,Wrong Item,1170.32
305378,9098475,2024-11-17,Changed Mind,684.28
305379,9098489,2024-04-03,Quality Issue,2404.94
305380,9098522,2024-12-01,Changed Mind,3666.64
305381,9098527,2024-01-04,Quality Issue,21343.7
305382,9098540,2024-04-14,Changed Mind,11732.22
305383,9098556,2026-01-05,Changed Mind,5646.74
305384,9098577,2025-04-09,Wrong Item,1451.79
305385,9098603,2024-02-22,Changed Mind,1367.86
305386,9098643,2024-11-19,Wrong Item,689.1
305387,9098651,2025-06-04,Damaged,687.11
305388,9098670,2024-10-14,Late Delivery,14921.74
305389,9098704,2024-01-28,Late Delivery,2807.54
305390,9098736,2024-02-29,Damaged,1216.67
305391,9098828,2024-06-21,Changed Mind,1952.82
305392,9098834,2025-06-18,Damaged,1788.64
305393,9098837,2025-05-11,Late Delivery,380.64
305394,9098842,2024-10-19,Late Delivery,3551.47
305395,9098864,2025-06-04,Changed Mind,443.55
305396,9098869,2024-01-17,Late Delivery,16839.35
305397,9098873,2025-08-30,Damaged,276.27
305398,9098882,2025-03-14,Wrong Item,491.15
305399,9098899,2024-08-17,Quality Issue,489.66
305400,9098920,2024-02-21,Wrong Item,1301.83
305401,9098989,2024-10-12,Wrong Item,51305.44
305402,9098997,2025-12-15,Quality Issue,770.08
305403,9099015,2025-06-19,Quality Issue,381.2
305404,9099059,2024-10-24,Wrong Item,5274.84
305405,9099095,2024-06-20,Quality Issue,1753.74
305406,9099119,2025-06-06,Changed Mind,5052.66
305407,9099161,2024-04-11,Changed Mind,476.8
305408,9099190,2025-02-22,Late Delivery,2011.91
305409,9099210,2025-10-09,Damaged,1251.6
305410,9099224,2024-01-29,Changed Mind,8875.52
305411,9099243,2024-06-01,Changed Mind,1038.45
305412,9099245,2024-06-18,Wrong Item,688.73
305413,9099260,2025-08-18,Damaged,1686.42
305414,9099297,2024-03-28,Damaged,1765.1
305415,9099322,2024-01-12,Changed Mind,694.21
305416,9099371,2024-03-08,Changed Mind,1629.18
305417,9099379,2024-12-28,Changed Mind,2599.54
305418,9099408,2024-09-05,Changed Mind,2903.58
305419,9099436,2024-04-16,Quality Issue,4661.7
305420,9099487,2024-04-24,Changed Mind,5860.02
305421,9099489,2025-03-22,Late Delivery,2089.75
305422,9099507,2024-07-11,Changed Mind,34203.63
305423,9099525,2024-05-24,Late Delivery,1134.66
305424,9099544,2024-09-23,Changed Mind,13024.48
305425,9099547,2025-06-10,Quality Issue,8593.22
305426,9099556,2024-02-08,Damaged,40251.82
305427,9099567,2025-02-19,Wrong Item,6241.1
305428,9099624,2025-10-19,Quality Issue,797.62
305429,9099647,2025-05-05,Late Delivery,344.46
305430,9099672,2025-03-29,Late Delivery,1138.89
305431,9099689,2024-11-06,Late Delivery,99.0
305432,9099691,2025-10-04,Damaged,901.18
305433,9099700,2024-11-17,Wrong Item,3795.4
305434,9099712,2025-01-14,Quality Issue,1040.45
305435,9099749,2024-06-11,Changed Mind,1744.39
305436,9099752,2024-09-16,Changed Mind,14698.85
305437,9099788,2024-05-18,Quality Issue,1520.56
305438,9099812,2024-02-20,Quality Issue,1735.18
305439,9099815,2024-09-18,Changed Mind,2219.96
305440,9099825,2025-09-23,Late Delivery,64008.32
305441,9099831,2024-10-15,Quality Issue,1295.81
305442,9099849,2025-08-29,Changed Mind,846.68
305443,9099855,2025-04-23,Late Delivery,3450.55
305444,9099864,2025-10-27,Changed Mind,5015.22
305445,9099869,2025-12-23,Quality Issue,845.22
305446,9099882,2025-07-20,Quality Issue,2080.26
305447,9099911,2025-08-19,Late Delivery,541.84
305448,9099917,2025-12-31,Wrong Item,206.06
305449,9099922,2024-07-09,Late Delivery,12717.24
305450,9099929,2025-04-21,Damaged,4058.19
305451,9099981,2024-11-25,Quality Issue,3292.84
305452,9099982,2025-04-03,Changed Mind,3789.14
305453,9100020,2024-09-28,Wrong Item,7012.38
305454,9100042,2025-05-09,Damaged,7209.18
305455,9100063,2025-06-30,Late Delivery,719.16
305456,9100079,2025-04-16,Late Delivery,3144.09
305457,9100083,2024-04-29,Damaged,900.48
305458,9100108,2025-05-26,Wrong Item,20166.03
305459,9100150,2024-04-29,Quality Issue,1818.41
305460,9100157,2024-10-06,Wrong Item,1048.1
305461,9100183,2024-11-19,Changed Mind,1752.63
305462,9100216,2024-10-12,Wrong Item,21445.3
305463,9100217,2024-04-04,Late Delivery,9161.52
305464,9100228,2025-08-10,Damaged,2633.18
305465,9100272,2024-10-07,Quality Issue,7631.01
305466,9100292,2024-04-14,Quality Issue,564.42
305467,9100357,2025-02-12,Late Delivery,1053.79
305468,9100364,2025-11-22,Wrong Item,3714.14
305469,9100372,2024-06-24,Late Delivery,1782.43
305470,9100384,2025-12-31,Damaged,576.55
305471,9100441,2024-10-20,Wrong Item,1739.22
305472,9100452,2025-03-30,Quality Issue,1796.77
305473,9100461,2024-06-28,Wrong Item,1541.73
305474,9100466,2025-04-09,Quality Issue,421.39
305475,9100483,2025-02-28,Wrong Item,1006.64
305476,9100497,2024-08-03,Wrong Item,2333.07
305477,9100499,2024-03-21,Late Delivery,355.81
305478,9100501,2024-12-21,Damaged,1877.18
305479,9100510,2024-11-30,Wrong Item,2516.63
305480,9100518,2025-09-14,Damaged,17988.34
305481,9100535,2024-03-14,Late Delivery,11346.24
305482,9100561,2025-07-03,Quality Issue,2932.52
305483,9100573,2024-05-18,Changed Mind,845.22
305484,9100587,2024-09-13,Damaged,1938.93
305485,9100611,2024-08-08,Changed Mind,1861.96
305486,9100620,2024-07-02,Quality Issue,1545.06
305487,9100636,2025-11-20,Wrong Item,232.05
305488,9100646,2024-05-18,Late Delivery,2373.04
305489,9100730,2024-11-27,Wrong Item,3468.18
305490,9100732,2024-05-24,Changed Mind,582.39
305491,9100739,2025-08-18,Damaged,7578.29
305492,9100740,2024-02-13,Late Delivery,5866.11
305493,9100793,2024-08-17,Damaged,768.92
305494,9100803,2024-10-23,Wrong Item,508.89
305495,9100836,2024-01-18,Late Delivery,14926.7
305496,9100844,2024-09-27,Damaged,2026.29
305497,9100855,2025-09-01,Damaged,713.09
305498,9100863,2024-10-16,Late Delivery,1725.33
305499,9100899,2025-05-17,Wrong Item,372.03
305500,9100904,2024-05-16,Damaged,856.65
305501,9100913,2025-07-30,Wrong Item,2418.7
305502,9100934,2025-11-07,Damaged,1470.15
305503,9100941,2024-09-23,Late Delivery,10385.16
305504,9100942,2024-11-04,Changed Mind,1903.84
305505,9100946,2025-07-06,Late Delivery,4554.48
305506,9100967,2026-01-11,Damaged,380.64
305507,9100968,2025-01-13,Wrong Item,1121.65
305508,9100997,2025-04-01,Wrong Item,1285.98
305509,9101020,2024-09-08,Damaged,188.1
305510,9101047,2025-03-27,Damaged,6256.4
305511,9101052,2024-07-13,Damaged,2212.04
305512,9101057,2025-07-13,Changed Mind,1164.8
305513,9101062,2026-01-02,Late Delivery,1497.44
305514,9101065,2025-11-11,Damaged,1983.74
305515,9101071,2024-02-10,Changed Mind,655.53
305516,9101082,2025-10-02,Quality Issue,370.31
305517,9101087,2024-09-17,Late Delivery,773.38
305518,9101089,2025-10-24,Late Delivery,1216.15
305519,9101105,2025-07-16,Wrong Item,79.2
305520,9101121,2025-10-29,Changed Mind,8727.4
305521,9101122,2024-09-16,Quality Issue,190.5
305522,9101132,2025-07-27,Wrong Item,856.73
305523,9101144,2025-01-17,Late Delivery,19691.2
305524,9101165,2024-12-29,Changed Mind,738.42
305525,9101169,2025-04-04,Damaged,3122.87
305526,9101181,2025-08-05,Wrong Item,22645.03
305527,9101192,2025-12-07,Wrong Item,1115.86
305528,9101195,2024-11-26,Late Delivery,2061.21
305529,9101198,2024-12-09,Late Delivery,887.09
305530,9101228,2025-02-23,Quality Issue,3057.5
305531,9101243,2024-12-31,Damaged,2063.98
305532,9101308,2024-09-23,Late Delivery,8500.44
305533,9101312,2024-08-12,Late Delivery,414.62
305534,9101332,2024-11-21,Wrong Item,1053.59
305535,9101407,2024-02-19,Changed Mind,263.27
305536,9101409,2024-06-05,Wrong Item,31937.7
305537,9101426,2024-03-11,Damaged,1332.96
305538,9101428,2024-10-30,Damaged,426.41
305539,9101456,2024-04-13,Quality Issue,2294.01
305540,9101459,2025-06-19,Quality Issue,84.15
305541,9101467,2024-03-21,Quality Issue,368.05
305542,9101487,2025-11-09,Late Delivery,516.38
305543,9101525,2025-01-07,Changed Mind,683.0
305544,9101534,2024-07-30,Quality Issue,3450.52
305545,9101544,2025-02-18,Quality Issue,606.89
305546,9101580,2025-01-20,Changed Mind,3672.8
305547,9101585,2024-05-31,Damaged,4003.31
305548,9101596,2025-03-29,Late Delivery,1397.43
305549,9101606,2025-04-19,Late Delivery,2718.16
305550,9101610,2024-02-21,Late Delivery,1312.26
305551,9101641,2024-10-01,Late Delivery,1129.48
305552,9101674,2025-12-10,Damaged,4188.55
305553,9101686,2025-06-24,Changed Mind,481.53
305554,9101774,2024-02-01,Late Delivery,4005.33
305555,9101823,2024-06-20,Damaged,1979.77
305556,9101827,2025-12-05,Damaged,1355.13
305557,9101832,2024-05-29,Quality Issue,2106.91
305558,9101833,2024-02-20,Damaged,646.35
305559,9101839,2025-08-07,Late Delivery,94.05
305560,9101865,2024-06-24,Wrong Item,777.84
305561,9101947,2025-10-31,Quality Issue,3316.12
305562,9101961,2024-09-11,Quality Issue,16002.08
305563,9101980,2024-07-06,Wrong Item,779.71
305564,9101981,2025-02-28,Late Delivery,655.26
305565,9101984,2024-01-25,Damaged,859.34
305566,9101991,2025-11-21,Quality Issue,3416.53
305567,9101994,2024-11-27,Quality Issue,1339.74
305568,9101995,2025-09-19,Changed Mind,57681.35
305569,9102021,2024-06-05,Wrong Item,1810.2
305570,9102042,2024-06-14,Quality Issue,1105.57
305571,9102066,2025-04-24,Damaged,7439.7
305572,9102068,2024-02-23,Changed Mind,1236.24
305573,9102071,2024-08-11,Late Delivery,1834.56
305574,9102086,2024-03-16,Quality Issue,6112.26
305575,9102106,2024-09-03,Changed Mind,2740.97
305576,9102122,2024-02-23,Late Delivery,4448.22
305577,9102153,2025-09-06,Damaged,429.23
305578,9102158,2025-01-25,Damaged,727.29
305579,9102193,2025-05-08,Late Delivery,2370.16
305580,9102194,2024-12-24,Damaged,90119.36
305581,9102216,2024-05-15,Wrong Item,11886.97
305582,9102237,2025-07-03,Damaged,9927.57
305583,9102283,2025-08-31,Changed Mind,1135.16
305584,9102300,2025-06-06,Wrong Item,1048.03
305585,9102301,2024-01-15,Damaged,4573.88
305586,9102322,2025-09-02,Changed Mind,1001.78
305587,9102325,2025-06-18,Wrong Item,2582.52
305588,9102328,2025-11-10,Damaged,9111.3
305589,9102352,2025-01-02,Quality Issue,10910.94
305590,9102381,2024-07-19,Wrong Item,5568.84
305591,9102405,2025-12-03,Changed Mind,2605.16
305592,9102413,2024-08-13,Wrong Item,1279.33
305593,9102437,2024-06-16,Wrong Item,4843.79
305594,9102445,2025-02-11,Changed Mind,1821.39
305595,9102496,2025-12-19,Wrong Item,919.51
305596,9102498,2025-04-13,Changed Mind,1578.68
305597,9102516,2024-01-29,Quality Issue,984.4
305598,9102518,2025-01-11,Wrong Item,2057.3
305599,9102582,2024-05-29,Changed Mind,408.24
305600,9102592,2024-09-13,Late Delivery,1602.93
305601,9102609,2025-06-24,Late Delivery,79.2
305602,9102615,2025-02-01,Damaged,743.21
305603,9102639,2025-09-04,Late Delivery,1030.87
305604,9102643,2026-01-08,Damaged,1886.84
305605,9102666,2024-02-09,Quality Issue,2321.34
305606,9102668,2024-09-01,Late Delivery,372.03
305607,9102683,2025-03-26,Changed Mind,2905.33
305608,9102705,2024-11-07,Damaged,1078.03
305609,9102718,2024-12-07,Changed Mind,4961.36
305610,9102721,2024-01-31,Damaged,2176.9
305611,9102760,2024-10-07,Damaged,392.7
305612,9102794,2024-02-22,Damaged,843.03
305613,9102795,2025-04-13,Quality Issue,12083.42
305614,9102818,2025-04-14,Wrong Item,4899.29
305615,9102823,2024-10-28,Wrong Item,20003.84
305616,9102835,2024-12-10,Wrong Item,3232.16
305617,9102852,2024-09-24,Changed Mind,1052.4
305618,9102872,2025-10-01,Quality Issue,17201.26
305619,9102906,2024-12-25,Damaged,794.5
305620,9102919,2025-11-13,Damaged,3321.7
305621,9102920,2024-03-20,Late Delivery,2537.54
305622,9102931,2025-04-10,Quality Issue,2508.15
305623,9102934,2025-11-18,Damaged,2300.32
305624,9102951,2025-05-05,Late Delivery,1071.17
305625,9102966,2024-07-26,Damaged,912.11
305626,9102988,2024-12-10,Late Delivery,6755.59
305627,9102993,2024-07-22,Quality Issue,1385.87
305628,9102994,2025-06-19,Quality Issue,1227.61
305629,9103021,2024-06-04,Changed Mind,2092.27
305630,9103025,2025-02-18,Changed Mind,7220.94
305631,9103036,2024-02-29,Late Delivery,4856.97
305632,9103042,2025-03-01,Changed Mind,1259.63
305633,9103059,2025-05-04,Quality Issue,963.99
305634,9103067,2024-03-03,Quality Issue,2336.04
305635,9103091,2025-05-01,Late Delivery,3277.96
305636,9103106,2024-07-11,Late Delivery,1852.5
305637,9103164,2025-05-09,Quality Issue,2354.24
305638,9103181,2025-10-12,Damaged,1949.51
305639,9103203,2024-08-23,Damaged,2050.79
305640,9103220,2024-08-26,Quality Issue,1680.26
305641,9103241,2025-09-16,Damaged,1677.22
305642,9103248,2024-02-24,Quality Issue,2570.49
305643,9103266,2024-08-14,Wrong Item,1168.4
305644,9103267,2024-02-27,Damaged,1273.66
305645,9103269,2024-04-23,Changed Mind,562.55
305646,9103290,2024-07-18,Wrong Item,1834.52
305647,9103299,2024-07-19,Changed Mind,5945.18
305648,9103337,2025-03-17,Quality Issue,17446.56
305649,9103340,2025-05-31,Wrong Item,1076.8
305650,9103358,2025-07-22,Late Delivery,343.48
305651,9103370,2025-07-29,Late Delivery,19227.12
305652,9103377,2025-03-31,Changed Mind,54460.88
305653,9103380,2024-09-07,Wrong Item,4122.68
305654,9103382,2024-09-18,Wrong Item,521.33
305655,9103414,2025-10-16,Wrong Item,433.56
305656,9103489,2025-01-08,Changed Mind,8890.67
305657,9103500,2025-10-24,Changed Mind,6662.87
305658,9103533,2025-04-08,Quality Issue,4810.56
305659,9103577,2025-12-26,Changed Mind,3265.8
305660,9103596,2025-12-29,Quality Issue,3832.31
305661,9103603,2024-08-14,Late Delivery,655.78
305662,9103632,2025-07-07,Quality Issue,3372.91
305663,9103641,2024-04-09,Late Delivery,1378.16
305664,9103644,2025-01-10,Changed Mind,451.44
305665,9103674,2024-11-30,Late Delivery,1568.19
305666,9103681,2025-03-20,Damaged,8528.26
305667,9103693,2025-07-09,Late Delivery,5114.02
305668,9103698,2026-01-13,Changed Mind,1942.42
305669,9103725,2024-11-17,Wrong Item,18001.91
305670,9103738,2024-03-30,Late Delivery,2444.34
305671,9103741,2025-09-25,Quality Issue,2471.7
305672,9103773,2025-06-14,Wrong Item,17198.17
305673,9103776,2025-11-14,Quality Issue,2032.47
305674,9103777,2025-12-18,Damaged,6639.59
305675,9103786,2024-03-04,Damaged,138.38
305676,9103806,2025-12-17,Changed Mind,940.22
305677,9103841,2024-05-27,Changed Mind,3654.76
305678,9103847,2024-08-31,Wrong Item,363.59
305679,9103849,2024-12-25,Quality Issue,10893.15
305680,9103856,2025-04-08,Wrong Item,3590.32
305681,9103857,2025-10-16,Late Delivery,1422.57
305682,9103872,2024-12-31,Late Delivery,3144.69
305683,9103896,2025-12-13,Wrong Item,1257.52
305684,9103900,2024-06-16,Wrong Item,688.73
305685,9103917,2025-01-20,Damaged,7376.1
305686,9103953,2024-07-13,Quality Issue,15000.26
305687,9104000,2024-10-03,Quality Issue,5694.0
305688,9104003,2024-04-21,Changed Mind,613.82
305689,9104016,2024-06-24,Damaged,2989.14
305690,9104028,2025-12-22,Quality Issue,7760.45
305691,9104046,2024-01-23,Late Delivery,1471.59
305692,9104052,2024-12-23,Wrong Item,19489.91
305693,9104070,2025-01-20,Damaged,8225.6
305694,9104074,2024-05-21,Wrong Item,62625.68
305695,9104084,2025-05-31,Wrong Item,3712.94
305696,9104105,2025-05-13,Damaged,2422.43
305697,9104116,2024-10-22,Changed Mind,2821.59
305698,9104137,2024-07-29,Late Delivery,520.34
305699,9104148,2025-02-16,Late Delivery,1566.78
305700,9104179,2025-09-19,Wrong Item,14588.02
305701,9104186,2025-12-14,Changed Mind,4091.63
305702,9104191,2024-10-25,Quality Issue,322.22
305703,9104213,2025-01-11,Wrong Item,1100.59
305704,9104218,2024-12-11,Wrong Item,4397.72
305705,9104297,2025-09-08,Changed Mind,5268.74
305706,9104300,2024-05-09,Changed Mind,1680.26
305707,9104316,2025-04-11,Damaged,54414.68
305708,9104329,2025-10-05,Quality Issue,13989.14
305709,9104338,2025-06-22,Damaged,503.58
305710,9104354,2025-08-23,Late Delivery,1548.96
305711,9104378,2024-05-22,Changed Mind,67401.15
305712,9104402,2025-09-22,Damaged,3942.4
305713,9104429,2025-11-06,Changed Mind,1735.65
305714,9104435,2024-12-31,Late Delivery,2472.48
305715,9104451,2024-05-30,Late Delivery,1241.32
305716,9104455,2024-10-26,Late Delivery,856.96
305717,9104463,2025-09-25,Changed Mind,6342.38
305718,9104472,2025-08-11,Damaged,11382.53
305719,9104477,2025-07-24,Late Delivery,2561.59
305720,9104491,2024-09-06,Wrong Item,619.09
305721,9104541,2025-06-24,Wrong Item,2165.33
305722,9104557,2025-07-12,Damaged,1425.97
305723,9104559,2025-08-01,Late Delivery,1742.82
305724,9104576,2025-10-03,Changed Mind,2770.18
305725,9104613,2024-04-26,Quality Issue,732.39
305726,9104616,2025-01-11,Late Delivery,904.24
305727,9104627,2025-07-06,Changed Mind,582.39
305728,9104628,2025-01-16,Damaged,1728.54
305729,9104631,2024-01-25,Late Delivery,4052.57
305730,9104652,2024-06-17,Wrong Item,12016.0
305731,9104657,2025-05-25,Quality Issue,11886.97
305732,9104665,2024-08-08,Wrong Item,1511.42
305733,9104703,2024-03-19,Wrong Item,11813.4
305734,9104705,2025-06-25,Wrong Item,9500.36
305735,9104810,2024-03-18,Quality Issue,3011.22
305736,9104849,2024-10-30,Wrong Item,1268.75
305737,9104851,2025-10-08,Damaged,1627.98
305738,9104860,2024-02-07,Damaged,2953.35
305739,9104876,2025-01-22,Changed Mind,41042.34
305740,9104926,2025-12-16,Wrong Item,1598.63
305741,9104942,2024-06-11,Damaged,1819.72
305742,9104951,2025-04-15,Damaged,443.56
305743,9104974,2024-04-30,Quality Issue,179.92
305744,9105079,2025-11-03,Quality Issue,3735.53
305745,9105084,2024-06-28,Wrong Item,19224.94
305746,9105096,2025-12-05,Changed Mind,639.79
305747,9105143,2025-01-30,Late Delivery,2347.76
305748,9105184,2024-10-11,Changed Mind,758.29
305749,9105187,2025-02-10,Changed Mind,58667.46
305750,9105217,2025-01-02,Wrong Item,2181.79
305751,9105223,2025-02-12,Late Delivery,499.59
305752,9105244,2024-09-16,Damaged,1541.17
305753,9105304,2024-06-23,Late Delivery,938.38
305754,9105307,2025-12-25,Quality Issue,2099.77
305755,9105310,2024-12-31,Quality Issue,4262.32
305756,9105312,2024-04-19,Wrong Item,4888.72
305757,9105329,2026-01-03,Quality Issue,1439.22
305758,9105361,2024-01-19,Changed Mind,19005.85
305759,9105373,2024-11-03,Damaged,868.54
305760,9105387,2024-07-04,Late Delivery,46537.68
305761,9105394,2024-10-28,Wrong Item,2894.19
305762,9105402,2024-01-12,Quality Issue,6263.99
305763,9105409,2024-11-19,Changed Mind,3885.41
305764,9105462,2025-12-14,Damaged,1961.19
305765,9105463,2025-06-21,Quality Issue,504.84
305766,9105480,2025-02-01,Changed Mind,69378.72
305767,9105490,2025-12-05,Changed Mind,514.85
305768,9105518,2024-09-02,Changed Mind,982.11
305769,9105544,2025-02-26,Quality Issue,134.7
305770,9105560,2024-12-31,Quality Issue,1042.36
305771,9105578,2025-09-23,Late Delivery,886.59
305772,9105591,2025-04-08,Changed Mind,811.89
305773,9105601,2024-06-11,Quality Issue,1539.4
305774,9105606,2024-07-21,Changed Mind,2716.09
305775,9105620,2024-03-28,Quality Issue,1406.31
305776,9105657,2024-02-02,Late Delivery,5885.93
305777,9105662,2025-06-21,Damaged,3440.41
305778,9105694,2024-06-15,Wrong Item,2061.34
305779,9105706,2025-01-07,Late Delivery,158.4
305780,9105722,2024-02-06,Wrong Item,3486.19
305781,9105737,2025-04-27,Wrong Item,6000.23
305782,9105764,2025-11-05,Wrong Item,2198.07
305783,9105778,2024-06-22,Late Delivery,397.61
305784,9105793,2025-04-11,Quality Issue,30796.93
305785,9105808,2024-08-21,Late Delivery,1924.24
305786,9105823,2024-11-14,Damaged,1488.02
305787,9105842,2025-02-21,Damaged,392.56
305788,9105868,2025-06-25,Damaged,913.37
305789,9105896,2025-05-10,Late Delivery,2328.58
305790,9105903,2024-06-02,Damaged,1531.38
305791,9105913,2025-03-02,Changed Mind,802.22
305792,9105922,2025-01-17,Changed Mind,810.71
305793,9105923,2025-03-25,Changed Mind,4153.41
305794,9105930,2025-03-30,Late Delivery,2056.2
305795,9105957,2025-01-11,Late Delivery,828.5
305796,9105988,2024-05-31,Late Delivery,1897.7
305797,9106001,2024-08-15,Quality Issue,1601.28
305798,9106010,2024-01-23,Quality Issue,1459.48
305799,9106012,2024-03-06,Quality Issue,473.88
305800,9106021,2024-11-30,Late Delivery,21266.82
305801,9106022,2024-03-18,Damaged,1856.57
305802,9106043,2024-09-23,Changed Mind,3959.53
305803,9106051,2025-01-15,Quality Issue,860.4
305804,9106054,2025-04-17,Quality Issue,403.33
305805,9106056,2024-12-22,Late Delivery,3055.37
305806,9106058,2025-05-21,Damaged,413.12
305807,9106059,2025-07-29,Wrong Item,5656.11
305808,9106068,2025-02-06,Quality Issue,630.85
305809,9106105,2024-03-10,Changed Mind,2166.12
305810,9106144,2025-07-10,Changed Mind,6264.94
305811,9106169,2024-06-04,Damaged,8811.68
305812,9106192,2025-07-24,Quality Issue,776.83
305813,9106228,2024-05-28,Changed Mind,1602.1
305814,9106235,2024-10-09,Quality Issue,372.88
305815,9106243,2024-07-23,Wrong Item,1095.06
305816,9106267,2025-05-07,Changed Mind,736.69
305817,9106269,2024-02-05,Changed Mind,2884.26
305818,9106277,2024-05-31,Late Delivery,267.91
305819,9106285,2024-06-28,Changed Mind,3155.53
305820,9106295,2025-04-26,Wrong Item,1555.62
305821,9106311,2024-04-21,Changed Mind,758.4
305822,9106337,2025-06-22,Wrong Item,1739.05
305823,9106366,2025-08-03,Late Delivery,4332.56
305824,9106382,2024-02-06,Quality Issue,1273.78
305825,9106397,2025-01-14,Late Delivery,2736.92
305826,9106469,2025-03-28,Wrong Item,7262.6
305827,9106471,2025-04-09,Wrong Item,3916.79
305828,9106478,2025-05-18,Late Delivery,2069.59
305829,9106482,2025-02-21,Wrong Item,674.78
305830,9106487,2025-11-06,Quality Issue,252.41
305831,9106534,2025-03-12,Late Delivery,3736.36
305832,9106585,2025-09-06,Damaged,2243.74
305833,9106587,2025-05-10,Wrong Item,2422.77
305834,9106611,2024-10-02,Wrong Item,10158.25
305835,9106614,2025-12-22,Damaged,230.04
305836,9106616,2024-01-20,Wrong Item,558.36
305837,9106639,2025-01-08,Changed Mind,2845.85
305838,9106675,2025-09-14,Late Delivery,881.5
305839,9106677,2025-08-04,Damaged,3114.38
305840,9106688,2024-06-29,Changed Mind,29433.04
305841,9106691,2025-03-10,Wrong Item,2629.59
305842,9106732,2024-03-04,Damaged,2140.5
305843,9106733,2025-08-01,Wrong Item,2749.89
305844,9106737,2024-08-26,Late Delivery,1986.2
305845,9106791,2025-01-13,Quality Issue,4879.58
305846,9106810,2024-10-08,Wrong Item,195.28
305847,9106825,2024-01-07,Damaged,652.21
305848,9106840,2025-12-26,Changed Mind,1750.79
305849,9106852,2024-04-23,Wrong Item,5459.18
305850,9106859,2025-03-02,Quality Issue,1791.1
305851,9106868,2024-05-01,Changed Mind,2429.13
305852,9106900,2024-03-05,Changed Mind,1623.13
305853,9106942,2024-07-20,Damaged,2208.07
305854,9106958,2025-08-26,Changed Mind,10913.44
305855,9106961,2025-08-06,Damaged,32417.82
305856,9106975,2025-05-22,Wrong Item,963.39
305857,9106991,2024-09-09,Damaged,10722.65
305858,9106993,2025-09-15,Damaged,4614.1
305859,9107006,2024-09-12,Late Delivery,6340.03
305860,9107012,2024-12-25,Late Delivery,1340.23
305861,9107028,2024-07-30,Changed Mind,935.18
305862,9107030,2024-04-27,Wrong Item,3954.93
305863,9107036,2025-07-20,Quality Issue,1793.64
305864,9107066,2025-04-23,Changed Mind,934.72
305865,9107090,2024-04-26,Quality Issue,1806.34
305866,9107108,2024-05-07,Wrong Item,1264.43
305867,9107133,2025-02-08,Quality Issue,1285.98
305868,9107140,2025-08-26,Damaged,9371.07
305869,9107149,2024-10-26,Quality Issue,3508.13
305870,9107162,2025-05-08,Late Delivery,1192.34
305871,9107163,2025-07-03,Changed Mind,9757.52
305872,9107195,2024-11-02,Damaged,8065.22
305873,9107200,2025-02-11,Quality Issue,2557.9
305874,9107221,2024-07-03,Changed Mind,4659.19
305875,9107232,2025-07-09,Late Delivery,3410.4
305876,9107238,2025-08-11,Late Delivery,1876.24
305877,9107265,2025-08-05,Late Delivery,2950.02
305878,9107277,2025-12-27,Wrong Item,1787.64
305879,9107286,2024-04-14,Wrong Item,1547.35
305880,9107297,2026-01-11,Quality Issue,34796.04
305881,9107301,2025-07-03,Changed Mind,805.64
305882,9107311,2024-07-25,Wrong Item,1756.92
305883,9107320,2024-04-18,Changed Mind,2849.29
305884,9107348,2024-12-12,Changed Mind,8294.35
305885,9107353,2025-03-16,Damaged,477.23
305886,9107443,2024-02-22,Quality Issue,384.62
305887,9107445,2024-05-12,Late Delivery,3109.14
305888,9107455,2025-11-14,Damaged,1978.26
305889,9107457,2024-05-07,Changed Mind,3038.44
305890,9107517,2025-05-13,Damaged,1120.93
305891,9107558,2024-09-10,Wrong Item,11270.91
305892,9107559,2025-04-02,Late Delivery,964.6
305893,9107579,2024-07-08,Wrong Item,619.68
305894,9107591,2024-10-17,Late Delivery,724.0
305895,9107600,2025-01-06,Changed Mind,1989.64
305896,9107602,2024-07-07,Late Delivery,8664.12
305897,9107606,2024-11-24,Damaged,6000.03
305898,9107620,2025-01-31,Damaged,2396.52
305899,9107621,2024-02-22,Changed Mind,497.69
305900,9107645,2024-08-13,Changed Mind,10273.08
305901,9107646,2026-01-01,Quality Issue,806.15
305902,9107671,2025-10-19,Late Delivery,811.95
305903,9107689,2025-07-23,Wrong Item,1259.96
305904,9107733,2024-03-05,Quality Issue,1121.49
305905,9107759,2024-07-24,Late Delivery,55076.52
305906,9107769,2025-01-26,Damaged,745.08
305907,9107770,2025-02-15,Wrong Item,1098.74
305908,9107788,2025-08-19,Changed Mind,6848.72
305909,9107795,2025-01-14,Wrong Item,2404.09
305910,9107807,2025-10-06,Late Delivery,471.06
305911,9107825,2024-08-01,Changed Mind,7149.25
305912,9107871,2024-10-18,Damaged,775.91
305913,9107875,2025-01-06,Changed Mind,528.34
305914,9107892,2024-08-30,Wrong Item,3139.2
305915,9107937,2024-05-10,Late Delivery,1408.56
305916,9107948,2024-12-04,Damaged,2101.48
305917,9107979,2024-07-13,Changed Mind,235.25
305918,9107985,2024-11-27,Late Delivery,1114.36
305919,9107989,2024-07-02,Wrong Item,1275.07
305920,9107991,2024-11-27,Damaged,14806.65
305921,9108031,2025-07-12,Changed Mind,572.02
305922,9108090,2024-12-16,Wrong Item,1044.26
305923,9108117,2025-03-14,Damaged,1581.7
305924,9108125,2025-01-24,Wrong Item,815.59
305925,9108132,2025-05-23,Damaged,281.28
305926,9108169,2025-09-07,Wrong Item,1443.16
305927,9108214,2025-03-28,Late Delivery,3370.12
305928,9108230,2024-03-12,Damaged,7067.72
305929,9108268,2025-01-19,Quality Issue,2388.27
305930,9108275,2024-08-01,Late Delivery,2378.76
305931,9108287,2024-03-09,Late Delivery,1732.7
305932,9108341,2025-08-04,Changed Mind,1186.86
305933,9108367,2025-06-22,Quality Issue,2684.22
305934,9108379,2025-06-19,Damaged,5145.94
305935,9108403,2025-06-30,Wrong Item,4237.92
305936,9108415,2024-02-23,Late Delivery,2849.29
305937,9108420,2025-07-19,Wrong Item,267.66
305938,9108439,2024-03-30,Changed Mind,783.58
305939,9108446,2025-07-29,Wrong Item,1990.76
305940,9108452,2024-05-14,Changed Mind,1624.52
305941,9108476,2025-05-26,Damaged,3045.86
305942,9108491,2025-12-21,Late Delivery,16845.34
305943,9108497,2025-03-29,Changed Mind,16015.82
305944,9108510,2025-06-14,Late Delivery,2383.3
305945,9108525,2025-12-22,Damaged,1295.81
305946,9108526,2025-11-12,Quality Issue,1908.34
305947,9108543,2024-02-03,Damaged,4654.33
305948,9108554,2025-02-18,Changed Mind,6029.22
305949,9108558,2025-09-15,Late Delivery,1028.0
305950,9108565,2024-01-13,Late Delivery,462.52
305951,9108573,2025-02-13,Damaged,1840.19
305952,9108583,2024-02-15,Late Delivery,1628.01
305953,9108593,2024-06-27,Damaged,17237.52
305954,9108607,2025-07-10,Late Delivery,53841.5
305955,9108614,2024-04-18,Wrong Item,13307.96
305956,9108632,2024-10-13,Changed Mind,1117.18
305957,9108637,2024-05-16,Wrong Item,410.88
305958,9108667,2024-03-27,Changed Mind,1644.64
305959,9108696,2024-02-03,Quality Issue,2700.14
305960,9108698,2024-06-26,Damaged,2678.1
305961,9108710,2025-03-08,Changed Mind,1399.48
305962,9108717,2024-09-23,Damaged,2582.55
305963,9108747,2025-07-30,Quality Issue,2273.39
305964,9108754,2025-07-21,Quality Issue,7548.88
305965,9108760,2025-03-11,Changed Mind,18660.09
305966,9108789,2026-01-05,Changed Mind,727.86
305967,9108822,2025-01-16,Late Delivery,2044.65
305968,9108828,2024-02-15,Changed Mind,668.26
305969,9108857,2025-03-06,Quality Issue,5576.15
305970,9108859,2025-03-20,Late Delivery,1402.99
305971,9108865,2024-03-16,Late Delivery,8100.01
305972,9108920,2025-06-30,Wrong Item,1975.13
305973,9109008,2024-03-16,Wrong Item,883.36
305974,9109025,2025-04-27,Changed Mind,865.39
305975,9109028,2025-05-08,Wrong Item,2809.95
305976,9109042,2025-07-30,Late Delivery,3190.34
305977,9109049,2024-08-10,Changed Mind,34994.47
305978,9109050,2025-12-26,Changed Mind,9696.47
305979,9109107,2024-06-11,Quality Issue,771.35
305980,9109139,2024-05-01,Changed Mind,940.44
305981,9109191,2025-01-24,Quality Issue,588.77
305982,9109196,2024-12-20,Wrong Item,11305.2
305983,9109206,2025-09-18,Quality Issue,9185.69
305984,9109259,2024-05-02,Quality Issue,1006.64
305985,9109271,2025-08-08,Damaged,17515.4
305986,9109276,2025-06-19,Damaged,811.85
305987,9109304,2024-07-06,Damaged,2989.22
305988,9109321,2024-11-12,Wrong Item,5561.62
305989,9109342,2024-03-27,Quality Issue,5001.32
305990,9109354,2025-01-08,Damaged,5274.94
305991,9109357,2025-12-23,Late Delivery,16189.42
305992,9109406,2024-06-26,Quality Issue,8638.56
305993,9109450,2025-08-25,Quality Issue,3600.33
305994,9109455,2024-11-23,Changed Mind,518.57
305995,9109472,2024-12-08,Late Delivery,682.57
305996,9109504,2025-11-06,Wrong Item,1061.77
305997,9109510,2025-05-29,Changed Mind,1655.17
305998,9109538,2025-05-03,Changed Mind,2695.35
305999,9109546,2024-03-05,Changed Mind,618.79
306000,9109561,2024-06-10,Late Delivery,704.65
306001,9109563,2025-06-14,Changed Mind,325.24
306002,9109615,2024-10-29,Late Delivery,3057.5
306003,9109642,2025-10-05,Quality Issue,1621.12
306004,9109645,2024-04-24,Changed Mind,2880.16
306005,9109651,2025-02-10,Damaged,633.92
306006,9109654,2025-06-05,Changed Mind,263.04
306007,9109657,2025-11-14,Quality Issue,1710.63
306008,9109696,2024-04-03,Wrong Item,3091.43
306009,9109712,2024-07-10,Damaged,850.99
306010,9109741,2024-10-21,Damaged,2004.89
306011,9109776,2024-07-02,Wrong Item,2307.09
306012,9109782,2024-02-10,Changed Mind,753.46
306013,9109783,2024-02-05,Wrong Item,1795.77
306014,9109787,2024-07-24,Late Delivery,2637.07
306015,9109815,2025-11-24,Wrong Item,2164.58
306016,9109827,2024-07-27,Quality Issue,994.55
306017,9109858,2024-11-06,Damaged,1557.19
306018,9109893,2024-12-21,Wrong Item,61196.55
306019,9109915,2025-11-20,Changed Mind,51693.95
306020,9109950,2025-11-20,Wrong Item,8310.76
306021,9109951,2025-07-31,Quality Issue,4788.5
306022,9109974,2025-06-22,Changed Mind,6167.68
306023,9109977,2025-07-27,Changed Mind,544.79
306024,9109998,2024-04-28,Changed Mind,1094.87
306025,9110012,2024-12-12,Quality Issue,526.08
306026,9110020,2024-02-05,Quality Issue,14696.11
306027,9110022,2024-10-05,Late Delivery,5466.28
306028,9110083,2024-09-16,Quality Issue,1975.15
306029,9110105,2025-08-08,Changed Mind,13927.93
306030,9110121,2024-07-03,Wrong Item,446.78
306031,9110125,2024-07-03,Damaged,1258.28
306032,9110126,2024-08-28,Wrong Item,3682.98
306033,9110130,2024-06-06,Damaged,953.96
306034,9110133,2024-05-29,Wrong Item,8938.26
306035,9110138,2024-10-31,Damaged,7357.44
306036,9110171,2024-06-16,Late Delivery,10362.35
306037,9110177,2025-02-23,Wrong Item,1917.01
306038,9110208,2024-09-06,Wrong Item,378.75
306039,9110210,2025-02-15,Wrong Item,3839.42
306040,9110211,2024-10-17,Damaged,5280.68
306041,9110217,2026-01-05,Damaged,1813.44
306042,9110237,2025-06-12,Quality Issue,1400.06
306043,9110250,2025-08-05,Late Delivery,3330.38
306044,9110254,2025-11-02,Late Delivery,2989.22
306045,9110272,2025-11-17,Quality Issue,1255.77
306046,9110282,2024-08-23,Changed Mind,1566.72
306047,9110287,2025-04-20,Wrong Item,14203.03
306048,9110330,2024-08-24,Damaged,34328.41
306049,9110331,2026-01-02,Damaged,6078.24
306050,9110335,2025-11-07,Quality Issue,179.57
306051,9110372,2024-08-04,Wrong Item,526.73
306052,9110375,2024-01-24,Changed Mind,859.3
306053,9110387,2024-01-08,Changed Mind,336.66
306054,9110397,2025-05-22,Late Delivery,5771.11
306055,9110409,2025-07-13,Damaged,4861.49
306056,9110411,2025-06-05,Changed Mind,7333.02
306057,9110413,2025-05-19,Damaged,7009.23
306058,9110432,2025-11-20,Late Delivery,1296.2
306059,9110489,2024-03-28,Late Delivery,6189.61
306060,9110548,2025-01-04,Quality Issue,2066.29
306061,9110549,2025-12-01,Wrong Item,2425.88
306062,9110575,2025-04-11,Quality Issue,3885.41
306063,9110583,2024-11-03,Changed Mind,901.88
306064,9110602,2024-05-09,Late Delivery,2686.92
306065,9110607,2024-03-20,Late Delivery,1744.81
306066,9110608,2025-04-03,Quality Issue,2296.2
306067,9110611,2025-05-23,Quality Issue,537.49
306068,9110630,2025-01-19,Wrong Item,2990.67
306069,9110641,2025-05-01,Damaged,3266.74
306070,9110664,2026-01-02,Damaged,4078.85
306071,9110671,2025-01-17,Changed Mind,2887.24
306072,9110685,2025-04-28,Changed Mind,1622.24
306073,9110715,2025-09-20,Damaged,1259.73
306074,9110732,2024-08-12,Late Delivery,2985.34
306075,9110741,2025-08-02,Changed Mind,864.05
306076,9110747,2024-12-11,Changed Mind,746.81
306077,9110771,2025-04-27,Changed Mind,1345.12
306078,9110779,2024-07-11,Damaged,777.62
306079,9110784,2024-02-07,Changed Mind,651.74
306080,9110798,2025-12-05,Late Delivery,475.77
306081,9110800,2025-07-18,Wrong Item,1314.02
306082,9110829,2024-03-09,Late Delivery,1471.6
306083,9110833,2024-11-30,Late Delivery,2474.58
306084,9110851,2025-08-03,Late Delivery,274.84
306085,9110871,2025-04-20,Quality Issue,1050.68
306086,9110879,2025-01-30,Wrong Item,3940.28
306087,9110911,2024-04-17,Late Delivery,655.42
306088,9110920,2025-05-02,Wrong Item,2430.75
306089,9110926,2025-11-05,Wrong Item,571.41
306090,9110929,2025-09-09,Wrong Item,1627.26
306091,9110960,2025-06-25,Damaged,1502.56
306092,9110972,2024-05-16,Damaged,2279.29
306093,9110975,2024-12-20,Late Delivery,918.94
306094,9110992,2025-03-23,Changed Mind,15687.85
306095,9110996,2024-08-06,Quality Issue,1221.75
306096,9111014,2025-07-21,Wrong Item,10625.79
306097,9111020,2024-05-14,Wrong Item,1956.59
306098,9111033,2025-10-18,Changed Mind,21379.09
306099,9111063,2025-09-09,Wrong Item,2461.02
306100,9111086,2024-12-15,Wrong Item,980.8
306101,9111097,2024-06-13,Damaged,1968.82
306102,9111122,2025-06-12,Wrong Item,855.64
306103,9111124,2024-09-19,Wrong Item,297.0
306104,9111144,2025-06-16,Quality Issue,5300.34
306105,9111157,2025-04-03,Changed Mind,1147.41
306106,9111191,2025-10-30,Quality Issue,390.56
306107,9111193,2025-11-30,Damaged,16028.9
306108,9111206,2025-07-25,Changed Mind,506.44
306109,9111220,2024-07-16,Changed Mind,18153.63
306110,9111229,2025-04-06,Damaged,1497.6
306111,9111233,2025-06-26,Quality Issue,711.28
306112,9111240,2024-11-24,Damaged,4309.96
306113,9111275,2024-12-25,Changed Mind,1920.08
306114,9111289,2025-12-29,Wrong Item,287.66
306115,9111326,2024-12-24,Quality Issue,15861.35
306116,9111330,2024-02-14,Changed Mind,568.35
306117,9111334,2025-05-21,Changed Mind,568.66
306118,9111346,2025-01-05,Wrong Item,3600.33
306119,9111350,2025-06-04,Damaged,3279.81
306120,9111353,2024-03-28,Changed Mind,5446.21
306121,9111366,2024-05-16,Late Delivery,11144.79
306122,9111376,2024-05-03,Damaged,14134.24
306123,9111383,2025-07-10,Damaged,634.81
306124,9111393,2024-02-05,Damaged,938.48
306125,9111404,2024-05-29,Changed Mind,67220.1
306126,9111405,2024-02-20,Changed Mind,4330.66
306127,9111422,2024-12-27,Damaged,1941.11
306128,9111444,2025-01-31,Wrong Item,2882.72
306129,9111454,2025-05-16,Late Delivery,2748.5
306130,9111469,2025-09-10,Damaged,726.99
306131,9111478,2024-10-25,Damaged,5409.64
306132,9111481,2025-03-10,Changed Mind,1333.67
306133,9111493,2024-04-21,Wrong Item,907.7
306134,9111497,2024-08-07,Changed Mind,1829.22
306135,9111569,2025-06-16,Changed Mind,2728.02
306136,9111573,2024-12-14,Quality Issue,1905.78
306137,9111583,2024-05-09,Wrong Item,426.41
306138,9111586,2024-11-07,Quality Issue,1777.63
306139,9111589,2025-02-19,Late Delivery,996.51
306140,9111595,2024-12-11,Changed Mind,1346.66
306141,9111606,2026-01-13,Late Delivery,33744.68
306142,9111618,2025-08-29,Damaged,1366.3
306143,9111620,2026-01-16,Wrong Item,95598.08
306144,9111683,2024-05-27,Late Delivery,1781.93
306145,9111693,2025-11-07,Quality Issue,580.32
306146,9111713,2026-01-14,Quality Issue,7752.36
306147,9111715,2024-04-03,Wrong Item,538.46
306148,9111721,2025-12-26,Quality Issue,12371.15
306149,9111728,2025-12-18,Damaged,2611.74
306150,9111731,2025-07-12,Wrong Item,422.61
306151,9111779,2025-09-08,Changed Mind,1075.28
306152,9111804,2025-01-30,Wrong Item,1509.85
306153,9111850,2025-12-25,Wrong Item,793.45
306154,9111883,2025-06-30,Quality Issue,1704.75
306155,9111892,2025-12-21,Damaged,1356.46
306156,9111919,2025-07-08,Changed Mind,727.55
306157,9111962,2025-09-17,Quality Issue,2015.33
306158,9111963,2025-12-18,Quality Issue,28337.63
306159,9112013,2025-10-25,Quality Issue,2413.99
306160,9112018,2024-04-01,Changed Mind,5765.43
306161,9112028,2025-08-26,Quality Issue,1606.85
306162,9112037,2024-08-05,Quality Issue,60229.08
306163,9112043,2024-10-08,Quality Issue,7637.18
306164,9112083,2025-08-16,Damaged,492.2
306165,9112087,2024-07-28,Damaged,748.0
306166,9112090,2024-03-15,Wrong Item,2495.56
306167,9112120,2024-06-26,Late Delivery,611.94
306168,9112121,2025-11-11,Quality Issue,1827.87
306169,9112137,2024-03-19,Wrong Item,1731.81
306170,9112157,2025-03-24,Damaged,766.75
306171,9112178,2025-12-29,Wrong Item,136.48
306172,9112221,2024-11-30,Wrong Item,974.76
306173,9112240,2025-08-13,Damaged,10535.8
306174,9112253,2024-08-22,Damaged,11702.79
306175,9112277,2024-09-12,Late Delivery,3420.31
306176,9112285,2024-03-22,Wrong Item,217.06
306177,9112293,2025-11-20,Damaged,341.67
306178,9112302,2025-06-22,Quality Issue,1868.25
306179,9112308,2025-12-04,Quality Issue,3266.78
306180,9112321,2024-07-03,Wrong Item,2524.72
306181,9112331,2024-09-08,Damaged,987.21
306182,9112359,2025-12-12,Wrong Item,3084.3
306183,9112367,2025-04-25,Changed Mind,32194.57
306184,9112368,2026-01-09,Late Delivery,4276.54
306185,9112375,2025-08-16,Late Delivery,1259.73
306186,9112378,2025-11-12,Damaged,942.85
306187,9112383,2025-08-06,Wrong Item,1152.74
306188,9112407,2024-04-13,Wrong Item,30514.14
306189,9112426,2024-09-26,Changed Mind,8651.41
306190,9112458,2024-07-16,Damaged,1449.62
306191,9112475,2025-04-02,Wrong Item,1032.97
306192,9112476,2024-10-04,Wrong Item,282.15
306193,9112493,2024-06-02,Changed Mind,3255.84
306194,9112508,2024-02-24,Damaged,1686.42
306195,9112527,2025-04-07,Quality Issue,8703.98
306196,9112530,2025-04-23,Quality Issue,458.03
306197,9112562,2025-02-06,Late Delivery,6888.59
306198,9112610,2025-05-07,Wrong Item,48112.42
306199,9112613,2024-01-30,Damaged,8811.86
306200,9112615,2025-10-13,Damaged,8537.56
306201,9112624,2024-01-25,Wrong Item,2457.31
306202,9112722,2024-09-26,Wrong Item,1889.44
306203,9112733,2024-08-06,Changed Mind,3864.81
306204,9112750,2024-07-22,Quality Issue,5626.32
306205,9112757,2024-01-21,Changed Mind,5496.56
306206,9112776,2025-04-05,Damaged,2055.99
306207,9112825,2025-08-20,Wrong Item,1090.03
306208,9112858,2024-12-15,Damaged,5400.72
306209,9112862,2025-06-21,Wrong Item,6370.08
306210,9112917,2025-02-13,Late Delivery,6498.52
306211,9112921,2024-02-02,Late Delivery,759.19
306212,9112938,2024-06-27,Quality Issue,17623.72
306213,9112949,2025-07-02,Wrong Item,415.62
306214,9112993,2025-08-16,Quality Issue,901.45
306215,9113020,2024-12-22,Late Delivery,1525.47
306216,9113035,2025-06-08,Quality Issue,20515.69
306217,9113052,2024-12-04,Late Delivery,2669.43
306218,9113054,2025-07-11,Damaged,998.84
306219,9113094,2025-06-06,Quality Issue,11015.01
306220,9113095,2025-12-05,Changed Mind,5932.39
306221,9113102,2025-03-18,Wrong Item,66182.93
306222,9113125,2024-03-24,Quality Issue,9461.16
306223,9113152,2024-05-27,Changed Mind,1629.27
306224,9113195,2024-09-29,Wrong Item,1363.95
306225,9113253,2024-07-21,Changed Mind,3772.25
306226,9113265,2026-01-03,Wrong Item,2841.05
306227,9113268,2024-08-24,Quality Issue,79600.26
306228,9113308,2025-08-07,Damaged,1155.37
306229,9113326,2025-06-20,Damaged,25939.16
306230,9113378,2026-01-06,Late Delivery,19072.86
306231,9113379,2025-07-23,Quality Issue,3415.71
306232,9113416,2024-03-18,Changed Mind,4573.26
306233,9113421,2025-10-10,Wrong Item,1114.7
306234,9113428,2025-05-11,Damaged,2037.73
306235,9113439,2024-06-23,Changed Mind,576.99
306236,9113483,2024-05-30,Quality Issue,626.79
306237,9113535,2024-02-22,Damaged,1026.22
306238,9113539,2025-01-19,Late Delivery,65222.19
306239,9113540,2024-10-27,Late Delivery,1707.83
306240,9113659,2025-03-01,Late Delivery,2474.02
306241,9113705,2025-01-27,Damaged,793.04
306242,9113715,2024-10-29,Quality Issue,3317.27
306243,9113736,2024-01-12,Quality Issue,1868.23
306244,9113739,2025-01-17,Wrong Item,402.55
306245,9113749,2024-08-19,Late Delivery,1794.15
306246,9113770,2024-03-06,Quality Issue,1561.03
306247,9113793,2024-03-21,Late Delivery,8719.73
306248,9113799,2025-11-06,Wrong Item,802.82
306249,9113800,2024-10-20,Damaged,5671.65
306250,9113845,2024-05-31,Late Delivery,26463.07
306251,9113864,2025-10-29,Quality Issue,2446.78
306252,9113927,2025-12-11,Changed Mind,4743.68
306253,9113965,2025-04-11,Late Delivery,1683.24
306254,9113966,2024-08-31,Damaged,859.23
306255,9113982,2025-11-26,Damaged,2144.97
306256,9113987,2024-03-12,Quality Issue,1211.99
306257,9113995,2025-09-16,Late Delivery,1859.7
306258,9114020,2024-09-21,Quality Issue,13834.22
306259,9114038,2025-03-26,Changed Mind,1034.51
306260,9114076,2024-09-13,Wrong Item,1696.66
306261,9114085,2024-10-28,Damaged,3181.47
306262,9114151,2024-10-29,Changed Mind,631.3
306263,9114160,2024-03-26,Wrong Item,707.32
306264,9114177,2024-02-22,Late Delivery,2329.91
306265,9114184,2025-01-15,Quality Issue,711.62
306266,9114203,2024-03-26,Quality Issue,546.2
306267,9114220,2025-01-24,Damaged,4043.95
306268,9114270,2024-12-23,Quality Issue,1769.46
306269,9114309,2026-01-04,Wrong Item,8529.33
306270,9114321,2024-12-09,Changed Mind,17623.42
306271,9114329,2024-09-07,Changed Mind,32004.16
306272,9114330,2025-07-05,Wrong Item,16619.98
306273,9114342,2025-06-17,Quality Issue,320.41
306274,9114389,2024-11-08,Wrong Item,691.43
306275,9114427,2024-04-13,Damaged,1539.08
306276,9114439,2024-05-31,Quality Issue,1292.45
306277,9114465,2024-03-18,Quality Issue,7931.07
306278,9114470,2024-03-04,Late Delivery,18281.66
306279,9114477,2025-07-13,Wrong Item,6824.1
306280,9114482,2024-04-16,Changed Mind,2259.81
306281,9114484,2024-05-30,Changed Mind,2759.84
306282,9114519,2025-01-13,Damaged,776.35
306283,9114528,2025-07-06,Quality Issue,1204.08
306284,9114551,2025-09-02,Quality Issue,1624.52
306285,9114571,2025-02-25,Changed Mind,178.2
306286,9114577,2025-07-11,Damaged,6468.35
306287,9114605,2025-05-11,Late Delivery,9841.71
306288,9114635,2025-03-22,Changed Mind,504.32
306289,9114695,2025-12-16,Late Delivery,89.1
306290,9114696,2025-03-07,Damaged,873.89
306291,9114711,2024-02-16,Late Delivery,8111.7
306292,9114713,2024-08-19,Late Delivery,1844.61
306293,9114719,2025-12-03,Changed Mind,237.6
306294,9114745,2024-05-05,Changed Mind,1586.24
306295,9114750,2025-02-04,Changed Mind,2427.17
306296,9114760,2024-12-08,Wrong Item,1933.83
306297,9114784,2025-02-21,Late Delivery,3806.24
306298,9114794,2025-10-02,Wrong Item,1032.79
306299,9114815,2025-03-23,Quality Issue,3424.36
306300,9114831,2025-12-23,Damaged,50748.6
306301,9114844,2024-10-04,Late Delivery,5078.32
306302,9114847,2024-02-17,Damaged,1182.91
306303,9114892,2024-02-12,Changed Mind,36383.44
306304,9114916,2025-08-20,Quality Issue,11065.3
306305,9114937,2024-05-27,Damaged,2182.69
306306,9114941,2025-04-19,Quality Issue,344.42
306307,9114966,2025-03-24,Late Delivery,5518.46
306308,9114968,2024-09-06,Damaged,2465.84
306309,9115001,2025-09-04,Wrong Item,9003.18
306310,9115010,2025-07-10,Damaged,68146.77
306311,9115066,2024-02-02,Quality Issue,803.94
306312,9115078,2025-09-12,Damaged,1959.23
306313,9115091,2024-05-24,Changed Mind,1200.88
306314,9115113,2025-11-27,Changed Mind,2175.86
306315,9115115,2025-07-25,Damaged,626.49
306316,9115126,2024-08-13,Damaged,1273.95
306317,9115142,2025-01-31,Damaged,38142.68
306318,9115144,2024-04-26,Late Delivery,1178.56
306319,9115161,2024-10-18,Changed Mind,4621.83
306320,9115175,2025-04-05,Damaged,10962.45
306321,9115197,2025-04-21,Damaged,2386.14
306322,9115223,2025-05-05,Damaged,4090.17
306323,9115239,2024-04-17,Late Delivery,3231.12
306324,9115267,2025-06-06,Damaged,2015.41
306325,9115284,2026-01-04,Quality Issue,2963.26
306326,9115297,2025-02-11,Late Delivery,2600.17
306327,9115301,2025-05-23,Changed Mind,1133.67
306328,9115308,2025-06-09,Changed Mind,1415.99
306329,9115321,2026-01-03,Late Delivery,1342.09
306330,9115323,2024-09-25,Wrong Item,2482.85
306331,9115353,2025-12-24,Late Delivery,1919.44
306332,9115390,2024-03-23,Late Delivery,1426.03
306333,9115393,2025-07-29,Changed Mind,629.98
306334,9115415,2024-01-04,Changed Mind,578.32
306335,9115478,2025-01-20,Wrong Item,3871.1
306336,9115488,2024-08-09,Late Delivery,17949.97
306337,9115493,2025-08-15,Wrong Item,1153.88
306338,9115528,2024-02-10,Quality Issue,962.26
306339,9115556,2025-03-13,Wrong Item,22529.84
306340,9115576,2024-03-23,Damaged,762.89
306341,9115585,2025-03-09,Wrong Item,441.02
306342,9115631,2024-07-21,Quality Issue,501.52
306343,9115647,2024-06-13,Wrong Item,1117.18
306344,9115668,2024-04-20,Damaged,3504.62
306345,9115681,2024-12-17,Changed Mind,234.02
306346,9115704,2025-11-17,Damaged,2605.62
306347,9115726,2024-10-12,Late Delivery,699.15
306348,9115749,2025-01-04,Wrong Item,2134.31
306349,9115753,2025-05-27,Damaged,811.24
306350,9115764,2024-10-20,Damaged,763.7
306351,9115768,2024-06-22,Changed Mind,1082.1
306352,9115774,2024-02-09,Quality Issue,5288.3
306353,9115777,2024-10-09,Late Delivery,2097.56
306354,9115800,2025-08-15,Wrong Item,925.29
306355,9115878,2024-02-16,Changed Mind,654.7
306356,9115889,2024-10-02,Late Delivery,636.89
306357,9115894,2025-06-11,Late Delivery,781.69
306358,9115922,2024-02-12,Damaged,17548.05
306359,9115949,2025-05-15,Damaged,1404.54
306360,9115951,2024-12-27,Quality Issue,11756.88
306361,9115977,2024-06-06,Damaged,6118.58
306362,9115984,2025-09-23,Wrong Item,438.16
306363,9115985,2025-01-20,Changed Mind,835.32
306364,9115994,2025-12-15,Wrong Item,800.37
306365,9116002,2025-07-15,Wrong Item,271.34
306366,9116021,2025-01-22,Wrong Item,6189.61
306367,9116024,2025-06-17,Quality Issue,3166.6
306368,9116036,2024-09-09,Changed Mind,297.0
306369,9116071,2024-09-12,Damaged,596.72
306370,9116140,2025-01-11,Wrong Item,2717.72
306371,9116154,2024-08-29,Wrong Item,2270.42
306372,9116162,2024-02-28,Late Delivery,2181.79
306373,9116182,2025-06-17,Damaged,637.13
306374,9116184,2025-01-06,Quality Issue,473.58
306375,9116198,2025-07-28,Quality Issue,5638.1
306376,9116226,2025-05-29,Late Delivery,31289.31
306377,9116269,2025-01-13,Wrong Item,3378.01
306378,9116321,2025-02-15,Late Delivery,1480.82
306379,9116352,2025-03-18,Late Delivery,3271.44
306380,9116354,2024-12-28,Wrong Item,453.98
306381,9116372,2024-07-07,Late Delivery,39538.11
306382,9116385,2024-01-21,Late Delivery,1325.71
306383,9116393,2024-12-07,Wrong Item,869.53
306384,9116407,2025-04-25,Wrong Item,1967.69
306385,9116412,2024-06-09,Late Delivery,839.13
306386,9116434,2024-12-04,Quality Issue,859.3
306387,9116461,2025-10-26,Changed Mind,3689.07
306388,9116471,2025-07-24,Late Delivery,1142.16
306389,9116478,2024-03-15,Changed Mind,1310.02
306390,9116499,2025-01-08,Wrong Item,1240.34
306391,9116508,2024-04-12,Damaged,2419.28
306392,9116552,2025-12-24,Wrong Item,1461.01
306393,9116570,2024-01-16,Changed Mind,269.38
306394,9116605,2024-06-12,Quality Issue,3686.38
306395,9116633,2024-09-15,Late Delivery,939.12
306396,9116636,2025-04-18,Late Delivery,1655.68
306397,9116637,2024-03-17,Late Delivery,20939.88
306398,9116662,2025-03-17,Quality Issue,581.68
306399,9116701,2024-06-28,Quality Issue,8222.45
306400,9116711,2024-03-21,Late Delivery,7345.36
306401,9116716,2025-10-04,Quality Issue,361.15
306402,9116731,2025-09-16,Late Delivery,260.47
306403,9116739,2024-03-07,Wrong Item,7842.69
306404,9116764,2025-03-06,Wrong Item,2765.46
306405,9116777,2025-08-12,Changed Mind,1441.9
306406,9116836,2025-02-20,Quality Issue,648.51
306407,9116854,2025-05-11,Quality Issue,1954.44
306408,9116855,2025-04-22,Changed Mind,1307.15
306409,9116858,2024-07-07,Quality Issue,13207.74
306410,9116886,2024-04-26,Late Delivery,2377.76
306411,9116896,2025-05-26,Changed Mind,27103.09
306412,9116905,2024-04-15,Changed Mind,21379.09
306413,9116920,2024-04-22,Quality Issue,276.27
306414,9116947,2025-11-22,Changed Mind,798.17
306415,9116974,2025-05-07,Damaged,1471.22
306416,9117003,2024-07-02,Quality Issue,2443.18
306417,9117015,2024-08-22,Damaged,928.02
306418,9117049,2025-12-21,Damaged,2096.06
306419,9117073,2025-07-29,Late Delivery,631.87
306420,9117088,2025-07-05,Quality Issue,1670.0
306421,9117113,2024-01-22,Wrong Item,1292.62
306422,9117116,2024-02-23,Late Delivery,1513.02
306423,9117119,2024-05-18,Changed Mind,1065.19
306424,9117141,2025-01-12,Damaged,5603.3
306425,9117151,2024-04-15,Quality Issue,2075.94
306426,9117154,2024-03-09,Changed Mind,1259.63
306427,9117169,2024-06-09,Changed Mind,1840.74
306428,9117189,2025-12-26,Quality Issue,1226.08
306429,9117203,2024-11-15,Changed Mind,553.98
306430,9117214,2025-08-01,Damaged,5480.46
306431,9117216,2025-10-08,Quality Issue,2714.91
306432,9117217,2026-01-05,Wrong Item,1775.31
306433,9117228,2024-11-09,Changed Mind,2598.88
306434,9117245,2025-07-30,Changed Mind,243.75
306435,9117262,2025-05-10,Wrong Item,2391.19
306436,9117299,2024-09-11,Damaged,1453.77
306437,9117307,2024-08-19,Quality Issue,2442.51
306438,9117314,2024-01-25,Damaged,4312.23
306439,9117319,2024-10-05,Wrong Item,729.3
306440,9117343,2025-01-25,Changed Mind,19227.12
306441,9117349,2025-11-29,Late Delivery,1613.58
306442,9117429,2024-07-12,Changed Mind,8264.06
306443,9117437,2024-04-29,Quality Issue,362.69
306444,9117468,2024-12-22,Damaged,144.06
306445,9117479,2025-01-08,Damaged,1176.27
306446,9117490,2024-05-14,Wrong Item,1684.15
306447,9117545,2025-08-04,Late Delivery,487.75
306448,9117569,2025-11-28,Quality Issue,609.04
306449,9117684,2025-11-25,Damaged,2361.69
306450,9117698,2024-10-21,Damaged,23190.11
306451,9117704,2025-11-02,Quality Issue,503.98
306452,9117761,2024-04-12,Changed Mind,2843.11
306453,9117777,2024-03-27,Wrong Item,875.57
306454,9117782,2025-10-11,Wrong Item,923.71
306455,9117792,2024-07-01,Quality Issue,1800.27
306456,9117793,2024-11-28,Quality Issue,257.83
306457,9117797,2024-06-26,Wrong Item,745.86
306458,9117800,2024-05-29,Changed Mind,5780.33
306459,9117874,2024-11-22,Damaged,3122.87
306460,9117888,2025-01-16,Quality Issue,6050.5
306461,9117896,2025-07-27,Wrong Item,918.94
306462,9117936,2025-09-15,Late Delivery,408.92
306463,9117980,2025-03-06,Changed Mind,779.32
306464,9117989,2025-05-14,Quality Issue,3155.53
306465,9118020,2024-05-08,Changed Mind,229.1
306466,9118053,2024-10-25,Quality Issue,272.95
306467,9118065,2024-08-23,Damaged,2258.78
306468,9118071,2025-01-29,Quality Issue,82939.29
306469,9118115,2025-12-11,Changed Mind,3765.28
306470,9118128,2025-02-16,Changed Mind,932.18
306471,9118134,2024-03-23,Quality Issue,1995.47
306472,9118137,2025-05-16,Late Delivery,1311.03
306473,9118150,2025-03-01,Late Delivery,361.61
306474,9118158,2024-01-15,Damaged,1942.48
306475,9118207,2024-08-16,Damaged,66182.93
306476,9118240,2025-04-22,Late Delivery,2218.94
306477,9118247,2025-05-17,Damaged,2144.52
306478,9118324,2025-03-05,Damaged,3274.94
306479,9118389,2025-09-02,Damaged,2705.45
306480,9118416,2024-10-11,Damaged,4566.37
306481,9118436,2025-12-08,Quality Issue,25434.48
306482,9118444,2024-06-16,Late Delivery,479.76
306483,9118471,2025-11-30,Changed Mind,790.85
306484,9118484,2024-10-15,Damaged,5333.53
306485,9118496,2024-08-15,Quality Issue,6910.26
306486,9118508,2025-10-16,Late Delivery,1546.55
306487,9118510,2025-05-10,Late Delivery,5797.22
306488,9118540,2024-09-04,Changed Mind,526.53
306489,9118541,2024-06-29,Changed Mind,751.12
306490,9118588,2024-04-15,Wrong Item,1910.95
306491,9118625,2025-08-15,Late Delivery,1553.49
306492,9118638,2024-09-11,Damaged,2983.88
306493,9118656,2026-01-11,Late Delivery,3956.22
306494,9118684,2024-11-23,Late Delivery,720.38
306495,9118687,2024-06-11,Damaged,936.26
306496,9118691,2025-12-24,Wrong Item,1461.42
306497,9118697,2025-02-24,Late Delivery,3092.38
306498,9118711,2024-07-17,Late Delivery,616.75
306499,9118739,2024-10-13,Quality Issue,9434.67
306500,9118754,2025-03-23,Wrong Item,13696.51
306501,9118756,2024-11-23,Wrong Item,7287.02
306502,9118768,2025-10-01,Changed Mind,1347.98
306503,9118780,2025-09-27,Wrong Item,1406.84
306504,9118847,2024-11-12,Damaged,2873.37
306505,9118854,2024-02-08,Damaged,1516.82
306506,9118865,2025-09-22,Late Delivery,51305.44
306507,9118950,2025-02-12,Wrong Item,368.97
306508,9118955,2025-04-17,Damaged,1440.92
306509,9118960,2025-10-04,Late Delivery,3065.6
306510,9118983,2025-02-19,Wrong Item,2734.38
306511,9118987,2025-12-31,Quality Issue,6264.5
306512,9118988,2024-11-22,Quality Issue,576.94
306513,9118995,2024-08-21,Late Delivery,1002.01
306514,9119024,2024-08-16,Late Delivery,6648.26
306515,9119083,2024-06-30,Changed Mind,1703.96
306516,9119111,2025-05-12,Changed Mind,1456.53
306517,9119130,2024-02-22,Quality Issue,955.64
306518,9119151,2025-03-11,Wrong Item,6961.77
306519,9119160,2025-07-07,Damaged,383.37
306520,9119185,2024-11-10,Damaged,1485.66
306521,9119189,2024-05-19,Wrong Item,1793.08
306522,9119201,2025-05-15,Damaged,3636.98
306523,9119203,2025-10-16,Changed Mind,783.36
306524,9119226,2024-08-18,Damaged,26415.48
306525,9119239,2024-07-16,Changed Mind,2224.65
306526,9119291,2025-01-17,Wrong Item,1970.34
306527,9119320,2024-02-27,Quality Issue,6478.92
306528,9119346,2024-04-05,Changed Mind,36979.49
306529,9119363,2025-11-14,Wrong Item,326.01
306530,9119365,2025-08-23,Changed Mind,1638.34
306531,9119377,2025-10-25,Changed Mind,490.81
306532,9119379,2025-12-19,Quality Issue,622.25
306533,9119380,2025-06-23,Wrong Item,498.55
306534,9119401,2024-07-03,Changed Mind,470.04
306535,9119411,2025-06-23,Wrong Item,6184.76
306536,9119428,2024-03-29,Wrong Item,11070.81
306537,9119459,2024-10-30,Late Delivery,1408.34
306538,9119468,2024-12-15,Damaged,7637.18
306539,9119482,2025-02-10,Changed Mind,3166.79
306540,9119504,2025-09-04,Late Delivery,2577.91
306541,9119527,2025-01-31,Damaged,18281.66
306542,9119548,2024-08-18,Late Delivery,40478.14
306543,9119625,2025-08-24,Quality Issue,3598.8
306544,9119635,2025-06-10,Wrong Item,1440.98
306545,9119647,2024-03-03,Damaged,13056.53
306546,9119660,2026-01-01,Quality Issue,4860.37
306547,9119668,2024-07-30,Late Delivery,4185.84
306548,9119681,2025-04-08,Changed Mind,5175.82
306549,9119720,2025-09-24,Changed Mind,606.08
306550,9119740,2025-11-17,Damaged,1198.6
306551,9119786,2024-05-01,Quality Issue,2831.93
306552,9119791,2024-11-28,Damaged,62807.62
306553,9119827,2024-10-07,Quality Issue,2415.79
306554,9119829,2024-02-02,Late Delivery,3871.1
306555,9119838,2025-03-03,Quality Issue,756.12
306556,9119852,2024-05-21,Damaged,380.35
306557,9119871,2025-05-14,Wrong Item,1877.5
306558,9119878,2024-08-04,Late Delivery,596.79
306559,9119914,2024-02-07,Wrong Item,1658.11
306560,9119919,2026-01-05,Late Delivery,1151.86
306561,9119930,2024-07-23,Quality Issue,1143.78
306562,9119962,2024-05-08,Wrong Item,20849.11
306563,9119973,2025-11-23,Changed Mind,431.26
306564,9120061,2024-03-15,Late Delivery,4133.03
306565,9120085,2024-08-18,Changed Mind,1489.91
306566,9120106,2025-06-02,Quality Issue,5977.04
306567,9120117,2025-09-25,Changed Mind,345.61
306568,9120124,2024-10-04,Quality Issue,2029.44
306569,9120130,2025-01-17,Damaged,728.16
306570,9120188,2024-06-01,Changed Mind,639.79
306571,9120195,2025-03-09,Late Delivery,350.14
306572,9120216,2025-06-29,Late Delivery,619.62
306573,9120246,2025-08-27,Changed Mind,29285.82
306574,9120253,2025-05-22,Damaged,43224.19
306575,9120254,2025-02-25,Late Delivery,1092.6
306576,9120262,2025-01-26,Late Delivery,752.38
306577,9120266,2025-07-12,Quality Issue,1628.79
306578,9120278,2024-04-21,Changed Mind,12861.96
306579,9120285,2025-09-07,Wrong Item,1580.38
306580,9120297,2025-02-05,Wrong Item,1827.14
306581,9120300,2025-03-01,Changed Mind,18032.51
306582,9120325,2025-02-18,Damaged,1003.52
306583,9120328,2025-01-20,Late Delivery,2713.28
306584,9120347,2024-12-20,Damaged,625.56
306585,9120356,2024-04-24,Damaged,1369.03
306586,9120393,2026-01-03,Wrong Item,6251.52
306587,9120432,2024-05-07,Wrong Item,1913.72
306588,9120456,2025-03-04,Changed Mind,525.91
306589,9120459,2026-01-05,Wrong Item,720.38
306590,9120463,2025-04-30,Damaged,1916.97
306591,9120495,2025-02-28,Changed Mind,882.78
306592,9120496,2024-09-24,Damaged,7256.5
306593,9120507,2024-08-07,Wrong Item,931.79
306594,9120526,2025-11-12,Damaged,1810.62
306595,9120550,2024-12-10,Damaged,583.66
306596,9120552,2024-03-28,Quality Issue,2474.69
306597,9120557,2025-11-19,Damaged,2504.22
306598,9120625,2025-02-27,Quality Issue,496.4
306599,9120645,2025-04-11,Late Delivery,3248.78
306600,9120654,2025-01-17,Changed Mind,1086.04
306601,9120658,2025-12-05,Changed Mind,1804.52
306602,9120662,2024-06-21,Wrong Item,235.53
306603,9120663,2024-10-19,Late Delivery,1961.19
306604,9120667,2025-12-28,Damaged,1188.88
306605,9120693,2024-02-16,Quality Issue,4604.35
306606,9120700,2024-02-27,Changed Mind,3701.64
306607,9120733,2024-12-08,Changed Mind,1734.57
306608,9120741,2025-10-24,Late Delivery,557.78
306609,9120746,2024-02-20,Damaged,1513.02
306610,9120838,2025-04-11,Late Delivery,1232.89
306611,9120858,2024-04-22,Damaged,5482.55
306612,9120860,2024-09-02,Late Delivery,1525.92
306613,9120872,2024-11-25,Damaged,5560.29
306614,9120907,2025-01-16,Quality Issue,99.0
306615,9120951,2025-02-26,Quality Issue,2112.18
306616,9120962,2025-01-11,Wrong Item,13478.02
306617,9121033,2025-01-10,Changed Mind,392.78
306618,9121045,2024-07-03,Wrong Item,1192.34
306619,9121057,2025-02-19,Quality Issue,497.41
306620,9121067,2025-06-01,Quality Issue,20076.7
306621,9121075,2024-12-16,Late Delivery,926.32
306622,9121077,2025-06-10,Late Delivery,40072.24
306623,9121131,2025-04-07,Wrong Item,1840.47
306624,9121132,2025-01-11,Changed Mind,1948.56
306625,9121176,2024-04-06,Changed Mind,2202.85
306626,9121177,2024-07-31,Damaged,16357.27
306627,9121290,2024-05-13,Quality Issue,580.1
306628,9121310,2025-10-07,Changed Mind,629.98
306629,9121327,2025-03-30,Wrong Item,2033.85
306630,9121356,2024-09-08,Damaged,6741.0
306631,9121399,2024-05-23,Changed Mind,6790.05
306632,9121411,2025-05-03,Changed Mind,6790.05
306633,9121413,2024-04-27,Quality Issue,4359.86
306634,9121440,2024-02-08,Wrong Item,706.45
306635,9121450,2025-11-14,Wrong Item,2097.41
306636,9121469,2024-11-21,Changed Mind,2029.8
306637,9121481,2024-09-13,Late Delivery,819.64
306638,9121482,2024-06-12,Late Delivery,688.68
306639,9121536,2024-10-20,Quality Issue,4933.15
306640,9121545,2024-04-05,Wrong Item,3806.24
306641,9121570,2025-01-07,Damaged,2746.4
306642,9121614,2025-06-17,Changed Mind,4283.53
306643,9121645,2025-06-13,Quality Issue,409.82
306644,9121658,2025-08-28,Damaged,2869.5
306645,9121663,2025-09-28,Damaged,7218.78
306646,9121680,2026-01-01,Changed Mind,324.11
306647,9121696,2024-07-09,Wrong Item,5934.3
306648,9121720,2025-07-04,Changed Mind,2412.32
306649,9121729,2025-10-10,Wrong Item,1976.34
306650,9121741,2025-12-24,Late Delivery,674.0
306651,9121773,2024-07-13,Quality Issue,823.84
306652,9121786,2025-05-04,Changed Mind,2547.45
306653,9121810,2024-04-16,Quality Issue,3889.19
306654,9121813,2024-08-10,Late Delivery,5016.65
306655,9121826,2024-11-23,Quality Issue,67147.85
306656,9121840,2024-03-27,Damaged,1104.72
306657,9121908,2024-01-26,Wrong Item,607.61
306658,9121909,2024-07-10,Wrong Item,1465.46
306659,9121925,2025-06-26,Quality Issue,2096.55
306660,9121952,2024-08-15,Damaged,5200.34
306661,9122015,2024-08-31,Quality Issue,1205.86
306662,9122028,2025-06-15,Late Delivery,4468.06
306663,9122040,2024-09-01,Damaged,20203.48
306664,9122065,2024-03-12,Late Delivery,1382.74
306665,9122108,2025-04-30,Wrong Item,512.89
306666,9122128,2025-12-03,Quality Issue,7220.66
306667,9122137,2024-03-02,Late Delivery,1516.82
306668,9122140,2024-06-30,Damaged,435.93
306669,9122149,2024-04-21,Changed Mind,326.01
306670,9122154,2025-11-03,Wrong Item,52756.18
306671,9122175,2025-07-26,Quality Issue,1029.89
306672,9122205,2024-12-04,Changed Mind,1598.65
306673,9122207,2025-07-29,Changed Mind,2252.12
306674,9122208,2025-12-03,Wrong Item,850.2
306675,9122302,2025-08-16,Wrong Item,2766.69
306676,9122348,2024-12-31,Damaged,1361.72
306677,9122353,2025-07-15,Damaged,4810.56
306678,9122384,2024-12-16,Quality Issue,2583.2
306679,9122418,2025-03-17,Wrong Item,81641.16
306680,9122490,2024-06-16,Damaged,1322.84
306681,9122531,2025-12-22,Wrong Item,4384.09
306682,9122545,2024-03-07,Wrong Item,1248.59
306683,9122574,2025-09-03,Late Delivery,407.25
306684,9122588,2025-12-26,Wrong Item,32871.62
306685,9122644,2025-02-02,Quality Issue,443.49
306686,9122665,2025-11-07,Late Delivery,4375.34
306687,9122669,2025-02-02,Late Delivery,2454.94
306688,9122704,2025-10-04,Quality Issue,3893.3
306689,9122715,2025-07-14,Changed Mind,1168.4
306690,9122723,2025-06-15,Changed Mind,322.22
306691,9122778,2024-02-05,Quality Issue,905.66
306692,9122782,2025-05-25,Damaged,556.66
306693,9122790,2024-12-07,Changed Mind,1945.93
306694,9122807,2025-09-09,Wrong Item,790.3
306695,9122817,2025-05-13,Damaged,607.41
306696,9122823,2025-06-11,Damaged,12403.39
306697,9122825,2025-05-21,Late Delivery,31045.42
306698,9122851,2024-08-28,Quality Issue,20809.53
306699,9122858,2025-02-26,Quality Issue,3589.45
306700,9122906,2024-07-15,Late Delivery,2140.58
306701,9122915,2024-04-20,Quality Issue,1296.06
306702,9122920,2025-01-23,Damaged,4396.52
306703,9122931,2025-01-09,Late Delivery,3317.27
306704,9122961,2025-09-30,Late Delivery,666.92
306705,9123007,2025-11-12,Changed Mind,582.39
306706,9123009,2024-05-29,Wrong Item,1879.88
306707,9123026,2024-03-23,Damaged,15000.26
306708,9123033,2025-02-28,Quality Issue,26588.46
306709,9123050,2025-04-08,Wrong Item,428.79
306710,9123066,2024-07-08,Quality Issue,488.5
306711,9123073,2025-09-05,Damaged,822.04
306712,9123077,2025-09-03,Wrong Item,6323.63
306713,9123107,2024-06-09,Quality Issue,10943.24
306714,9123115,2025-04-28,Wrong Item,529.81
306715,9123120,2024-08-18,Quality Issue,4556.93
306716,9123138,2025-04-07,Changed Mind,9571.02
306717,9123146,2024-12-21,Changed Mind,4176.33
306718,9123159,2024-12-17,Damaged,1289.94
306719,9123179,2024-05-23,Damaged,8703.98
306720,9123191,2024-06-18,Wrong Item,120.25
306721,9123199,2025-05-08,Changed Mind,2137.76
306722,9123201,2024-02-03,Changed Mind,416.07
306723,9123217,2025-04-02,Damaged,2037.42
306724,9123222,2024-06-09,Wrong Item,10932.55
306725,9123239,2025-10-07,Damaged,6221.52
306726,9123256,2025-03-12,Changed Mind,3854.7
306727,9123289,2024-04-25,Damaged,2275.23
306728,9123298,2025-10-15,Wrong Item,5274.84
306729,9123304,2025-07-03,Quality Issue,1787.01
306730,9123311,2024-03-13,Wrong Item,1348.45
306731,9123338,2024-12-03,Quality Issue,835.65
306732,9123359,2025-11-20,Late Delivery,3182.8
306733,9123362,2025-03-06,Quality Issue,1871.28
306734,9123365,2025-09-06,Changed Mind,1424.45
306735,9123385,2025-06-14,Changed Mind,497.18
306736,9123394,2025-03-19,Late Delivery,2434.91
306737,9123406,2024-06-24,Wrong Item,4964.49
306738,9123436,2024-12-27,Late Delivery,32251.82
306739,9123470,2024-08-31,Changed Mind,1187.83
306740,9123496,2025-04-17,Changed Mind,2192.49
306741,9123536,2024-07-10,Damaged,896.54
306742,9123541,2024-06-15,Wrong Item,3886.41
306743,9123546,2024-11-20,Quality Issue,760.15
306744,9123581,2025-04-11,Wrong Item,6166.69
306745,9123582,2024-05-10,Quality Issue,4262.79
306746,9123606,2025-05-21,Late Delivery,63800.46
306747,9123626,2024-02-18,Damaged,1105.37
306748,9123648,2025-01-12,Wrong Item,653.01
306749,9123687,2025-08-04,Quality Issue,1091.56
306750,9123712,2025-01-22,Changed Mind,1230.78
306751,9123714,2024-02-12,Quality Issue,37605.41
306752,9123727,2025-02-21,Wrong Item,1491.12
306753,9123734,2025-07-24,Wrong Item,13501.43
306754,9123758,2024-08-15,Damaged,17515.4
306755,9123762,2024-06-10,Changed Mind,2901.99
306756,9123767,2024-10-15,Late Delivery,2516.29
306757,9123790,2024-12-07,Late Delivery,1997.79
306758,9123795,2024-08-18,Late Delivery,446.01
306759,9123808,2024-06-21,Changed Mind,380.09
306760,9123856,2025-12-10,Late Delivery,1107.88
306761,9123858,2025-04-30,Wrong Item,2741.87
306762,9123870,2025-11-18,Quality Issue,5939.3
306763,9123872,2024-05-06,Quality Issue,1199.37
306764,9123902,2024-12-20,Quality Issue,1036.83
306765,9123915,2025-06-13,Damaged,216.38
306766,9123917,2025-07-22,Quality Issue,972.05
306767,9123921,2024-03-24,Quality Issue,2628.9
306768,9123943,2025-11-22,Wrong Item,2706.18
306769,9123951,2024-11-11,Late Delivery,192.25
306770,9123968,2024-08-08,Damaged,2900.34
306771,9124004,2025-11-18,Wrong Item,38966.3
306772,9124005,2024-11-16,Damaged,3744.06
306773,9124036,2024-03-14,Late Delivery,3391.6
306774,9124099,2025-01-11,Late Delivery,1059.68
306775,9124104,2025-03-07,Wrong Item,4344.72
306776,9124111,2025-02-18,Wrong Item,21403.35
306777,9124174,2024-07-12,Changed Mind,1257.49
306778,9124234,2026-01-01,Changed Mind,591.84
306779,9124247,2024-04-26,Wrong Item,1531.05
306780,9124248,2025-07-25,Late Delivery,757.14
306781,9124263,2025-02-02,Changed Mind,1540.61
306782,9124271,2024-09-01,Damaged,20291.26
306783,9124278,2025-09-15,Wrong Item,3025.46
306784,9124295,2025-04-01,Wrong Item,6310.19
306785,9124318,2024-07-12,Wrong Item,16944.51
306786,9124325,2025-08-21,Quality Issue,676.04
306787,9124337,2025-04-22,Changed Mind,2164.67
306788,9124361,2024-06-24,Quality Issue,617.07
306789,9124369,2025-12-13,Damaged,833.91
306790,9124396,2025-06-11,Damaged,229.51
306791,9124413,2025-11-26,Changed Mind,1307.19
306792,9124418,2024-11-14,Late Delivery,48953.8
306793,9124456,2024-04-23,Quality Issue,374.46
306794,9124497,2024-06-16,Quality Issue,1245.64
306795,9124513,2024-08-04,Wrong Item,1218.37
306796,9124525,2024-04-03,Wrong Item,2325.06
306797,9124540,2024-06-04,Damaged,1711.79
306798,9124560,2024-11-09,Damaged,3273.28
306799,9124595,2025-08-30,Late Delivery,2163.24
306800,9124597,2025-10-04,Quality Issue,6240.95
306801,9124611,2025-03-31,Wrong Item,4801.29
306802,9124623,2025-12-30,Late Delivery,1635.59
306803,9124627,2024-09-03,Damaged,4122.31
306804,9124628,2024-01-10,Late Delivery,1097.43
306805,9124666,2025-11-10,Late Delivery,676.18
306806,9124685,2024-12-22,Late Delivery,34222.94
306807,9124720,2024-06-29,Changed Mind,2980.98
306808,9124746,2025-04-15,Changed Mind,20061.73
306809,9124769,2024-11-29,Wrong Item,2982.24
306810,9124770,2024-01-20,Damaged,7652.83
306811,9124797,2024-07-28,Quality Issue,529.48
306812,9124864,2025-05-13,Quality Issue,745.43
306813,9124902,2025-06-08,Changed Mind,5106.11
306814,9124918,2024-10-15,Wrong Item,706.22
306815,9124956,2025-10-06,Changed Mind,1554.57
306816,9124970,2024-03-19,Wrong Item,587.75
306817,9125023,2025-06-02,Changed Mind,2108.82
306818,9125078,2024-10-10,Wrong Item,461.55
306819,9125081,2024-06-10,Quality Issue,2408.45
306820,9125082,2025-09-12,Changed Mind,35952.41
306821,9125110,2025-09-19,Changed Mind,12912.6
306822,9125112,2024-04-29,Wrong Item,1503.58
306823,9125136,2025-09-03,Damaged,91.93
306824,9125150,2025-05-20,Late Delivery,1651.4
306825,9125161,2024-07-19,Quality Issue,1979.34
306826,9125164,2024-12-24,Changed Mind,1457.23
306827,9125190,2025-06-12,Damaged,411.66
306828,9125203,2024-09-20,Damaged,17988.34
306829,9125303,2025-06-27,Changed Mind,19731.8
306830,9125310,2024-12-22,Wrong Item,1668.09
306831,9125311,2024-10-08,Wrong Item,2390.06
306832,9125340,2025-10-04,Changed Mind,89.1
306833,9125373,2024-12-29,Damaged,1615.56
306834,9125377,2025-09-11,Wrong Item,479.85
306835,9125382,2025-06-04,Wrong Item,15287.26
306836,9125396,2025-10-12,Quality Issue,11327.72
306837,9125397,2024-07-17,Wrong Item,10780.23
306838,9125470,2024-12-09,Damaged,1030.04
306839,9125501,2024-04-05,Damaged,3565.08
306840,9125528,2025-10-01,Wrong Item,421.22
306841,9125555,2025-11-17,Damaged,1249.19
306842,9125597,2024-06-26,Wrong Item,1047.96
306843,9125617,2024-03-04,Wrong Item,1507.88
306844,9125645,2024-04-13,Wrong Item,32181.68
306845,9125652,2024-01-19,Quality Issue,1997.16
306846,9125662,2025-12-21,Late Delivery,3614.04
306847,9125676,2024-10-15,Late Delivery,1102.27
306848,9125678,2025-12-10,Changed Mind,13364.64
306849,9125722,2024-07-03,Damaged,730.76
306850,9125749,2024-11-18,Quality Issue,1384.8
306851,9125764,2024-09-19,Late Delivery,747.87
306852,9125780,2024-04-13,Quality Issue,946.05
306853,9125794,2025-03-05,Wrong Item,3403.04
306854,9125810,2025-04-24,Quality Issue,653.49
306855,9125833,2024-07-15,Damaged,1384.47
306856,9125843,2024-06-13,Quality Issue,1142.16
306857,9125851,2025-05-18,Changed Mind,2557.37
306858,9125861,2024-11-08,Changed Mind,1064.26
306859,9125872,2025-07-17,Late Delivery,1482.11
306860,9125903,2024-09-05,Late Delivery,494.39
306861,9125906,2025-09-10,Quality Issue,20272.25
306862,9125912,2025-10-23,Late Delivery,1513.07
306863,9125919,2024-04-05,Quality Issue,35030.81
306864,9125920,2025-03-16,Quality Issue,682.46
306865,9125932,2025-02-10,Late Delivery,1812.52
306866,9125939,2025-11-29,Late Delivery,2304.98
306867,9125944,2024-10-25,Changed Mind,8919.36
306868,9125948,2024-04-29,Damaged,944.8
306869,9125964,2025-10-18,Damaged,413.24
306870,9125996,2024-03-30,Quality Issue,2575.69
306871,9126011,2024-07-16,Changed Mind,157.45
306872,9126022,2025-12-04,Changed Mind,2350.74
306873,9126028,2024-07-26,Quality Issue,2139.36
306874,9126029,2025-02-23,Late Delivery,463.18
306875,9126056,2024-01-15,Damaged,5797.45
306876,9126075,2025-07-09,Late Delivery,2092.45
306877,9126083,2025-08-23,Late Delivery,364.08
306878,9126108,2025-11-02,Late Delivery,2158.31
306879,9126123,2024-08-01,Quality Issue,1813.14
306880,9126141,2024-04-17,Damaged,5495.03
306881,9126149,2024-02-27,Damaged,805.64
306882,9126203,2025-01-03,Late Delivery,1168.0
306883,9126226,2025-10-18,Wrong Item,2041.36
306884,9126267,2025-08-24,Changed Mind,2320.59
306885,9126273,2024-11-21,Late Delivery,643.28
306886,9126277,2025-11-06,Wrong Item,5733.07
306887,9126283,2024-08-21,Quality Issue,18017.8
306888,9126294,2024-09-17,Quality Issue,1037.14
306889,9126314,2024-05-17,Wrong Item,897.58
306890,9126324,2025-04-13,Damaged,998.58
306891,9126366,2025-12-23,Wrong Item,1626.91
306892,9126371,2025-04-17,Wrong Item,1337.32
306893,9126386,2024-05-23,Changed Mind,1923.79
306894,9126392,2025-03-18,Changed Mind,13459.95
306895,9126409,2025-06-21,Late Delivery,10400.68
306896,9126420,2026-01-15,Changed Mind,2133.42
306897,9126448,2024-05-28,Late Delivery,1701.7
306898,9126467,2024-02-21,Wrong Item,1603.68
306899,9126469,2025-04-03,Changed Mind,460.08
306900,9126489,2025-11-21,Damaged,3296.59
306901,9126493,2024-09-17,Changed Mind,5228.76
306902,9126494,2024-11-19,Changed Mind,1574.19
306903,9126517,2024-02-07,Wrong Item,64560.1
306904,9126553,2025-02-26,Quality Issue,959.7
306905,9126580,2024-02-29,Changed Mind,676.3
306906,9126623,2024-02-01,Damaged,329.83
306907,9126624,2024-03-14,Late Delivery,598.48
306908,9126635,2024-02-11,Quality Issue,2090.31
306909,9126650,2024-04-05,Damaged,1934.03
306910,9126679,2024-10-27,Quality Issue,10463.46
306911,9126693,2025-05-10,Wrong Item,6004.97
306912,9126702,2024-06-11,Wrong Item,491.06
306913,9126703,2024-12-22,Quality Issue,5603.3
306914,9126705,2024-09-23,Quality Issue,583.0
306915,9126768,2024-09-03,Late Delivery,1953.23
306916,9126773,2025-07-29,Quality Issue,1116.32
306917,9126791,2025-03-19,Changed Mind,701.44
306918,9126852,2024-09-28,Late Delivery,5850.86
306919,9126864,2025-01-25,Changed Mind,35220.46
306920,9126871,2025-03-18,Changed Mind,718.76
306921,9126893,2024-01-26,Changed Mind,776.46
306922,9126904,2024-05-20,Damaged,3097.92
306923,9126925,2024-02-04,Wrong Item,1265.21
306924,9126986,2024-11-05,Quality Issue,7899.54
306925,9127037,2025-12-10,Quality Issue,673.48
306926,9127085,2025-02-23,Changed Mind,3332.11
306927,9127086,2024-10-11,Damaged,2433.34
306928,9127095,2024-02-15,Quality Issue,386.36
306929,9127096,2025-11-10,Damaged,29716.51
306930,9127121,2024-10-27,Changed Mind,3336.62
306931,9127141,2024-03-09,Damaged,652.21
306932,9127221,2024-05-23,Late Delivery,2030.96
306933,9127234,2024-07-15,Wrong Item,8294.08
306934,9127257,2024-11-14,Changed Mind,3612.69
306935,9127264,2025-08-26,Quality Issue,2312.81
306936,9127268,2025-09-11,Late Delivery,322.22
306937,9127272,2024-08-03,Quality Issue,3075.34
306938,9127273,2026-01-06,Damaged,460.36
306939,9127290,2025-12-10,Damaged,1557.89
306940,9127308,2025-02-25,Changed Mind,3752.48
306941,9127310,2025-11-26,Quality Issue,10030.44
306942,9127321,2024-09-03,Quality Issue,4409.36
306943,9127350,2024-07-13,Quality Issue,7583.03
306944,9127353,2024-10-14,Damaged,338.02
306945,9127365,2025-08-03,Late Delivery,1602.1
306946,9127385,2024-08-26,Changed Mind,550.61
306947,9127389,2024-02-10,Late Delivery,2315.7
306948,9127393,2025-06-25,Damaged,3087.7
306949,9127399,2024-11-10,Quality Issue,1548.17
306950,9127411,2024-06-02,Changed Mind,272.94
306951,9127430,2024-01-14,Late Delivery,924.15
306952,9127437,2024-05-12,Changed Mind,168.3
306953,9127438,2025-12-21,Changed Mind,94.05
306954,9127448,2025-12-21,Quality Issue,4501.62
306955,9127469,2025-10-11,Late Delivery,9707.9
306956,9127487,2024-05-07,Changed Mind,1297.26
306957,9127506,2024-12-03,Quality Issue,643.37
306958,9127512,2025-11-19,Quality Issue,2884.75
306959,9127514,2025-08-01,Quality Issue,1209.99
306960,9127519,2025-11-11,Wrong Item,9865.9
306961,9127522,2024-10-11,Damaged,1376.89
306962,9127539,2025-04-09,Changed Mind,2206.23
306963,9127559,2024-06-02,Changed Mind,2064.24
306964,9127571,2025-06-02,Changed Mind,1342.65
306965,9127579,2025-07-08,Wrong Item,68560.2
306966,9127585,2024-04-02,Late Delivery,36976.96
306967,9127603,2024-10-18,Late Delivery,553.94
306968,9127619,2025-12-07,Wrong Item,2471.83
306969,9127624,2024-02-26,Changed Mind,414.25
306970,9127625,2024-05-05,Quality Issue,715.47
306971,9127632,2025-08-06,Damaged,1090.03
306972,9127649,2024-04-28,Damaged,560.81
306973,9127658,2025-08-20,Damaged,932.05
306974,9127662,2025-05-03,Late Delivery,2686.9
306975,9127678,2024-05-29,Changed Mind,1190.99
306976,9127704,2025-07-01,Quality Issue,12058.87
306977,9127714,2025-07-11,Wrong Item,1956.46
306978,9127739,2025-11-04,Late Delivery,1631.19
306979,9127792,2024-12-24,Wrong Item,1054.89
306980,9127815,2024-02-02,Changed Mind,782.08
306981,9127832,2024-12-21,Late Delivery,499.01
306982,9127853,2025-08-20,Changed Mind,575.69
306983,9127865,2025-08-06,Late Delivery,1532.96
306984,9127868,2024-12-12,Quality Issue,55373.17
306985,9127873,2024-12-09,Changed Mind,2092.27
306986,9127882,2025-04-14,Wrong Item,42235.22
306987,9127928,2025-06-22,Late Delivery,15569.25
306988,9127961,2025-10-26,Quality Issue,2800.12
306989,9127966,2024-03-16,Late Delivery,453.07
306990,9127967,2025-05-22,Changed Mind,23084.44
306991,9127983,2025-10-07,Changed Mind,454.56
306992,9127986,2025-07-01,Late Delivery,480.6
306993,9128025,2024-08-10,Damaged,576.73
306994,9128028,2024-02-23,Damaged,2224.52
306995,9128054,2024-12-21,Wrong Item,727.29
306996,9128059,2025-10-21,Late Delivery,2747.0
306997,9128064,2025-06-22,Late Delivery,4078.85
306998,9128075,2025-10-28,Damaged,4360.84
306999,9128084,2025-02-15,Late Delivery,8130.26
307000,9128115,2025-10-05,Wrong Item,3991.07
307001,9128132,2024-02-13,Changed Mind,1165.23
307002,9128156,2025-04-25,Damaged,774.79
307003,9128158,2024-10-29,Wrong Item,576.19
307004,9128181,2025-10-30,Quality Issue,3718.85
307005,9128195,2024-10-12,Changed Mind,903.17
307006,9128263,2025-08-13,Quality Issue,1466.65
307007,9128270,2024-09-09,Quality Issue,31437.3
307008,9128294,2024-01-07,Changed Mind,4956.58
307009,9128301,2024-03-19,Wrong Item,52339.68
307010,9128306,2024-04-01,Late Delivery,964.18
307011,9128332,2024-07-27,Damaged,2686.81
307012,9128361,2025-11-10,Damaged,3159.01
307013,9128379,2024-05-07,Changed Mind,3770.53
307014,9128406,2024-06-10,Late Delivery,1394.06
307015,9128407,2025-09-13,Quality Issue,3463.6
307016,9128416,2025-06-26,Changed Mind,1810.72
307017,9128445,2025-09-23,Late Delivery,2711.28
307018,9128448,2024-05-30,Quality Issue,609.35
307019,9128465,2025-04-04,Damaged,5915.68
307020,9128485,2024-12-25,Damaged,625.45
307021,9128486,2024-02-08,Wrong Item,1186.86
307022,9128514,2024-12-04,Late Delivery,4262.94
307023,9128515,2024-09-16,Late Delivery,2547.04
307024,9128591,2024-10-03,Quality Issue,2243.68
307025,9128592,2024-08-18,Damaged,1915.5
307026,9128637,2025-11-26,Changed Mind,6173.19
307027,9128644,2025-05-25,Quality Issue,667.26
307028,9128675,2025-02-09,Damaged,326.82
307029,9128681,2024-07-02,Quality Issue,772.88
307030,9128691,2024-06-19,Wrong Item,382.63
307031,9128715,2025-07-08,Late Delivery,11166.36
307032,9128742,2024-07-07,Changed Mind,1406.58
307033,9128768,2024-07-21,Changed Mind,16974.64
307034,9128784,2024-07-16,Wrong Item,1443.26
307035,9128795,2024-07-25,Damaged,735.63
307036,9128817,2025-11-06,Late Delivery,322.22
307037,9128845,2024-09-14,Quality Issue,1909.95
307038,9128849,2024-06-09,Wrong Item,4872.92
307039,9128873,2024-02-14,Damaged,585.04
307040,9128874,2025-03-23,Quality Issue,1227.47
307041,9128877,2024-10-15,Damaged,38487.7
307042,9128885,2025-09-09,Damaged,68146.77
307043,9128886,2025-06-22,Wrong Item,4500.86
307044,9128888,2025-11-02,Late Delivery,2512.43
307045,9128891,2025-06-27,Damaged,847.81
307046,9128902,2024-07-19,Damaged,4189.55
307047,9128948,2025-07-08,Late Delivery,14250.25
307048,9128950,2024-12-22,Late Delivery,424.25
307049,9128960,2024-01-29,Quality Issue,2751.08
307050,9129024,2025-02-01,Changed Mind,1262.76
307051,9129027,2025-02-18,Changed Mind,2924.08
307052,9129034,2025-05-22,Late Delivery,2647.4
307053,9129037,2024-03-13,Late Delivery,79.2
307054,9129043,2024-12-19,Late Delivery,678.75
307055,9129056,2024-03-13,Late Delivery,3586.53
307056,9129094,2024-03-13,Wrong Item,1132.6
307057,9129103,2025-01-23,Changed Mind,805.69
307058,9129116,2024-07-26,Wrong Item,6146.11
307059,9129157,2025-05-30,Late Delivery,585.04
307060,9129212,2024-09-20,Changed Mind,3965.34
307061,9129236,2025-02-15,Late Delivery,16955.18
307062,9129280,2025-04-07,Wrong Item,6467.04
307063,9129300,2024-10-29,Damaged,1036.21
307064,9129320,2025-10-06,Changed Mind,934.73
307065,9129337,2024-12-17,Late Delivery,48173.97
307066,9129353,2024-10-01,Late Delivery,473.58
307067,9129362,2024-02-02,Damaged,4471.23
307068,9129369,2025-10-25,Damaged,3788.87
307069,9129436,2024-02-05,Wrong Item,17449.01
307070,9129452,2024-04-21,Late Delivery,19244.97
307071,9129457,2025-02-17,Changed Mind,2474.58
307072,9129471,2025-10-26,Damaged,63899.58
307073,9129478,2025-09-10,Changed Mind,5185.23
307074,9129490,2025-06-07,Damaged,4312.23
307075,9129505,2024-10-16,Changed Mind,2083.83
307076,9129518,2024-02-28,Wrong Item,446.01
307077,9129569,2024-08-04,Changed Mind,482.22
307078,9129592,2024-09-25,Damaged,7195.72
307079,9129623,2025-11-28,Changed Mind,2432.96
307080,9129654,2024-07-03,Wrong Item,856.09
307081,9129663,2024-12-28,Late Delivery,22645.03
307082,9129685,2024-03-11,Changed Mind,5814.27
307083,9129686,2024-08-27,Late Delivery,5293.36
307084,9129699,2024-12-14,Quality Issue,2963.6
307085,9129701,2025-07-07,Wrong Item,755.0
307086,9129702,2025-06-01,Changed Mind,2578.7
307087,9129765,2025-01-27,Wrong Item,30486.71
307088,9129782,2025-08-15,Damaged,2192.41
307089,9129785,2025-02-02,Quality Issue,51492.62
307090,9129812,2025-05-30,Damaged,28865.78
307091,9129847,2024-04-19,Quality Issue,16872.34
307092,9129848,2024-07-31,Wrong Item,3777.14
307093,9129854,2024-02-14,Wrong Item,41619.06
307094,9129855,2025-12-25,Wrong Item,18001.91
307095,9129869,2025-05-15,Damaged,1923.98
307096,9129882,2025-12-17,Quality Issue,3859.62
307097,9129885,2024-10-02,Changed Mind,582.39
307098,9129903,2024-09-19,Changed Mind,18945.72
307099,9129905,2024-04-08,Wrong Item,144.06
307100,9129912,2025-04-11,Changed Mind,608.97
307101,9129932,2024-03-13,Wrong Item,39538.11
307102,9129937,2025-04-14,Changed Mind,16329.01
307103,9129951,2024-03-02,Late Delivery,1666.05
307104,9129955,2024-05-21,Damaged,3834.45
307105,9129959,2025-07-25,Changed Mind,9010.58
307106,9129981,2025-12-26,Late Delivery,1371.04
307107,9130025,2025-07-15,Wrong Item,698.65
307108,9130034,2024-08-14,Damaged,395.37
307109,9130040,2024-01-26,Damaged,9308.65
307110,9130045,2025-07-13,Quality Issue,13155.95
307111,9130070,2024-10-28,Wrong Item,5284.48
307112,9130071,2025-03-19,Quality Issue,526.28
307113,9130076,2024-08-02,Changed Mind,7001.85
307114,9130099,2024-06-02,Quality Issue,32731.2
307115,9130125,2024-08-22,Wrong Item,1227.14
307116,9130230,2024-07-29,Damaged,439.3
307117,9130251,2025-09-29,Wrong Item,4600.46
307118,9130267,2025-09-15,Changed Mind,2491.27
307119,9130289,2024-07-28,Wrong Item,3308.4
307120,9130296,2025-07-19,Damaged,1922.54
307121,9130329,2024-07-18,Changed Mind,1485.6
307122,9130397,2025-03-29,Quality Issue,1475.22
307123,9130446,2025-07-19,Late Delivery,4211.58
307124,9130468,2024-10-22,Damaged,26956.03
307125,9130477,2024-03-21,Changed Mind,7014.96
307126,9130490,2024-09-14,Changed Mind,829.24
307127,9130492,2024-03-21,Damaged,3707.64
307128,9130509,2025-01-30,Quality Issue,3504.62
307129,9130518,2025-12-20,Changed Mind,980.99
307130,9130523,2025-11-25,Quality Issue,1245.5
307131,9130525,2024-01-20,Wrong Item,9581.98
307132,9130601,2024-04-17,Changed Mind,16008.96
307133,9130617,2025-05-29,Wrong Item,50405.35
307134,9130657,2025-08-06,Damaged,4284.06
307135,9130672,2025-12-04,Wrong Item,788.48
307136,9130703,2025-06-05,Quality Issue,1786.23
307137,9130715,2025-06-24,Changed Mind,3341.16
307138,9130742,2024-09-03,Changed Mind,1851.13
307139,9130770,2024-02-21,Wrong Item,7218.06
307140,9130818,2024-07-19,Damaged,999.47
307141,9130847,2025-06-12,Quality Issue,1074.87
307142,9130868,2024-09-20,Damaged,1556.25
307143,9130875,2024-05-06,Quality Issue,1221.68
307144,9130894,2024-02-28,Damaged,483.64
307145,9130897,2024-03-16,Quality Issue,554.01
307146,9130901,2025-12-30,Changed Mind,247.19
307147,9130970,2025-08-23,Late Delivery,3121.56
307148,9130980,2025-08-26,Changed Mind,411.02
307149,9130996,2025-12-07,Changed Mind,6316.44
307150,9131000,2024-09-18,Quality Issue,3356.88
307151,9131007,2025-12-30,Changed Mind,691.45
307152,9131009,2024-10-19,Late Delivery,735.79
307153,9131038,2025-12-23,Wrong Item,1228.53
307154,9131082,2024-04-20,Wrong Item,1001.1
307155,9131099,2025-10-04,Changed Mind,15732.06
307156,9131119,2025-11-29,Changed Mind,2172.86
307157,9131123,2025-04-11,Quality Issue,1765.6
307158,9131128,2025-04-14,Damaged,1675.16
307159,9131130,2025-01-24,Changed Mind,476.07
307160,9131135,2025-04-10,Damaged,73.34
307161,9131180,2024-06-08,Damaged,270.83
307162,9131186,2025-12-21,Changed Mind,1060.77
307163,9131204,2025-03-07,Damaged,1708.31
307164,9131233,2024-10-17,Changed Mind,858.52
307165,9131247,2025-08-18,Changed Mind,4861.49
307166,9131249,2025-02-21,Damaged,5036.48
307167,9131271,2024-04-24,Late Delivery,3658.85
307168,9131282,2025-08-16,Changed Mind,71733.44
307169,9131311,2025-07-12,Changed Mind,608.68
307170,9131345,2025-08-18,Damaged,1751.14
307171,9131356,2025-09-15,Changed Mind,4970.14
307172,9131382,2024-12-10,Changed Mind,1543.85
307173,9131400,2024-06-17,Late Delivery,1736.05
307174,9131409,2024-12-11,Late Delivery,1168.0
307175,9131411,2024-04-26,Damaged,55255.2
307176,9131428,2025-04-16,Damaged,2175.23
307177,9131429,2025-10-14,Quality Issue,1190.64
307178,9131445,2024-11-02,Damaged,1725.27
307179,9131449,2024-10-10,Changed Mind,114.52
307180,9131473,2024-12-01,Changed Mind,12831.76
307181,9131476,2024-08-19,Damaged,3828.33
307182,9131491,2024-12-01,Quality Issue,1387.27
307183,9131504,2024-08-10,Damaged,571.94
307184,9131533,2024-09-09,Quality Issue,540.94
307185,9131547,2024-07-30,Damaged,1333.1
307186,9131585,2025-09-14,Changed Mind,53965.01
307187,9131611,2025-08-13,Quality Issue,687.54
307188,9131667,2024-05-16,Wrong Item,2137.29
307189,9131679,2025-08-19,Late Delivery,557.41
307190,9131685,2024-03-21,Quality Issue,1297.92
307191,9131689,2024-05-07,Damaged,7166.34
307192,9131694,2025-10-11,Changed Mind,901.82
307193,9131712,2025-05-06,Changed Mind,3680.29
307194,9131717,2024-02-18,Late Delivery,3992.33
307195,9131722,2024-12-14,Changed Mind,6065.43
307196,9131730,2025-04-16,Late Delivery,4500.82
307197,9131738,2024-07-27,Changed Mind,1917.22
307198,9131743,2024-06-05,Wrong Item,3315.95
307199,9131774,2025-06-29,Late Delivery,77991.32
307200,9131789,2024-11-20,Late Delivery,4616.97
307201,9131796,2024-09-28,Wrong Item,1334.31
307202,9131829,2024-10-24,Late Delivery,606.89
307203,9131848,2025-10-03,Late Delivery,1142.82
307204,9131853,2025-06-02,Changed Mind,2901.08
307205,9131869,2026-01-01,Changed Mind,5945.18
307206,9131891,2025-09-22,Damaged,390.89
307207,9131894,2025-01-02,Damaged,4430.59
307208,9131922,2025-12-01,Changed Mind,4127.7
307209,9131930,2025-09-05,Quality Issue,3897.12
307210,9131936,2025-04-29,Wrong Item,418.54
307211,9131958,2025-12-13,Changed Mind,17623.42
307212,9131963,2024-03-04,Changed Mind,896.54
307213,9131997,2025-12-22,Quality Issue,390.29
307214,9132010,2025-04-04,Changed Mind,3071.84
307215,9132036,2025-08-19,Late Delivery,3416.62
307216,9132044,2025-12-24,Quality Issue,978.4
307217,9132053,2025-05-21,Changed Mind,7133.4
307218,9132064,2025-09-17,Damaged,853.08
307219,9132082,2024-06-25,Damaged,43634.25
307220,9132098,2024-09-24,Changed Mind,2273.12
307221,9132101,2024-09-18,Damaged,1155.19
307222,9132119,2024-09-20,Quality Issue,349.37
307223,9132153,2024-10-24,Quality Issue,1476.4
307224,9132158,2025-04-20,Changed Mind,1535.66
307225,9132171,2025-01-27,Quality Issue,1430.75
307226,9132203,2024-06-18,Damaged,753.46
307227,9132215,2024-09-15,Late Delivery,4337.0
307228,9132220,2024-10-26,Late Delivery,2106.12
307229,9132226,2024-09-01,Changed Mind,1600.73
307230,9132247,2024-09-08,Quality Issue,901.66
307231,9132250,2024-03-18,Damaged,19227.12
307232,9132386,2024-05-30,Quality Issue,2818.11
307233,9132389,2025-08-11,Wrong Item,1428.9
307234,9132390,2024-06-21,Late Delivery,1972.5
307235,9132430,2025-03-28,Wrong Item,2531.83
307236,9132459,2025-05-06,Wrong Item,578.75
307237,9132462,2024-06-23,Quality Issue,5207.33
307238,9132473,2025-07-20,Changed Mind,333.18
307239,9132491,2025-06-05,Quality Issue,2496.44
307240,9132526,2024-01-15,Quality Issue,21410.99
307241,9132538,2024-11-05,Damaged,17951.31
307242,9132548,2024-12-12,Wrong Item,3497.26
307243,9132563,2024-04-11,Late Delivery,24528.37
307244,9132580,2025-09-10,Damaged,1465.91
307245,9132586,2024-01-16,Damaged,5860.62
307246,9132610,2024-12-30,Late Delivery,3265.49
307247,9132617,2025-05-05,Changed Mind,563.35
307248,9132648,2025-10-16,Changed Mind,2577.35
307249,9132652,2024-03-14,Damaged,1201.8
307250,9132699,2024-07-19,Late Delivery,482.22
307251,9132726,2025-01-02,Changed Mind,4850.8
307252,9132729,2024-06-16,Wrong Item,1345.95
307253,9132733,2025-03-21,Changed Mind,860.35
307254,9132753,2025-10-01,Quality Issue,1131.11
307255,9132766,2024-10-19,Damaged,905.0
307256,9132778,2024-09-27,Late Delivery,1178.95
307257,9132808,2025-03-08,Changed Mind,624.52
307258,9132812,2024-04-06,Quality Issue,3329.94
307259,9132825,2025-09-25,Damaged,783.27
307260,9132847,2025-06-18,Changed Mind,289.0
307261,9132860,2025-06-09,Changed Mind,15977.63
307262,9132864,2025-12-26,Wrong Item,4050.5
307263,9132894,2025-12-16,Damaged,1012.15
307264,9132927,2025-06-16,Wrong Item,1315.4
307265,9132936,2024-06-24,Changed Mind,351.5
307266,9132938,2024-09-28,Quality Issue,642.58
307267,9132941,2025-04-19,Damaged,4886.37
307268,9132963,2024-10-09,Changed Mind,2828.0
307269,9132975,2025-12-26,Changed Mind,942.41
307270,9132997,2024-01-28,Quality Issue,1735.65
307271,9133017,2024-03-15,Damaged,1586.18
307272,9133023,2025-05-25,Wrong Item,2246.2
307273,9133025,2024-11-19,Late Delivery,3049.94
307274,9133037,2024-01-13,Late Delivery,607.68
307275,9133079,2025-01-29,Changed Mind,557.18
307276,9133088,2025-05-18,Quality Issue,18153.63
307277,9133090,2024-12-28,Quality Issue,1390.93
307278,9133096,2024-01-09,Quality Issue,7842.63
307279,9133146,2025-07-08,Changed Mind,6131.2
307280,9133159,2024-12-10,Quality Issue,1839.03
307281,9133166,2024-07-22,Late Delivery,1250.48
307282,9133168,2025-02-15,Late Delivery,9576.99
307283,9133221,2025-05-07,Quality Issue,544.48
307284,9133222,2025-10-15,Wrong Item,765.53
307285,9133249,2024-10-22,Changed Mind,4634.82
307286,9133261,2025-12-13,Quality Issue,1598.6
307287,9133266,2024-09-27,Quality Issue,1190.76
307288,9133318,2024-10-12,Wrong Item,1282.73
307289,9133331,2024-09-21,Wrong Item,1775.31
307290,9133340,2024-02-07,Damaged,5022.07
307291,9133381,2025-12-21,Quality Issue,530.25
307292,9133388,2024-11-22,Damaged,349.65
307293,9133398,2025-09-22,Late Delivery,2119.2
307294,9133437,2024-01-25,Changed Mind,1033.62
307295,9133469,2024-04-06,Late Delivery,1086.67
307296,9133491,2024-08-31,Changed Mind,845.92
307297,9133528,2025-04-19,Damaged,1823.53
307298,9133544,2025-04-03,Changed Mind,811.3
307299,9133550,2025-02-15,Late Delivery,1151.52
307300,9133592,2024-11-18,Damaged,2002.65
307301,9133601,2025-11-06,Quality Issue,433.93
307302,9133615,2025-09-28,Late Delivery,244.69
307303,9133634,2024-10-20,Quality Issue,1604.29
307304,9133652,2024-06-21,Wrong Item,390.58
307305,9133664,2024-11-05,Late Delivery,1572.62
307306,9133680,2024-02-04,Wrong Item,3666.51
307307,9133681,2024-12-22,Damaged,10658.2
307308,9133685,2025-01-07,Damaged,21249.77
307309,9133713,2025-05-19,Changed Mind,1119.38
307310,9133715,2025-10-22,Damaged,272.08
307311,9133794,2025-09-26,Changed Mind,2989.22
307312,9133806,2024-12-20,Damaged,1075.97
307313,9133814,2024-10-01,Late Delivery,1053.48
307314,9133823,2026-01-02,Changed Mind,1407.17
307315,9133868,2024-06-30,Changed Mind,9001.64
307316,9133901,2025-01-08,Late Delivery,13957.95
307317,9133903,2025-03-29,Quality Issue,3852.05
307318,9133927,2024-06-02,Wrong Item,262.42
307319,9133941,2024-10-17,Damaged,3724.28
307320,9133945,2025-09-24,Wrong Item,595.32
307321,9133954,2025-02-04,Quality Issue,1750.41
307322,9133956,2024-08-18,Damaged,1667.45
307323,9133964,2024-10-31,Late Delivery,447.16
307324,9134079,2024-09-04,Wrong Item,1390.76
307325,9134095,2024-10-08,Late Delivery,2691.23
307326,9134123,2025-07-11,Late Delivery,20279.43
307327,9134146,2025-08-09,Damaged,1814.57
307328,9134159,2024-04-18,Changed Mind,2608.85
307329,9134205,2025-12-24,Quality Issue,2609.84
307330,9134212,2024-06-15,Damaged,872.6
307331,9134224,2024-02-25,Changed Mind,2549.58
307332,9134247,2025-11-14,Changed Mind,616.75
307333,9134264,2024-07-03,Damaged,28712.01
307334,9134348,2025-03-24,Late Delivery,1401.86
307335,9134350,2025-06-18,Changed Mind,8321.87
307336,9134351,2025-07-05,Quality Issue,3648.9
307337,9134374,2025-01-18,Changed Mind,485.89
307338,9134386,2024-02-17,Quality Issue,1923.04
307339,9134389,2025-03-28,Quality Issue,1932.3
307340,9134402,2024-12-12,Changed Mind,2466.96
307341,9134428,2025-09-14,Wrong Item,938.53
307342,9134433,2024-03-19,Late Delivery,1763.63
307343,9134448,2025-08-19,Changed Mind,351.01
307344,9134453,2024-04-07,Changed Mind,99.0
307345,9134456,2025-05-18,Wrong Item,625.29
307346,9134458,2025-12-16,Quality Issue,268.72
307347,9134477,2025-01-28,Late Delivery,1247.17
307348,9134503,2024-07-05,Wrong Item,2668.63
307349,9134587,2025-04-04,Changed Mind,2003.55
307350,9134602,2024-11-25,Wrong Item,767.68
307351,9134615,2024-03-22,Wrong Item,1629.46
307352,9134623,2025-07-15,Damaged,3864.84
307353,9134639,2024-04-16,Wrong Item,1041.75
307354,9134640,2025-03-04,Damaged,825.53
307355,9134647,2025-09-10,Damaged,1373.33
307356,9134652,2024-05-11,Late Delivery,3157.32
307357,9134673,2025-08-12,Late Delivery,9376.04
307358,9134723,2024-08-29,Late Delivery,11910.06
307359,9134751,2025-10-17,Quality Issue,837.91
307360,9134758,2025-10-16,Quality Issue,1770.4
307361,9134817,2024-10-22,Quality Issue,1509.85
307362,9134821,2025-09-28,Changed Mind,16657.48
307363,9134826,2025-09-08,Quality Issue,4693.0
307364,9134838,2025-02-18,Wrong Item,6904.63
307365,9134889,2024-12-22,Wrong Item,1048.78
307366,9134913,2025-09-16,Changed Mind,788.01
307367,9134915,2024-01-31,Quality Issue,8634.0
307368,9134948,2025-02-23,Damaged,948.13
307369,9134973,2025-07-20,Changed Mind,4240.76
307370,9134995,2025-01-18,Wrong Item,880.0
307371,9134997,2024-10-17,Quality Issue,1959.21
307372,9135014,2024-02-13,Wrong Item,1246.13
307373,9135019,2024-07-15,Changed Mind,3504.62
307374,9135032,2024-08-26,Wrong Item,1215.22
307375,9135036,2025-10-05,Quality Issue,1288.68
307376,9135058,2025-08-04,Quality Issue,2004.12
307377,9135073,2025-02-05,Quality Issue,591.61
307378,9135088,2024-01-13,Changed Mind,2817.98
307379,9135141,2025-10-29,Late Delivery,2835.35
307380,9135145,2024-11-21,Quality Issue,18117.77
307381,9135172,2025-11-21,Wrong Item,9146.52
307382,9135176,2025-03-01,Changed Mind,884.33
307383,9135219,2024-03-20,Wrong Item,7971.86
307384,9135231,2025-06-30,Changed Mind,463.09
307385,9135238,2024-05-23,Wrong Item,2884.75
307386,9135283,2024-04-16,Late Delivery,780.96
307387,9135292,2024-11-01,Damaged,625.24
307388,9135309,2024-08-14,Quality Issue,639.58
307389,9135328,2024-04-10,Damaged,768.92
307390,9135354,2024-10-05,Quality Issue,20447.78
307391,9135373,2025-11-18,Wrong Item,1498.72
307392,9135375,2025-02-25,Wrong Item,7530.54
307393,9135382,2024-11-03,Damaged,724.68
307394,9135435,2024-01-29,Damaged,560.81
307395,9135498,2024-03-03,Damaged,771.96
307396,9135501,2024-08-06,Damaged,20034.46
307397,9135504,2025-02-06,Damaged,676.21
307398,9135518,2025-05-22,Quality Issue,7300.48
307399,9135528,2024-06-11,Damaged,8675.08
307400,9135575,2025-04-01,Late Delivery,3185.04
307401,9135578,2024-12-11,Quality Issue,2153.61
307402,9135606,2024-09-25,Quality Issue,1035.03
307403,9135611,2024-08-11,Late Delivery,927.89
307404,9135647,2024-09-19,Late Delivery,85613.39
307405,9135661,2025-10-26,Quality Issue,2253.58
307406,9135695,2024-04-27,Damaged,1984.02
307407,9135705,2025-08-15,Late Delivery,3898.57
307408,9135726,2025-11-29,Changed Mind,2517.67
307409,9135729,2025-10-08,Late Delivery,6384.1
307410,9135756,2024-03-31,Wrong Item,1841.35
307411,9135765,2025-10-30,Wrong Item,3657.69
307412,9135774,2025-11-20,Changed Mind,443.15
307413,9135787,2024-08-24,Wrong Item,2330.46
307414,9135821,2024-11-04,Wrong Item,1382.74
307415,9135837,2024-12-24,Damaged,1942.31
307416,9135867,2024-08-25,Changed Mind,642.82
307417,9135882,2025-11-23,Changed Mind,3182.6
307418,9135909,2025-12-23,Damaged,843.8
307419,9135931,2025-05-03,Late Delivery,5740.56
307420,9135962,2025-05-29,Late Delivery,3766.61
307421,9136005,2025-10-07,Late Delivery,659.66
307422,9136008,2024-08-07,Late Delivery,320.09
307423,9136018,2024-04-25,Damaged,490.03
307424,9136043,2025-11-25,Changed Mind,2274.7
307425,9136068,2024-12-17,Late Delivery,2027.92
307426,9136072,2025-02-21,Damaged,455.54
307427,9136106,2024-05-06,Late Delivery,4216.14
307428,9136109,2025-12-27,Quality Issue,1111.8
307429,9136177,2024-12-23,Late Delivery,842.45
307430,9136206,2024-06-12,Changed Mind,1350.2
307431,9136285,2025-10-27,Wrong Item,1841.35
307432,9136306,2025-01-07,Late Delivery,537.38
307433,9136320,2024-07-07,Late Delivery,3232.84
307434,9136342,2025-04-13,Quality Issue,12330.47
307435,9136355,2024-10-28,Late Delivery,1350.24
307436,9136412,2024-03-02,Changed Mind,410.89
307437,9136431,2024-10-30,Damaged,901.82
307438,9136478,2024-09-04,Quality Issue,1318.91
307439,9136490,2025-03-16,Changed Mind,7225.37
307440,9136495,2025-05-06,Quality Issue,1000.41
307441,9136497,2024-07-14,Damaged,1286.57
307442,9136554,2024-12-08,Quality Issue,2677.42
307443,9136571,2025-10-17,Changed Mind,778.4
307444,9136589,2024-08-22,Late Delivery,3206.41
307445,9136597,2024-10-12,Quality Issue,4844.86
307446,9136599,2024-10-24,Quality Issue,2777.66
307447,9136642,2024-10-19,Quality Issue,489.66
307448,9136644,2025-12-05,Late Delivery,2971.2
307449,9136686,2025-08-15,Damaged,17203.21
307450,9136693,2024-10-21,Quality Issue,10786.9
307451,9136782,2024-11-16,Late Delivery,6007.96
307452,9136788,2025-06-23,Late Delivery,437.37
307453,9136797,2024-04-14,Damaged,1730.85
307454,9136831,2025-08-19,Changed Mind,456.94
307455,9136832,2025-06-25,Late Delivery,6751.23
307456,9136843,2024-05-01,Damaged,698.57
307457,9136858,2025-10-21,Damaged,772.79
307458,9136870,2025-12-09,Damaged,295.92
307459,9136928,2024-10-14,Changed Mind,2009.74
307460,9136951,2025-05-29,Wrong Item,6460.3
307461,9136953,2025-11-14,Quality Issue,1663.89
307462,9136987,2025-01-24,Changed Mind,42603.95
307463,9136989,2025-09-13,Changed Mind,7770.82
307464,9136991,2025-12-13,Late Delivery,1091.76
307465,9136998,2025-05-25,Changed Mind,257.57
307466,9137008,2025-11-25,Damaged,334.83
307467,9137010,2025-10-15,Quality Issue,594.26
307468,9137041,2025-01-31,Late Delivery,32511.79
307469,9137057,2025-12-04,Late Delivery,1703.96
307470,9137104,2024-04-21,Quality Issue,608.56
307471,9137113,2024-05-20,Late Delivery,726.21
307472,9137122,2024-12-22,Late Delivery,7379.63
307473,9137139,2025-08-02,Quality Issue,812.64
307474,9137147,2024-05-02,Wrong Item,1431.96
307475,9137156,2024-09-15,Wrong Item,7167.22
307476,9137160,2025-12-03,Quality Issue,5466.88
307477,9137201,2025-11-10,Wrong Item,4219.14
307478,9137206,2025-06-13,Damaged,9012.96
307479,9137237,2025-02-06,Damaged,2984.6
307480,9137262,2025-03-24,Quality Issue,4301.75
307481,9137291,2024-04-01,Wrong Item,837.18
307482,9137300,2024-04-14,Late Delivery,1534.16
307483,9137340,2024-01-27,Damaged,3208.65
307484,9137349,2025-12-23,Wrong Item,2093.8
307485,9137404,2024-12-03,Wrong Item,2211.96
307486,9137424,2024-06-10,Changed Mind,1323.67
307487,9137442,2024-09-22,Damaged,411.66
307488,9137469,2025-04-18,Quality Issue,3178.97
307489,9137482,2026-01-03,Damaged,751.79
307490,9137494,2025-12-10,Late Delivery,2210.12
307491,9137546,2024-11-25,Wrong Item,1371.28
307492,9137547,2025-05-23,Quality Issue,617.07
307493,9137597,2025-03-26,Late Delivery,5028.33
307494,9137600,2025-10-06,Damaged,674.86
307495,9137636,2024-09-18,Wrong Item,4751.25
307496,9137668,2024-09-14,Changed Mind,14584.47
307497,9137715,2024-06-02,Changed Mind,973.6
307498,9137719,2025-09-16,Late Delivery,6214.78
307499,9137733,2024-02-27,Quality Issue,826.61
307500,9137738,2024-06-10,Wrong Item,2064.32
307501,9137740,2024-10-24,Damaged,833.69
307502,9137760,2024-06-14,Late Delivery,731.98
307503,9137785,2025-12-15,Damaged,2736.92
307504,9137791,2024-05-18,Damaged,3692.25
307505,9137794,2025-10-16,Late Delivery,15977.63
307506,9137811,2026-01-02,Wrong Item,66296.93
307507,9137829,2025-06-05,Wrong Item,5301.22
307508,9137836,2024-10-13,Damaged,920.57
307509,9137868,2024-12-14,Changed Mind,1084.1
307510,9137872,2024-06-22,Late Delivery,2886.44
307511,9137893,2025-08-14,Late Delivery,1051.56
307512,9137904,2025-07-19,Wrong Item,2132.06
307513,9137908,2025-08-16,Changed Mind,2370.98
307514,9137915,2024-03-18,Quality Issue,1295.57
307515,9137941,2025-07-13,Late Delivery,7012.06
307516,9137962,2024-08-22,Damaged,2986.4
307517,9138000,2025-07-25,Changed Mind,1013.07
307518,9138060,2025-09-05,Quality Issue,959.68
307519,9138062,2024-08-24,Damaged,538.71
307520,9138084,2025-02-24,Quality Issue,2061.75
307521,9138088,2024-08-20,Late Delivery,803.02
307522,9138116,2024-06-24,Damaged,5588.29
307523,9138154,2025-11-19,Quality Issue,964.6
307524,9138159,2024-06-05,Damaged,3959.43
307525,9138186,2025-06-26,Changed Mind,2807.38
307526,9138187,2025-08-25,Changed Mind,1223.41
307527,9138225,2025-01-11,Late Delivery,1627.25
307528,9138243,2025-02-08,Late Delivery,198.0
307529,9138247,2025-04-13,Quality Issue,3182.6
307530,9138278,2025-01-25,Changed Mind,2026.76
307531,9138282,2024-03-17,Changed Mind,956.96
307532,9138307,2025-03-12,Changed Mind,363.5
307533,9138322,2024-12-22,Quality Issue,7778.38
307534,9138325,2025-11-10,Quality Issue,333.46
307535,9138335,2025-01-01,Changed Mind,1684.98
307536,9138402,2025-03-18,Wrong Item,5326.82
307537,9138415,2024-10-08,Quality Issue,1398.29
307538,9138518,2025-05-13,Wrong Item,666.81
307539,9138534,2024-12-20,Wrong Item,40522.68
307540,9138562,2025-07-03,Changed Mind,1451.29
307541,9138597,2024-05-12,Wrong Item,4845.55
307542,9138598,2024-12-26,Wrong Item,2405.68
307543,9138605,2025-03-08,Damaged,4529.74
307544,9138610,2024-12-25,Wrong Item,6271.42
307545,9138618,2025-01-25,Wrong Item,2388.27
307546,9138658,2025-02-08,Changed Mind,948.63
307547,9138664,2024-09-16,Wrong Item,198.0
307548,9138670,2024-10-15,Late Delivery,330.8
307549,9138715,2025-02-02,Late Delivery,598.59
307550,9138730,2024-09-26,Quality Issue,69.3
307551,9138742,2025-10-17,Wrong Item,4019.48
307552,9138765,2025-09-24,Late Delivery,663.02
307553,9138824,2025-03-15,Late Delivery,1753.7
307554,9138902,2024-10-23,Changed Mind,579.26
307555,9138927,2025-04-28,Wrong Item,2371.54
307556,9138930,2024-06-13,Late Delivery,4375.46
307557,9138932,2024-12-03,Damaged,1713.99
307558,9138978,2024-08-28,Quality Issue,16805.02
307559,9138979,2025-06-05,Changed Mind,1658.11
307560,9138980,2025-04-18,Changed Mind,12212.59
307561,9139091,2025-10-02,Damaged,57734.9
307562,9139150,2024-03-07,Wrong Item,640.68
307563,9139153,2024-04-27,Changed Mind,618.68
307564,9139158,2026-01-04,Damaged,4853.24
307565,9139160,2024-08-05,Changed Mind,1309.41
307566,9139187,2024-02-13,Quality Issue,319.48
307567,9139193,2025-03-25,Damaged,2495.94
307568,9139201,2025-09-28,Wrong Item,10479.1
307569,9139218,2024-03-18,Quality Issue,944.08
307570,9139230,2024-08-07,Late Delivery,5932.06
307571,9139240,2025-09-04,Damaged,1144.05
307572,9139271,2024-01-28,Damaged,33573.92
307573,9139278,2025-09-07,Quality Issue,5467.26
307574,9139290,2024-12-22,Changed Mind,2576.49
307575,9139300,2025-11-09,Quality Issue,13191.61
307576,9139303,2024-06-19,Late Delivery,22853.4
307577,9139310,2025-08-20,Damaged,460.36
307578,9139318,2024-04-08,Late Delivery,2115.67
307579,9139319,2025-01-06,Wrong Item,3342.52
307580,9139344,2025-11-24,Damaged,7530.56
307581,9139353,2024-06-24,Wrong Item,983.73
307582,9139368,2025-12-04,Damaged,902.88
307583,9139377,2025-04-14,Late Delivery,1141.71
307584,9139389,2025-11-02,Damaged,2016.97
307585,9139392,2025-06-23,Wrong Item,630.95
307586,9139415,2024-06-29,Quality Issue,1193.48
307587,9139420,2024-04-06,Changed Mind,919.79
307588,9139432,2024-01-26,Changed Mind,6952.18
307589,9139434,2025-03-03,Wrong Item,229.62
307590,9139438,2024-06-04,Damaged,2042.67
307591,9139445,2025-08-17,Quality Issue,1752.83
307592,9139447,2024-12-13,Quality Issue,429.24
307593,9139469,2025-07-26,Late Delivery,704.22
307594,9139471,2024-07-30,Changed Mind,629.33
307595,9139478,2025-03-27,Quality Issue,2163.47
307596,9139485,2025-10-08,Damaged,1401.86
307597,9139491,2025-10-13,Late Delivery,2313.59
307598,9139507,2024-05-20,Late Delivery,352.28
307599,9139532,2025-12-07,Damaged,11166.36
307600,9139547,2024-09-19,Wrong Item,424.2
307601,9139560,2025-04-15,Damaged,1633.86
307602,9139567,2024-02-03,Late Delivery,2145.09
307603,9139602,2024-08-04,Quality Issue,4888.32
307604,9139608,2025-06-06,Quality Issue,544.87
307605,9139627,2024-07-17,Late Delivery,409.53
307606,9139635,2024-10-25,Wrong Item,2195.93
307607,9139647,2024-05-22,Changed Mind,816.93
307608,9139660,2024-12-29,Quality Issue,2836.07
307609,9139676,2024-08-30,Damaged,4050.74
307610,9139685,2026-01-01,Damaged,380.35
307611,9139693,2024-07-30,Changed Mind,9376.04
307612,9139695,2024-03-20,Wrong Item,26920.75
307613,9139705,2024-03-16,Quality Issue,32979.02
307614,9139708,2025-11-23,Quality Issue,753.82
307615,9139714,2025-03-24,Changed Mind,10639.8
307616,9139719,2024-09-29,Wrong Item,1966.07
307617,9139744,2025-06-15,Damaged,2178.62
307618,9139769,2025-12-03,Damaged,1840.74
307619,9139785,2024-04-11,Damaged,966.78
307620,9139850,2024-08-13,Quality Issue,1110.37
307621,9139854,2025-08-04,Wrong Item,1317.47
307622,9139861,2025-12-29,Late Delivery,5583.18
307623,9139889,2024-11-29,Wrong Item,37045.88
307624,9139969,2025-08-09,Damaged,2110.42
307625,9139974,2024-05-02,Wrong Item,3137.57
307626,9140029,2024-07-10,Quality Issue,886.59
307627,9140041,2024-12-19,Changed Mind,3065.95
307628,9140060,2024-07-09,Changed Mind,782.7
307629,9140063,2025-06-25,Late Delivery,4185.06
307630,9140064,2024-07-17,Wrong Item,548.98
307631,9140078,2025-07-06,Changed Mind,2517.67
307632,9140110,2025-08-26,Wrong Item,1104.72
307633,9140119,2024-06-25,Changed Mind,1514.29
307634,9140132,2024-10-26,Damaged,4151.04
307635,9140166,2024-12-12,Quality Issue,1446.81
307636,9140171,2025-09-13,Quality Issue,1603.39
307637,9140172,2024-07-15,Damaged,1094.76
307638,9140201,2025-05-13,Late Delivery,1930.88
307639,9140206,2025-04-06,Late Delivery,8199.52
307640,9140224,2024-06-05,Wrong Item,1407.18
307641,9140229,2024-07-22,Wrong Item,2633.18
307642,9140289,2025-12-07,Quality Issue,4026.11
307643,9140308,2025-11-11,Wrong Item,1322.08
307644,9140364,2024-08-15,Wrong Item,1602.44
307645,9140374,2024-05-11,Quality Issue,1059.83
307646,9140401,2026-01-10,Wrong Item,4592.4
307647,9140405,2024-08-20,Quality Issue,97548.77
307648,9140416,2025-11-13,Late Delivery,3079.4
307649,9140441,2025-12-14,Changed Mind,2172.59
307650,9140454,2025-02-12,Damaged,2807.72
307651,9140467,2024-09-07,Quality Issue,3848.13
307652,9140503,2025-10-22,Changed Mind,1199.68
307653,9140514,2024-12-31,Quality Issue,830.65
307654,9140527,2024-01-22,Damaged,481.6
307655,9140575,2025-10-29,Wrong Item,10802.06
307656,9140595,2024-02-19,Quality Issue,2829.74
307657,9140621,2024-04-13,Damaged,1839.89
307658,9140633,2025-01-28,Late Delivery,652.23
307659,9140643,2024-07-13,Damaged,1090.89
307660,9140645,2025-10-31,Quality Issue,531.71
307661,9140648,2025-04-19,Changed Mind,40478.14
307662,9140674,2024-05-11,Quality Issue,3565.08
307663,9140704,2024-06-05,Quality Issue,2739.61
307664,9140747,2024-06-22,Damaged,7993.16
307665,9140782,2024-11-05,Wrong Item,1632.6
307666,9140809,2025-12-23,Changed Mind,944.29
307667,9140873,2024-09-21,Damaged,463.09
307668,9140891,2025-05-12,Wrong Item,7252.7
307669,9140917,2025-07-12,Late Delivery,1102.27
307670,9140983,2024-08-31,Wrong Item,1454.0
307671,9141122,2024-02-06,Quality Issue,1513.26
307672,9141148,2025-08-28,Quality Issue,13433.15
307673,9141166,2025-03-30,Changed Mind,4057.74
307674,9141203,2024-03-12,Damaged,720.46
307675,9141232,2024-04-05,Changed Mind,1151.52
307676,9141237,2024-06-19,Wrong Item,25106.7
307677,9141240,2024-03-21,Damaged,2743.93
307678,9141251,2025-08-07,Wrong Item,35165.79
307679,9141351,2024-03-04,Late Delivery,13239.35
307680,9141412,2025-12-22,Quality Issue,1774.24
307681,9141415,2025-06-29,Quality Issue,19149.18
307682,9141422,2025-03-24,Quality Issue,1037.2
307683,9141425,2025-06-21,Changed Mind,1197.18
307684,9141438,2026-01-06,Changed Mind,5126.44
307685,9141478,2025-09-28,Wrong Item,293.18
307686,9141479,2025-01-29,Changed Mind,622.71
307687,9141485,2025-10-26,Changed Mind,1875.42
307688,9141499,2025-02-03,Late Delivery,867.43
307689,9141507,2025-03-02,Late Delivery,3950.76
307690,9141509,2025-11-30,Damaged,16208.91
307691,9141530,2024-03-23,Late Delivery,3166.12
307692,9141535,2024-01-17,Quality Issue,1009.61
307693,9141542,2025-12-27,Late Delivery,1551.14
307694,9141558,2025-01-13,Late Delivery,872.53
307695,9141559,2024-11-04,Changed Mind,1079.76
307696,9141576,2024-05-26,Quality Issue,1021.64
307697,9141591,2024-02-17,Changed Mind,2320.59
307698,9141619,2024-11-11,Damaged,1172.22
307699,9141648,2024-05-02,Changed Mind,39538.11
307700,9141661,2025-07-04,Quality Issue,1486.37
307701,9141681,2024-10-05,Changed Mind,4299.07
307702,9141686,2024-11-04,Quality Issue,500.53
307703,9141687,2025-10-30,Damaged,1148.31
307704,9141710,2025-07-27,Late Delivery,4053.5
307705,9141715,2024-09-21,Damaged,8165.45
307706,9141730,2025-10-30,Damaged,671.39
307707,9141737,2025-07-06,Late Delivery,31712.98
307708,9141739,2024-02-26,Late Delivery,4611.25
307709,9141765,2025-06-10,Changed Mind,949.27
307710,9141792,2024-07-07,Late Delivery,500.19
307711,9141824,2024-08-23,Damaged,578.03
307712,9141853,2025-04-17,Wrong Item,2981.91
307713,9141872,2024-05-29,Damaged,2904.62
307714,9141881,2025-06-29,Changed Mind,591.61
307715,9141908,2025-06-17,Quality Issue,2088.76
307716,9141933,2024-05-24,Changed Mind,2326.44
307717,9141950,2025-03-17,Wrong Item,603.73
307718,9141956,2024-03-05,Changed Mind,16406.86
307719,9141967,2024-09-20,Wrong Item,2473.18
307720,9141992,2024-11-06,Quality Issue,529.56
307721,9141996,2024-09-18,Changed Mind,878.08
307722,9142069,2025-06-05,Changed Mind,631.41
307723,9142080,2024-01-24,Quality Issue,1629.1
307724,9142108,2024-09-07,Late Delivery,19034.31
307725,9142113,2025-08-26,Late Delivery,38925.78
307726,9142124,2025-01-26,Damaged,652.69
307727,9142166,2025-04-04,Quality Issue,246.0
307728,9142170,2024-03-28,Changed Mind,6874.58
307729,9142183,2024-02-16,Wrong Item,344.92
307730,9142190,2025-05-14,Wrong Item,6616.0
307731,9142194,2024-05-18,Wrong Item,1081.78
307732,9142214,2025-09-05,Late Delivery,3524.74
307733,9142232,2025-03-11,Changed Mind,4065.66
307734,9142234,2025-11-08,Damaged,5193.13
307735,9142264,2025-10-02,Quality Issue,10126.94
307736,9142269,2024-09-19,Wrong Item,1952.82
307737,9142346,2025-11-20,Late Delivery,849.86
307738,9142352,2025-09-08,Damaged,1241.0
307739,9142362,2025-04-14,Damaged,5778.08
307740,9142377,2025-01-17,Wrong Item,25024.43
307741,9142489,2025-02-01,Changed Mind,3438.67
307742,9142495,2024-12-14,Damaged,809.06
307743,9142525,2024-11-13,Damaged,12152.32
307744,9142527,2025-04-27,Quality Issue,14623.37
307745,9142531,2024-08-04,Damaged,28987.64
307746,9142548,2025-02-05,Quality Issue,1336.59
307747,9142572,2025-02-12,Changed Mind,1409.39
307748,9142598,2024-04-27,Wrong Item,4185.06
307749,9142620,2025-08-16,Wrong Item,3266.78
307750,9142646,2024-07-04,Wrong Item,792.0
307751,9142674,2025-03-26,Wrong Item,1194.9
307752,9142688,2025-07-04,Changed Mind,447.58
307753,9142697,2025-08-17,Late Delivery,1443.22
307754,9142703,2024-11-20,Quality Issue,1333.1
307755,9142704,2024-06-22,Changed Mind,408.98
307756,9142729,2024-07-03,Changed Mind,2137.73
307757,9142760,2024-10-12,Damaged,5932.06
307758,9142765,2024-05-06,Changed Mind,4439.62
307759,9142799,2025-12-12,Late Delivery,3983.0
307760,9142804,2025-04-01,Damaged,984.4
307761,9142805,2025-06-22,Changed Mind,13579.71
307762,9142815,2024-07-28,Wrong Item,677.34
307763,9142817,2025-09-18,Wrong Item,1214.06
307764,9142830,2025-12-28,Damaged,1730.29
307765,9142838,2024-06-10,Changed Mind,861.23
307766,9142844,2024-11-30,Changed Mind,1174.33
307767,9142862,2024-06-26,Wrong Item,562.38
307768,9142871,2025-02-01,Damaged,1102.27
307769,9142874,2024-05-17,Changed Mind,3226.8
307770,9142885,2024-08-22,Damaged,1245.64
307771,9142898,2025-12-27,Late Delivery,727.52
307772,9142918,2026-01-06,Quality Issue,910.5
307773,9142960,2024-01-16,Wrong Item,424.06
307774,9142981,2025-07-14,Late Delivery,1386.62
307775,9142996,2024-07-09,Late Delivery,1827.1
307776,9143014,2024-03-17,Wrong Item,3682.69
307777,9143029,2025-09-29,Changed Mind,800.37
307778,9143058,2024-12-15,Late Delivery,2398.72
307779,9143066,2024-01-05,Damaged,3163.28
307780,9143069,2025-06-30,Changed Mind,851.72
307781,9143091,2025-06-26,Changed Mind,383.72
307782,9143136,2025-06-05,Damaged,418.01
307783,9143158,2025-11-02,Quality Issue,3404.41
307784,9143202,2024-05-21,Damaged,385.12
307785,9143212,2025-03-23,Quality Issue,605.32
307786,9143219,2024-05-17,Damaged,2502.36
307787,9143225,2025-05-15,Changed Mind,20521.17
307788,9143228,2025-03-20,Quality Issue,5534.46
307789,9143247,2024-02-12,Late Delivery,1897.7
307790,9143278,2024-12-02,Quality Issue,514.52
307791,9143319,2025-09-13,Quality Issue,3062.04
307792,9143332,2024-12-18,Changed Mind,1103.12
307793,9143361,2025-09-27,Quality Issue,2088.99
307794,9143391,2025-08-15,Wrong Item,2019.21
307795,9143400,2024-05-05,Quality Issue,18215.16
307796,9143416,2024-04-23,Changed Mind,1033.01
307797,9143430,2025-05-20,Quality Issue,634.64
307798,9143435,2024-04-27,Quality Issue,1187.63
307799,9143443,2025-02-27,Quality Issue,1855.18
307800,9143449,2024-10-26,Changed Mind,3057.5
307801,9143459,2025-12-18,Wrong Item,20346.21
307802,9143466,2025-01-13,Changed Mind,428.76
307803,9143484,2024-08-15,Damaged,35246.74
307804,9143550,2025-03-27,Changed Mind,953.96
307805,9143551,2025-12-30,Wrong Item,1030.2
307806,9143571,2024-05-31,Wrong Item,8140.44
307807,9143588,2024-04-13,Damaged,18786.88
307808,9143593,2025-05-18,Wrong Item,624.86
307809,9143614,2024-05-14,Late Delivery,1794.73
307810,9143632,2025-07-02,Wrong Item,2736.92
307811,9143654,2025-06-24,Late Delivery,1649.38
307812,9143658,2025-08-06,Changed Mind,5217.24
307813,9143659,2024-12-17,Late Delivery,673.85
307814,9143670,2025-01-09,Changed Mind,1159.33
307815,9143676,2024-10-16,Late Delivery,1449.36
307816,9143722,2025-06-16,Wrong Item,267.16
307817,9143729,2025-02-22,Wrong Item,1762.77
307818,9143743,2025-12-14,Late Delivery,1154.5
307819,9143747,2024-12-13,Damaged,2435.08
307820,9143766,2025-04-16,Damaged,1420.75
307821,9143797,2024-01-21,Late Delivery,8295.29
307822,9143799,2025-03-17,Wrong Item,1086.71
307823,9143819,2024-10-31,Late Delivery,20236.78
307824,9143835,2024-08-01,Damaged,3272.78
307825,9143866,2025-02-13,Wrong Item,2718.56
307826,9143874,2025-01-11,Late Delivery,1519.1
307827,9143891,2024-08-09,Damaged,20809.53
307828,9143924,2025-07-11,Changed Mind,1441.7
307829,9143963,2024-12-24,Quality Issue,2028.63
307830,9143966,2025-03-24,Damaged,757.01
307831,9143993,2024-03-04,Quality Issue,1224.72
307832,9143994,2024-11-20,Changed Mind,1059.08
307833,9144008,2025-01-01,Damaged,1863.63
307834,9144025,2024-06-01,Changed Mind,4321.44
307835,9144046,2024-08-27,Quality Issue,33949.28
307836,9144111,2024-05-24,Damaged,4477.72
307837,9144172,2025-04-30,Changed Mind,2938.81
307838,9144206,2025-11-20,Late Delivery,322.22
307839,9144278,2024-01-06,Damaged,1244.52
307840,9144294,2025-08-13,Quality Issue,2022.3
307841,9144336,2025-02-01,Late Delivery,43285.33
307842,9144340,2025-12-24,Changed Mind,999.25
307843,9144361,2024-02-08,Quality Issue,1542.32
307844,9144378,2024-03-13,Wrong Item,13741.05
307845,9144379,2025-04-17,Late Delivery,10479.1
307846,9144394,2024-08-05,Wrong Item,3112.5
307847,9144400,2024-03-27,Wrong Item,17398.02
307848,9144429,2024-05-26,Damaged,2787.05
307849,9144444,2025-07-18,Late Delivery,2238.48
307850,9144468,2024-12-02,Quality Issue,17198.17
307851,9144517,2025-07-17,Changed Mind,1348.58
307852,9144518,2024-01-20,Changed Mind,1042.16
307853,9144524,2024-08-06,Late Delivery,871.44
307854,9144545,2025-07-19,Damaged,3621.8
307855,9144564,2025-01-16,Late Delivery,6127.8
307856,9144627,2024-10-07,Quality Issue,473.79
307857,9144675,2024-09-03,Quality Issue,1717.3
307858,9144695,2024-03-05,Late Delivery,6543.95
307859,9144703,2024-08-24,Wrong Item,4753.93
307860,9144706,2025-10-26,Late Delivery,18857.32
307861,9144708,2025-01-17,Changed Mind,578.75
307862,9144724,2024-01-31,Changed Mind,2296.95
307863,9144765,2024-05-29,Damaged,404.1
307864,9144769,2024-07-29,Wrong Item,1370.02
307865,9144776,2025-05-02,Damaged,2094.39
307866,9144779,2024-06-03,Late Delivery,4167.68
307867,9144780,2025-07-12,Changed Mind,428.98
307868,9144800,2025-01-12,Changed Mind,1550.24
307869,9144805,2024-09-03,Quality Issue,3600.33
307870,9144809,2026-01-02,Changed Mind,1984.02
307871,9144813,2025-01-06,Quality Issue,2859.32
307872,9144822,2025-10-03,Changed Mind,1891.52
307873,9144873,2024-05-13,Late Delivery,1469.15
307874,9144874,2024-08-22,Damaged,1667.82
307875,9144914,2025-05-14,Changed Mind,578.68
307876,9144916,2025-01-05,Quality Issue,1056.33
307877,9144921,2024-06-10,Quality Issue,1723.95
307878,9144978,2025-07-29,Wrong Item,3266.74
307879,9145008,2025-12-31,Damaged,3813.55
307880,9145020,2024-08-14,Damaged,4492.36
307881,9145044,2025-06-02,Late Delivery,2209.19
307882,9145046,2024-05-11,Wrong Item,543.36
307883,9145098,2025-07-14,Changed Mind,2597.04
307884,9145099,2025-11-04,Wrong Item,14968.7
307885,9145108,2024-10-02,Damaged,4221.51
307886,9145152,2024-06-01,Late Delivery,1442.91
307887,9145160,2024-10-07,Wrong Item,3069.1
307888,9145163,2024-07-14,Changed Mind,3707.64
307889,9145166,2025-06-27,Quality Issue,351.4
307890,9145191,2024-11-18,Late Delivery,8790.0
307891,9145210,2024-08-12,Changed Mind,1071.29
307892,9145241,2024-11-09,Wrong Item,241.7
307893,9145267,2025-12-29,Changed Mind,656.66
307894,9145269,2025-05-12,Changed Mind,13551.54
307895,9145272,2025-12-22,Quality Issue,15773.76
307896,9145295,2024-01-22,Late Delivery,541.71
307897,9145317,2024-12-12,Quality Issue,3076.06
307898,9145322,2024-07-19,Changed Mind,114.81
307899,9145326,2025-09-16,Changed Mind,869.06
307900,9145329,2024-02-11,Wrong Item,17918.6
307901,9145330,2024-12-03,Late Delivery,1784.33
307902,9145338,2024-02-11,Late Delivery,2166.71
307903,9145354,2025-07-24,Late Delivery,2811.84
307904,9145378,2025-07-28,Late Delivery,1060.77
307905,9145394,2025-05-21,Damaged,6629.69
307906,9145405,2024-04-10,Changed Mind,1041.98
307907,9145406,2024-06-19,Wrong Item,2052.68
307908,9145407,2025-01-24,Late Delivery,1151.17
307909,9145427,2025-03-21,Quality Issue,1533.93
307910,9145429,2024-03-24,Wrong Item,372.83
307911,9145470,2025-05-29,Changed Mind,3099.03
307912,9145491,2025-03-19,Changed Mind,569.17
307913,9145527,2025-02-02,Wrong Item,3332.72
307914,9145529,2024-06-03,Changed Mind,453.98
307915,9145541,2024-12-24,Wrong Item,2911.71
307916,9145547,2025-04-30,Quality Issue,1209.35
307917,9145555,2024-02-03,Quality Issue,772.67
307918,9145616,2025-06-28,Late Delivery,1052.49
307919,9145622,2024-09-07,Changed Mind,37304.36
307920,9145626,2024-09-27,Late Delivery,657.75
307921,9145643,2024-08-14,Quality Issue,7085.07
307922,9145649,2025-01-18,Damaged,641.12
307923,9145668,2025-11-26,Wrong Item,2811.07
307924,9145681,2024-12-12,Late Delivery,742.16
307925,9145739,2025-07-02,Wrong Item,2241.58
307926,9145804,2024-08-19,Quality Issue,2209.45
307927,9145808,2024-05-16,Changed Mind,1257.49
307928,9145820,2025-06-10,Damaged,22645.03
307929,9145830,2025-02-28,Wrong Item,3679.43
307930,9145851,2024-12-01,Changed Mind,14159.04
307931,9145855,2025-06-01,Damaged,3174.1
307932,9145856,2024-07-12,Wrong Item,4753.64
307933,9145907,2025-10-18,Quality Issue,13221.01
307934,9145919,2025-03-12,Quality Issue,2051.25
307935,9145921,2025-04-01,Wrong Item,3219.93
307936,9145925,2025-06-29,Changed Mind,5212.12
307937,9145933,2024-10-11,Wrong Item,1879.88
307938,9145938,2025-09-20,Late Delivery,3378.01
307939,9145939,2025-12-09,Changed Mind,1147.75
307940,9145981,2025-12-14,Changed Mind,1324.17
307941,9145991,2024-07-28,Wrong Item,9167.68
307942,9146011,2025-11-01,Quality Issue,1209.35
307943,9146046,2024-03-31,Damaged,34585.54
307944,9146048,2025-01-21,Changed Mind,1791.85
307945,9146065,2024-05-25,Changed Mind,462.18
307946,9146108,2024-04-10,Quality Issue,3137.24
307947,9146168,2025-12-17,Quality Issue,2731.25
307948,9146169,2025-01-06,Wrong Item,10428.64
307949,9146225,2025-08-13,Quality Issue,2101.48
307950,9146255,2025-05-16,Quality Issue,1440.92
307951,9146258,2025-06-17,Late Delivery,3613.76
307952,9146299,2025-11-09,Damaged,41017.16
307953,9146322,2024-03-26,Wrong Item,717.87
307954,9146336,2025-06-21,Wrong Item,1863.63
307955,9146353,2024-01-15,Quality Issue,1647.39
307956,9146357,2024-08-23,Damaged,606.63
307957,9146368,2025-03-26,Late Delivery,463.18
307958,9146370,2024-10-01,Quality Issue,1866.54
307959,9146407,2025-06-25,Changed Mind,544.05
307960,9146413,2025-04-10,Late Delivery,1216.15
307961,9146455,2025-10-14,Changed Mind,2128.58
307962,9146468,2024-02-17,Changed Mind,13147.96
307963,9146471,2024-07-31,Damaged,2063.1
307964,9146472,2024-09-23,Changed Mind,97.33
307965,9146475,2024-11-08,Damaged,1803.76
307966,9146527,2025-03-15,Damaged,2930.92
307967,9146530,2025-10-01,Wrong Item,71510.61
307968,9146532,2025-01-09,Wrong Item,7467.97
307969,9146535,2024-01-28,Changed Mind,330.3
307970,9146539,2024-01-15,Quality Issue,870.6
307971,9146540,2024-12-10,Late Delivery,17629.49
307972,9146545,2025-04-03,Quality Issue,1687.71
307973,9146630,2024-07-25,Changed Mind,40895.56
307974,9146635,2024-07-11,Wrong Item,700.46
307975,9146636,2025-05-02,Changed Mind,9798.58
307976,9146665,2024-08-02,Wrong Item,749.06
307977,9146666,2024-05-14,Damaged,16208.91
307978,9146705,2025-04-07,Damaged,3070.75
307979,9146719,2025-09-01,Damaged,23092.08
307980,9146730,2025-02-18,Damaged,35376.2
307981,9146760,2024-05-25,Changed Mind,6163.28
307982,9146763,2025-06-26,Damaged,4065.84
307983,9146768,2024-07-09,Changed Mind,14756.28
307984,9146776,2025-02-15,Changed Mind,2728.36
307985,9146791,2025-08-10,Damaged,8388.78
307986,9146832,2024-11-12,Damaged,1190.64
307987,9146838,2024-02-28,Late Delivery,1935.55
307988,9146857,2025-07-02,Wrong Item,6394.53
307989,9146863,2025-04-30,Late Delivery,2907.13
307990,9146892,2025-11-26,Changed Mind,977.74
307991,9146894,2025-04-09,Changed Mind,1803.76
307992,9146904,2024-10-06,Wrong Item,2275.2
307993,9146921,2024-12-29,Late Delivery,2134.31
307994,9146929,2025-06-02,Changed Mind,315.2
307995,9146944,2025-10-02,Changed Mind,1891.34
307996,9146986,2025-06-01,Quality Issue,1739.18
307997,9146987,2024-11-19,Wrong Item,734.76
307998,9147001,2025-07-02,Damaged,7052.55
307999,9147007,2024-02-03,Changed Mind,3434.59
308000,9147019,2025-07-04,Quality Issue,368.72
308001,9147038,2024-01-19,Late Delivery,4696.48
308002,9147057,2024-05-10,Wrong Item,5070.66
308003,9147083,2025-02-27,Changed Mind,301.83
308004,9147094,2025-08-22,Late Delivery,689.13
308005,9147099,2024-06-11,Changed Mind,188.1
308006,9147134,2024-07-07,Wrong Item,1043.35
308007,9147147,2025-04-11,Wrong Item,3028.47
308008,9147157,2025-07-08,Changed Mind,1740.3
308009,9147167,2024-07-28,Quality Issue,855.48
308010,9147188,2025-05-23,Damaged,474.07
308011,9147194,2024-10-15,Quality Issue,420.14
308012,9147198,2025-05-08,Damaged,617.92
308013,9147200,2025-10-21,Changed Mind,4943.66
308014,9147216,2025-11-09,Wrong Item,3119.01
308015,9147300,2024-11-29,Changed Mind,1643.19
308016,9147312,2024-05-22,Wrong Item,1563.82
308017,9147328,2024-06-09,Quality Issue,2335.29
308018,9147341,2024-02-05,Changed Mind,805.31
308019,9147356,2025-11-08,Quality Issue,792.38
308020,9147361,2024-01-14,Changed Mind,969.72
308021,9147371,2025-02-16,Late Delivery,6003.97
308022,9147381,2025-06-21,Wrong Item,1317.5
308023,9147386,2024-07-31,Wrong Item,918.44
308024,9147387,2025-03-24,Changed Mind,4708.56
308025,9147407,2024-09-29,Changed Mind,314.1
308026,9147441,2024-09-13,Wrong Item,628.54
308027,9147466,2024-05-22,Wrong Item,724.15
308028,9147468,2025-10-16,Quality Issue,338.58
308029,9147488,2024-03-18,Damaged,522.86
308030,9147516,2025-07-01,Quality Issue,25721.1
308031,9147521,2024-12-25,Changed Mind,2682.59
308032,9147532,2025-12-22,Late Delivery,3759.77
308033,9147540,2024-06-22,Wrong Item,1886.13
308034,9147546,2025-09-28,Damaged,2381.59
308035,9147552,2024-05-18,Quality Issue,2059.57
308036,9147557,2025-01-20,Quality Issue,766.75
308037,9147574,2025-05-03,Quality Issue,1832.3
308038,9147577,2024-09-27,Late Delivery,13525.8
308039,9147591,2024-12-08,Damaged,766.48
308040,9147610,2025-12-30,Damaged,3810.95
308041,9147616,2024-06-21,Damaged,4219.14
308042,9147631,2024-06-25,Damaged,22223.22
308043,9147634,2025-07-12,Late Delivery,15287.5
308044,9147653,2025-08-05,Late Delivery,830.32
308045,9147695,2024-08-11,Changed Mind,2118.16
308046,9147701,2024-12-25,Quality Issue,403.04
308047,9147706,2024-07-18,Damaged,2870.11
308048,9147713,2025-04-16,Late Delivery,1243.58
308049,9147731,2025-07-23,Wrong Item,599.04
308050,9147746,2026-01-05,Damaged,1376.41
308051,9147758,2025-04-24,Wrong Item,290.11
308052,9147763,2025-09-04,Wrong Item,4350.51
308053,9147769,2025-01-06,Quality Issue,645.69
308054,9147783,2025-08-15,Late Delivery,1683.68
308055,9147812,2025-10-03,Quality Issue,1805.66
308056,9147850,2024-07-15,Late Delivery,1092.6
308057,9147864,2025-01-27,Late Delivery,802.96
308058,9147868,2025-09-10,Quality Issue,2895.87
308059,9147890,2025-02-03,Late Delivery,639.79
308060,9147896,2024-05-13,Late Delivery,333.18
308061,9147918,2025-09-23,Damaged,3726.28
308062,9147929,2024-07-06,Damaged,1295.81
308063,9147941,2025-08-07,Late Delivery,1004.97
308064,9147961,2025-11-01,Wrong Item,545.35
308065,9147965,2024-07-28,Wrong Item,2485.99
308066,9147968,2025-07-27,Changed Mind,989.02
308067,9147973,2025-12-13,Changed Mind,928.71
308068,9147974,2025-06-08,Changed Mind,651.78
308069,9147975,2024-08-14,Wrong Item,648.17
308070,9148002,2024-09-02,Damaged,3456.82
308071,9148012,2025-07-25,Late Delivery,1074.19
308072,9148021,2025-04-19,Quality Issue,50104.87
308073,9148032,2024-08-02,Late Delivery,6348.2
308074,9148035,2024-04-20,Late Delivery,2538.75
308075,9148045,2025-02-02,Late Delivery,41835.38
308076,9148073,2024-04-17,Late Delivery,18489.75
308077,9148090,2025-08-01,Changed Mind,1375.99
308078,9148097,2024-06-08,Damaged,1211.15
308079,9148099,2024-06-08,Wrong Item,11241.63
308080,9148154,2025-07-31,Quality Issue,357.71
308081,9148174,2024-04-04,Damaged,3653.64
308082,9148194,2025-07-03,Damaged,424.8
308083,9148245,2025-04-06,Changed Mind,3424.36
308084,9148251,2024-09-22,Damaged,6697.89
308085,9148274,2024-04-26,Wrong Item,2488.61
308086,9148278,2024-07-05,Quality Issue,4446.0
308087,9148298,2024-02-05,Damaged,257.83
308088,9148352,2025-03-30,Wrong Item,2159.75
308089,9148361,2025-05-10,Late Delivery,3551.47
308090,9148407,2024-05-27,Damaged,57327.24
308091,9148408,2025-12-15,Quality Issue,538.43
308092,9148411,2024-09-17,Changed Mind,3230.15
308093,9148425,2025-02-16,Damaged,1402.99
308094,9148435,2024-10-09,Damaged,858.52
308095,9148436,2024-06-11,Changed Mind,392.78
308096,9148439,2024-04-12,Damaged,40440.69
308097,9148446,2024-08-23,Late Delivery,1120.95
308098,9148454,2025-03-26,Late Delivery,485.86
308099,9148476,2024-07-27,Wrong Item,20420.11
308100,9148492,2025-07-14,Changed Mind,22288.91
308101,9148531,2025-01-03,Wrong Item,1600.43
308102,9148536,2024-02-20,Changed Mind,848.5
308103,9148571,2024-09-01,Damaged,1201.93
308104,9148580,2025-08-10,Changed Mind,999.47
308105,9148589,2025-08-31,Changed Mind,380.35
308106,9148631,2025-03-25,Wrong Item,2313.51
308107,9148632,2025-11-20,Late Delivery,1227.14
308108,9148641,2025-12-17,Changed Mind,2246.64
308109,9148642,2025-02-20,Wrong Item,2428.52
308110,9148662,2024-08-18,Changed Mind,646.35
308111,9148663,2024-01-15,Damaged,411.66
308112,9148674,2025-09-08,Changed Mind,380.44
308113,9148696,2025-06-29,Changed Mind,250.37
308114,9148728,2024-11-07,Wrong Item,2199.74
308115,9148749,2024-11-28,Quality Issue,38421.5
308116,9148752,2024-03-02,Wrong Item,1620.42
308117,9148760,2024-05-13,Changed Mind,298.36
308118,9148786,2025-05-05,Quality Issue,447.16
308119,9148820,2025-12-27,Changed Mind,6460.3
308120,9148854,2025-04-11,Damaged,842.18
308121,9148864,2024-03-14,Quality Issue,2300.32
308122,9148883,2025-09-27,Quality Issue,331.74
308123,9148887,2025-10-22,Changed Mind,2091.85
308124,9148940,2025-02-21,Changed Mind,539.59
308125,9148945,2024-09-13,Wrong Item,2784.92
308126,9148950,2024-01-20,Damaged,1165.54
308127,9148961,2025-07-19,Wrong Item,702.05
308128,9148978,2024-04-08,Quality Issue,4479.63
308129,9148990,2024-12-23,Late Delivery,2101.76
308130,9149018,2024-11-17,Late Delivery,1445.62
308131,9149036,2025-08-29,Quality Issue,5497.82
308132,9149040,2024-03-24,Late Delivery,383.54
308133,9149053,2025-09-30,Damaged,1489.59
308134,9149059,2024-06-17,Late Delivery,11620.94
308135,9149077,2025-04-14,Wrong Item,14609.61
308136,9149084,2024-10-29,Damaged,16908.19
308137,9149102,2025-02-07,Quality Issue,973.39
308138,9149115,2025-07-26,Quality Issue,1105.98
308139,9149141,2025-06-26,Damaged,5546.35
308140,9149144,2025-07-19,Wrong Item,1489.15
308141,9149152,2025-08-19,Damaged,1713.69
308142,9149173,2025-05-08,Changed Mind,636.41
308143,9149198,2025-03-31,Quality Issue,5945.04
308144,9149230,2024-04-25,Quality Issue,344.46
308145,9149264,2024-11-28,Late Delivery,2037.42
308146,9149285,2025-10-03,Late Delivery,1261.03
308147,9149287,2024-09-22,Changed Mind,2901.99
308148,9149307,2025-01-21,Quality Issue,13207.74
308149,9149308,2025-11-14,Changed Mind,3309.09
308150,9149319,2025-08-23,Damaged,816.34
308151,9149336,2024-11-11,Wrong Item,802.96
308152,9149363,2025-03-05,Late Delivery,655.78
308153,9149382,2024-10-29,Damaged,515.02
308154,9149389,2024-08-22,Wrong Item,5052.66
308155,9149392,2025-09-18,Changed Mind,2985.34
308156,9149401,2024-01-29,Damaged,973.57
308157,9149405,2024-09-08,Late Delivery,2871.25
308158,9149415,2025-05-01,Late Delivery,655.06
308159,9149444,2024-03-19,Quality Issue,2394.42
308160,9149467,2024-04-20,Quality Issue,13286.44
308161,9149477,2025-11-16,Late Delivery,3330.38
308162,9149483,2024-11-05,Wrong Item,31403.81
308163,9149484,2025-03-08,Late Delivery,13528.38
308164,9149489,2024-02-03,Wrong Item,682.08
308165,9149493,2024-07-04,Quality Issue,2184.32
308166,9149574,2025-03-16,Changed Mind,10833.56
308167,9149596,2025-05-27,Damaged,1515.16
308168,9149597,2024-11-06,Quality Issue,998.38
308169,9149609,2025-01-13,Late Delivery,7100.27
308170,9149624,2025-02-18,Wrong Item,540.08
308171,9149630,2025-02-22,Changed Mind,36979.49
308172,9149633,2024-12-26,Changed Mind,855.64
308173,9149645,2024-08-19,Wrong Item,2134.79
308174,9149658,2025-10-11,Damaged,2733.95
308175,9149671,2024-10-25,Damaged,1248.32
308176,9149686,2024-12-12,Late Delivery,370.82
308177,9149697,2025-01-17,Late Delivery,102542.9
308178,9149701,2024-05-28,Wrong Item,1286.27
308179,9149704,2024-05-09,Late Delivery,2841.72
308180,9149705,2025-11-12,Wrong Item,4277.72
308181,9149733,2024-01-18,Wrong Item,2273.42
308182,9149736,2025-03-24,Wrong Item,1018.86
308183,9149748,2025-02-13,Wrong Item,5396.25
308184,9149779,2025-01-17,Wrong Item,1374.94
308185,9149786,2024-12-05,Late Delivery,2246.18
308186,9149845,2025-08-23,Changed Mind,2829.2
308187,9149850,2024-03-04,Late Delivery,1440.75
308188,9149887,2025-10-08,Wrong Item,368.81
308189,9149894,2025-06-21,Quality Issue,11984.14
308190,9149943,2025-02-13,Damaged,1490.45
308191,9149948,2025-04-12,Wrong Item,1516.28
308192,9149974,2024-12-20,Quality Issue,1330.64
308193,9149983,2025-10-02,Late Delivery,53841.5
308194,9149990,2025-02-26,Quality Issue,3058.93
308195,9149999,2024-04-06,Damaged,2582.55
308196,9150007,2024-09-28,Quality Issue,633.74
308197,9150036,2025-06-10,Wrong Item,2552.24
308198,9150038,2024-12-29,Wrong Item,1125.12
308199,9150043,2025-12-10,Late Delivery,6468.14
308200,9150051,2025-03-21,Late Delivery,1367.86
308201,9150095,2024-02-25,Quality Issue,1666.38
308202,9150113,2024-04-23,Changed Mind,549.57
308203,9150118,2025-08-07,Changed Mind,919.31
308204,9150126,2024-05-15,Damaged,3450.55
308205,9150151,2024-05-10,Damaged,617.07
308206,9150159,2025-03-14,Late Delivery,13624.02
308207,9150165,2025-05-05,Damaged,3755.35
308208,9150167,2024-12-08,Quality Issue,2563.27
308209,9150168,2024-02-15,Late Delivery,1348.06
308210,9150188,2025-04-19,Changed Mind,3332.11
308211,9150190,2025-07-18,Quality Issue,2392.33
308212,9150217,2024-02-24,Damaged,1737.95
308213,9150255,2025-07-11,Wrong Item,2975.61
308214,9150273,2025-10-24,Changed Mind,1614.57
308215,9150298,2024-04-17,Quality Issue,158.2
308216,9150349,2025-10-07,Changed Mind,1999.56
308217,9150371,2025-10-23,Wrong Item,1465.91
308218,9150375,2024-07-31,Wrong Item,2495.46
308219,9150394,2024-04-19,Late Delivery,94.05
308220,9150400,2024-01-20,Damaged,1726.13
308221,9150428,2024-03-05,Wrong Item,3678.97
308222,9150450,2024-02-22,Damaged,2600.17
308223,9150455,2024-06-19,Quality Issue,8551.04
308224,9150484,2024-03-21,Changed Mind,1752.83
308225,9150491,2025-01-17,Damaged,5627.57
308226,9150494,2024-10-11,Wrong Item,968.7
308227,9150502,2026-01-10,Late Delivery,528.97
308228,9150506,2024-05-15,Damaged,803.02
308229,9150522,2025-05-26,Wrong Item,1164.31
308230,9150531,2025-10-08,Quality Issue,606.42
308231,9150543,2025-02-16,Changed Mind,1226.08
308232,9150552,2025-03-15,Quality Issue,2145.09
308233,9150565,2024-11-24,Quality Issue,758.29
308234,9150595,2024-10-25,Changed Mind,2030.74
308235,9150604,2025-03-19,Changed Mind,583.13
308236,9150618,2025-07-06,Changed Mind,3496.87
308237,9150647,2024-12-26,Wrong Item,25076.1
308238,9150670,2025-06-21,Changed Mind,1704.91
308239,9150725,2024-02-22,Late Delivery,198.0
308240,9150761,2024-05-05,Late Delivery,22406.7
308241,9150810,2025-12-18,Late Delivery,1922.27
308242,9150812,2024-08-29,Quality Issue,494.6
308243,9150815,2024-02-27,Damaged,96347.94
308244,9150819,2025-05-01,Damaged,1577.39
308245,9150821,2025-09-08,Damaged,4567.3
308246,9150856,2024-02-05,Changed Mind,168.3
308247,9150863,2025-11-11,Wrong Item,1011.85
308248,9150869,2024-06-03,Quality Issue,10404.49
308249,9150873,2025-09-02,Late Delivery,43764.06
308250,9150896,2024-08-25,Quality Issue,280.81
308251,9150951,2024-01-25,Damaged,1215.09
308252,9150976,2024-05-31,Changed Mind,3087.7
308253,9150994,2025-08-27,Late Delivery,4350.69
308254,9150996,2024-04-06,Changed Mind,3807.59
308255,9151017,2025-07-06,Quality Issue,761.46
308256,9151032,2025-11-30,Wrong Item,902.06
308257,9151055,2024-10-31,Late Delivery,82865.78
308258,9151086,2025-01-26,Quality Issue,1704.91
308259,9151099,2025-03-19,Changed Mind,1389.66
308260,9151123,2024-05-26,Quality Issue,661.6
308261,9151127,2025-10-04,Changed Mind,4997.27
308262,9151162,2026-01-02,Damaged,587.75
308263,9151167,2025-09-19,Changed Mind,8555.43
308264,9151182,2024-03-26,Late Delivery,1126.31
308265,9151210,2025-11-06,Changed Mind,1957.52
308266,9151216,2024-09-18,Changed Mind,5824.64
308267,9151217,2026-01-16,Changed Mind,4486.65
308268,9151219,2024-02-09,Wrong Item,501.67
308269,9151249,2024-10-27,Changed Mind,1257.52
308270,9151259,2025-07-20,Quality Issue,546.99
308271,9151261,2026-01-06,Quality Issue,8254.97
308272,9151302,2024-04-02,Changed Mind,640.13
308273,9151318,2025-12-23,Damaged,4416.79
308274,9151319,2025-08-29,Wrong Item,1580.12
308275,9151320,2024-12-14,Damaged,1003.23
308276,9151324,2025-03-31,Quality Issue,665.89
308277,9151329,2025-03-02,Changed Mind,9960.49
308278,9151335,2024-08-22,Damaged,3180.2
308279,9151339,2024-01-26,Damaged,4111.02
308280,9151420,2025-10-19,Changed Mind,3059.29
308281,9151421,2025-04-11,Damaged,1367.26
308282,9151448,2025-11-25,Changed Mind,674.67
308283,9151479,2025-10-05,Changed Mind,1556.74
308284,9151487,2025-07-04,Damaged,8410.77
308285,9151493,2024-11-27,Quality Issue,4988.67
308286,9151522,2025-08-09,Damaged,14053.69
308287,9151553,2025-04-19,Quality Issue,793.0
308288,9151565,2024-04-22,Quality Issue,2516.4
308289,9151579,2024-06-27,Changed Mind,49675.44
308290,9151586,2025-03-04,Quality Issue,41324.02
308291,9151597,2024-05-25,Quality Issue,321.11
308292,9151611,2025-07-25,Damaged,983.08
308293,9151618,2024-08-02,Late Delivery,338.15
308294,9151625,2024-08-22,Wrong Item,1059.62
308295,9151636,2024-01-15,Quality Issue,927.89
308296,9151682,2024-10-01,Wrong Item,1511.41
308297,9151700,2024-11-09,Wrong Item,3110.07
308298,9151716,2024-08-23,Late Delivery,226.29
308299,9151728,2024-12-15,Wrong Item,2963.26
308300,9151730,2025-08-09,Quality Issue,3111.14
308301,9151733,2024-10-08,Wrong Item,1053.79
308302,9151747,2024-01-25,Quality Issue,3107.39
308303,9151757,2025-12-15,Changed Mind,1365.82
308304,9151776,2024-07-13,Quality Issue,5347.62
308305,9151801,2024-12-27,Wrong Item,2393.31
308306,9151816,2024-03-07,Late Delivery,466.89
308307,9151825,2024-05-23,Wrong Item,2842.11
308308,9151826,2024-04-02,Changed Mind,4591.2
308309,9151830,2024-01-24,Changed Mind,1627.25
308310,9151862,2024-07-24,Wrong Item,3084.48
308311,9151863,2024-01-27,Damaged,624.33
308312,9151912,2025-02-21,Wrong Item,1954.54
308313,9151948,2024-04-26,Changed Mind,2853.98
308314,9151978,2024-02-06,Quality Issue,13224.92
308315,9151981,2024-05-22,Late Delivery,26378.09
308316,9151996,2025-05-04,Wrong Item,3451.01
308317,9152009,2025-12-24,Wrong Item,136.28
308318,9152011,2025-10-26,Late Delivery,4525.51
308319,9152038,2025-10-20,Late Delivery,1296.2
308320,9152053,2025-12-25,Quality Issue,2442.04
308321,9152074,2024-08-28,Wrong Item,1348.73
308322,9152096,2025-07-22,Late Delivery,1941.14
308323,9152114,2025-04-11,Damaged,735.83
308324,9152158,2025-08-08,Wrong Item,2542.28
308325,9152207,2025-11-28,Damaged,69836.61
308326,9152208,2025-09-12,Quality Issue,775.56
308327,9152211,2024-06-06,Changed Mind,3206.68
308328,9152246,2025-11-14,Damaged,2394.25
308329,9152249,2025-03-30,Late Delivery,44660.32
308330,9152253,2025-03-14,Damaged,2495.72
308331,9152271,2025-07-12,Quality Issue,5482.55
308332,9152303,2024-09-09,Damaged,2070.06
308333,9152336,2024-01-21,Quality Issue,446.78
308334,9152376,2024-03-25,Damaged,349.47
308335,9152388,2024-06-08,Quality Issue,7929.7
308336,9152397,2025-05-30,Damaged,46489.52
308337,9152446,2024-06-21,Damaged,3377.23
308338,9152460,2024-09-21,Changed Mind,11681.5
308339,9152470,2024-03-15,Changed Mind,999.06
308340,9152472,2025-08-20,Wrong Item,310.09
308341,9152500,2025-01-06,Changed Mind,2342.87
308342,9152501,2025-10-12,Changed Mind,3230.35
308343,9152506,2025-01-19,Wrong Item,869.43
308344,9152533,2025-04-26,Late Delivery,20220.35
308345,9152571,2025-10-15,Changed Mind,160.33
308346,9152574,2025-10-20,Damaged,1566.35
308347,9152601,2025-06-23,Quality Issue,81622.02
308348,9152669,2025-03-17,Quality Issue,1949.43
308349,9152687,2025-09-11,Changed Mind,52528.22
308350,9152698,2025-11-16,Quality Issue,8866.75
308351,9152709,2024-08-10,Quality Issue,1875.75
308352,9152713,2025-04-12,Quality Issue,2605.76
308353,9152718,2024-05-28,Changed Mind,1891.92
308354,9152746,2025-07-31,Quality Issue,655.42
308355,9152785,2024-08-15,Quality Issue,3317.27
308356,9152827,2026-01-07,Damaged,386.44
308357,9152850,2024-10-17,Damaged,28337.63
308358,9152887,2024-10-14,Changed Mind,673.35
308359,9152899,2025-05-03,Late Delivery,1884.38
308360,9152918,2025-06-04,Changed Mind,2566.05
308361,9152921,2025-02-26,Quality Issue,1314.55
308362,9152965,2024-06-01,Damaged,1384.47
308363,9153003,2025-12-07,Changed Mind,3140.92
308364,9153019,2024-05-15,Quality Issue,7708.24
308365,9153064,2024-12-31,Quality Issue,608.97
308366,9153083,2024-08-29,Quality Issue,1060.5
308367,9153097,2025-12-18,Damaged,309.23
308368,9153100,2025-05-16,Late Delivery,2842.11
308369,9153108,2024-08-28,Wrong Item,6337.85
308370,9153171,2026-01-10,Quality Issue,12690.47
308371,9153172,2024-06-15,Wrong Item,453.07
308372,9153185,2025-01-26,Changed Mind,903.44
308373,9153203,2024-02-21,Late Delivery,1710.26
308374,9153212,2024-06-16,Quality Issue,4784.66
308375,9153214,2024-11-12,Late Delivery,5126.44
308376,9153217,2025-07-04,Quality Issue,4949.16
308377,9153285,2024-08-31,Damaged,3054.78
308378,9153313,2025-10-12,Changed Mind,2090.31
308379,9153328,2024-09-11,Quality Issue,3430.41
308380,9153344,2024-06-11,Quality Issue,6852.6
308381,9153358,2025-09-28,Late Delivery,766.8
308382,9153381,2025-03-20,Wrong Item,20236.78
308383,9153398,2024-05-04,Wrong Item,1632.42
308384,9153413,2025-07-11,Damaged,815.82
308385,9153473,2024-07-14,Quality Issue,3946.2
308386,9153489,2024-07-13,Wrong Item,1060.71
308387,9153502,2025-10-29,Wrong Item,24166.83
308388,9153510,2024-07-10,Damaged,3087.68
308389,9153533,2025-06-18,Damaged,23680.71
308390,9153573,2024-12-26,Damaged,875.53
308391,9153581,2024-02-15,Changed Mind,645.69
308392,9153582,2025-08-18,Quality Issue,643.28
308393,9153589,2025-09-15,Changed Mind,1172.06
308394,9153613,2024-01-16,Late Delivery,1943.8
308395,9153618,2024-04-17,Changed Mind,605.76
308396,9153619,2024-02-03,Quality Issue,2657.32
308397,9153620,2025-05-16,Wrong Item,4130.4
308398,9153635,2025-11-22,Changed Mind,43204.58
308399,9153640,2025-05-03,Damaged,1171.73
308400,9153646,2025-04-12,Late Delivery,1262.67
308401,9153712,2025-04-25,Changed Mind,4796.19
308402,9153714,2025-10-17,Damaged,1628.79
308403,9153731,2025-11-13,Late Delivery,1412.55
308404,9153732,2024-07-29,Late Delivery,3471.3
308405,9153765,2024-09-05,Changed Mind,2302.47
308406,9153768,2025-04-26,Damaged,1103.19
308407,9153796,2025-05-01,Damaged,2052.22
308408,9153803,2025-08-20,Wrong Item,2530.66
308409,9153808,2025-03-12,Late Delivery,3207.57
308410,9153812,2025-09-28,Quality Issue,909.44
308411,9153820,2025-11-20,Damaged,1132.07
308412,9153823,2025-08-15,Changed Mind,5739.0
308413,9153828,2024-08-04,Wrong Item,1141.94
308414,9153831,2024-08-19,Wrong Item,7104.9
308415,9153841,2024-07-09,Changed Mind,1568.19
308416,9153878,2024-11-26,Wrong Item,834.74
308417,9153887,2024-11-18,Quality Issue,1313.57
308418,9153923,2025-03-25,Quality Issue,2689.61
308419,9153928,2024-12-06,Wrong Item,989.06
308420,9153939,2025-05-29,Late Delivery,496.17
308421,9153940,2026-01-04,Late Delivery,1846.13
308422,9153964,2025-03-16,Quality Issue,331.98
308423,9153968,2025-02-18,Damaged,44620.8
308424,9153974,2024-02-07,Changed Mind,2847.0
308425,9153979,2025-07-12,Wrong Item,585.96
308426,9153988,2025-11-16,Damaged,305.38
308427,9154033,2024-05-28,Quality Issue,1356.6
308428,9154035,2025-05-04,Late Delivery,19831.52
308429,9154053,2025-10-05,Late Delivery,1916.8
308430,9154058,2025-01-17,Quality Issue,3848.13
308431,9154061,2025-04-21,Wrong Item,543.02
308432,9154072,2025-12-15,Damaged,2076.13
308433,9154078,2025-12-26,Quality Issue,1580.22
308434,9154079,2025-12-29,Late Delivery,2111.69
308435,9154091,2024-04-05,Changed Mind,274.79
308436,9154092,2025-08-03,Damaged,11628.54
308437,9154102,2025-10-20,Damaged,36314.82
308438,9154103,2025-05-17,Late Delivery,1721.62
308439,9154108,2025-06-19,Damaged,884.63
308440,9154127,2024-03-09,Wrong Item,2385.55
308441,9154145,2025-10-31,Changed Mind,5069.86
308442,9154211,2025-04-16,Damaged,2744.92
308443,9154226,2025-12-25,Changed Mind,2083.95
308444,9154230,2025-01-15,Quality Issue,770.17
308445,9154299,2024-06-21,Late Delivery,849.77
308446,9154310,2024-08-08,Wrong Item,2736.92
308447,9154337,2024-11-18,Late Delivery,620.59
308448,9154366,2024-11-10,Changed Mind,10605.84
308449,9154411,2024-05-30,Quality Issue,3772.25
308450,9154428,2025-01-06,Damaged,1141.94
308451,9154445,2024-04-27,Wrong Item,7005.8
308452,9154460,2025-05-05,Late Delivery,2238.76
308453,9154473,2024-05-30,Changed Mind,21573.8
308454,9154500,2024-05-27,Late Delivery,54071.62
308455,9154512,2025-10-08,Changed Mind,6536.64
308456,9154513,2024-04-25,Changed Mind,3157.02
308457,9154534,2025-04-13,Late Delivery,2566.77
308458,9154538,2024-05-26,Wrong Item,1445.08
308459,9154545,2025-03-05,Damaged,640.46
308460,9154581,2025-02-05,Damaged,3241.08
308461,9154589,2024-04-04,Changed Mind,19269.89
308462,9154590,2025-05-25,Changed Mind,3375.45
308463,9154608,2024-05-17,Wrong Item,17432.29
308464,9154649,2025-08-14,Wrong Item,2976.9
308465,9154656,2025-08-23,Wrong Item,1743.21
308466,9154658,2024-09-21,Damaged,8371.68
308467,9154707,2025-12-23,Quality Issue,2386.14
308468,9154719,2025-08-05,Quality Issue,4599.34
308469,9154728,2024-07-04,Wrong Item,1974.2
308470,9154729,2024-09-28,Changed Mind,621.22
308471,9154746,2024-09-29,Wrong Item,2096.03
308472,9154754,2024-06-25,Wrong Item,757.01
308473,9154759,2025-03-08,Wrong Item,11036.91
308474,9154768,2025-09-08,Damaged,1364.01
308475,9154782,2025-12-08,Quality Issue,347.78
308476,9154787,2025-10-10,Changed Mind,51050.44
308477,9154805,2025-03-08,Late Delivery,1302.36
308478,9154858,2025-11-16,Damaged,2887.25
308479,9154861,2025-05-23,Wrong Item,604.67
308480,9154914,2025-05-10,Damaged,1036.69
308481,9154931,2024-11-04,Wrong Item,1171.44
308482,9154939,2025-01-13,Damaged,2789.89
308483,9154944,2024-11-26,Quality Issue,1474.76
308484,9154965,2024-02-07,Quality Issue,2943.14
308485,9155004,2024-01-21,Wrong Item,646.08
308486,9155008,2025-07-27,Quality Issue,2042.58
308487,9155020,2024-08-16,Damaged,3899.82
308488,9155023,2025-09-01,Changed Mind,55076.52
308489,9155028,2024-08-12,Late Delivery,1708.49
308490,9155031,2024-01-22,Damaged,878.95
308491,9155046,2024-04-01,Late Delivery,3086.34
308492,9155053,2024-08-21,Damaged,3614.64
308493,9155071,2025-04-13,Quality Issue,1623.09
308494,9155075,2024-10-24,Quality Issue,6914.56
308495,9155136,2025-07-10,Late Delivery,4804.84
308496,9155138,2025-03-12,Late Delivery,2403.14
308497,9155141,2025-02-21,Quality Issue,11950.32
308498,9155159,2024-08-26,Damaged,1241.31
308499,9155161,2025-07-09,Late Delivery,5452.87
308500,9155166,2025-06-23,Changed Mind,955.92
308501,9155187,2025-12-26,Late Delivery,547.73
308502,9155233,2025-01-27,Quality Issue,1147.2
308503,9155242,2024-07-12,Changed Mind,3559.85
308504,9155244,2025-02-21,Late Delivery,2977.51
308505,9155283,2025-09-04,Quality Issue,872.29
308506,9155307,2024-09-09,Changed Mind,235.25
308507,9155334,2025-08-21,Quality Issue,6724.74
308508,9155373,2024-05-28,Late Delivery,19691.2
308509,9155374,2025-11-14,Quality Issue,2895.87
308510,9155412,2024-01-21,Wrong Item,7076.12
308511,9155414,2024-05-04,Damaged,257.57
308512,9155421,2024-10-15,Wrong Item,575.69
308513,9155438,2025-12-27,Wrong Item,2446.0
308514,9155456,2024-05-04,Quality Issue,5497.82
308515,9155467,2024-01-24,Damaged,1837.3
308516,9155492,2024-06-18,Quality Issue,739.84
308517,9155504,2025-03-02,Changed Mind,11888.99
308518,9155517,2024-10-31,Wrong Item,3508.54
308519,9155527,2025-12-24,Changed Mind,786.66
308520,9155535,2024-04-30,Wrong Item,478.4
308521,9155553,2025-10-04,Late Delivery,8562.31
308522,9155557,2024-11-18,Late Delivery,33148.46
308523,9155571,2024-03-25,Damaged,895.68
308524,9155572,2024-08-29,Damaged,678.36
308525,9155576,2024-01-07,Changed Mind,1246.06
308526,9155578,2024-04-16,Damaged,31106.19
308527,9155581,2025-04-08,Damaged,20279.43
308528,9155602,2025-03-06,Quality Issue,834.78
308529,9155631,2024-08-24,Wrong Item,346.61
308530,9155636,2024-12-07,Late Delivery,2762.34
308531,9155662,2024-10-11,Damaged,848.07
308532,9155678,2024-08-30,Damaged,2290.38
308533,9155711,2024-10-26,Changed Mind,1358.04
308534,9155721,2024-10-01,Wrong Item,1889.64
308535,9155755,2025-12-10,Changed Mind,6274.48
308536,9155772,2025-04-25,Changed Mind,2439.79
308537,9155803,2024-01-14,Quality Issue,736.4
308538,9155820,2025-09-25,Late Delivery,607.37
308539,9155871,2025-07-29,Changed Mind,44000.6
308540,9155872,2025-05-03,Changed Mind,3959.53
308541,9155878,2025-05-06,Wrong Item,847.47
308542,9155892,2026-01-02,Changed Mind,1070.44
308543,9155903,2025-11-01,Quality Issue,3790.42
308544,9155930,2025-02-20,Wrong Item,677.14
308545,9155950,2025-12-05,Changed Mind,418.06
308546,9155953,2025-11-27,Wrong Item,21880.27
308547,9155960,2024-07-25,Changed Mind,1263.75
308548,9155990,2024-05-18,Quality Issue,12209.76
308549,9155991,2025-03-31,Late Delivery,698.84
308550,9156034,2025-02-16,Quality Issue,2842.11
308551,9156037,2025-09-11,Changed Mind,1807.68
308552,9156047,2024-02-26,Quality Issue,562.57
308553,9156049,2024-09-04,Wrong Item,2376.31
308554,9156085,2024-03-16,Quality Issue,1082.29
308555,9156127,2025-07-15,Quality Issue,1850.84
308556,9156148,2024-09-17,Late Delivery,2611.46
308557,9156155,2024-08-17,Late Delivery,1904.43
308558,9156176,2025-05-29,Wrong Item,380.08
308559,9156208,2025-04-30,Damaged,1465.46
308560,9156211,2025-12-15,Changed Mind,2519.57
308561,9156219,2024-02-14,Damaged,4366.58
308562,9156227,2024-08-11,Damaged,2339.59
308563,9156245,2025-05-15,Changed Mind,1440.72
308564,9156268,2025-03-22,Changed Mind,1117.75
308565,9156270,2024-02-15,Late Delivery,15224.58
308566,9156313,2024-05-09,Quality Issue,868.98
308567,9156328,2025-03-30,Quality Issue,5646.95
308568,9156389,2024-11-04,Changed Mind,46969.26
308569,9156392,2024-04-30,Quality Issue,628.76
308570,9156446,2024-04-09,Quality Issue,8874.87
308571,9156454,2024-02-26,Changed Mind,1115.86
308572,9156463,2025-07-20,Damaged,749.76
308573,9156553,2025-03-04,Wrong Item,1674.3
308574,9156572,2024-09-24,Wrong Item,459.41
308575,9156644,2025-02-21,Quality Issue,3187.46
308576,9156649,2024-04-06,Quality Issue,2385.05
308577,9156670,2025-01-28,Damaged,3236.74
308578,9156681,2025-11-05,Wrong Item,1606.64
308579,9156703,2025-01-27,Changed Mind,837.91
308580,9156724,2025-03-01,Damaged,363.5
308581,9156734,2025-06-06,Quality Issue,868.54
308582,9156742,2024-07-13,Damaged,5776.46
308583,9156752,2025-09-01,Quality Issue,198.0
308584,9156770,2025-04-23,Quality Issue,34714.19
308585,9156810,2024-05-27,Late Delivery,4270.43
308586,9156818,2025-07-10,Late Delivery,18358.97
308587,9156833,2025-11-19,Changed Mind,2136.06
308588,9156834,2024-07-14,Late Delivery,2802.92
308589,9156836,2024-01-11,Quality Issue,525.79
308590,9156837,2025-04-23,Late Delivery,134.7
308591,9156840,2025-03-25,Damaged,62660.14
308592,9156841,2025-03-18,Damaged,1174.06
308593,9156842,2024-07-25,Wrong Item,320.66
308594,9156897,2024-12-03,Changed Mind,26334.83
308595,9156902,2025-11-27,Quality Issue,1041.75
308596,9156907,2025-08-04,Changed Mind,338.21
308597,9156910,2024-04-04,Damaged,3182.6
308598,9156926,2025-09-24,Late Delivery,11039.89
308599,9156939,2025-02-07,Quality Issue,717.72
308600,9156957,2024-11-15,Late Delivery,4501.19
308601,9156991,2024-06-07,Damaged,363.59
308602,9157008,2024-11-12,Damaged,1113.52
308603,9157065,2024-12-18,Damaged,736.4
308604,9157073,2025-07-31,Quality Issue,6281.84
308605,9157075,2025-12-17,Late Delivery,60229.08
308606,9157089,2025-08-07,Damaged,2120.19
308607,9157093,2024-11-04,Late Delivery,9444.03
308608,9157099,2024-05-01,Changed Mind,2995.08
308609,9157101,2025-05-11,Damaged,875.92
308610,9157113,2024-06-09,Wrong Item,2192.28
308611,9157138,2025-07-18,Damaged,4547.38
308612,9157210,2025-02-03,Quality Issue,39623.02
308613,9157216,2024-11-29,Changed Mind,7954.38
308614,9157241,2025-05-02,Wrong Item,4151.04
308615,9157262,2025-06-23,Changed Mind,1186.87
308616,9157295,2025-10-10,Damaged,1782.54
308617,9157307,2024-09-22,Quality Issue,1839.57
308618,9157333,2024-06-18,Wrong Item,1957.54
308619,9157391,2024-03-29,Wrong Item,1257.49
308620,9157433,2024-09-02,Wrong Item,16489.51
308621,9157440,2025-05-28,Damaged,4026.56
308622,9157464,2024-07-12,Late Delivery,2338.81
308623,9157480,2025-11-10,Changed Mind,7382.28
308624,9157521,2024-02-13,Late Delivery,1284.8
308625,9157570,2025-09-08,Wrong Item,1949.61
308626,9157590,2024-11-21,Damaged,2199.74
308627,9157593,2024-04-10,Changed Mind,1153.88
308628,9157676,2025-10-07,Late Delivery,11190.09
308629,9157690,2024-07-20,Late Delivery,676.35
308630,9157718,2025-10-07,Late Delivery,2290.38
308631,9157724,2024-04-11,Wrong Item,4525.51
308632,9157730,2025-02-20,Wrong Item,2000.8
308633,9157748,2024-09-30,Quality Issue,1363.39
308634,9157749,2024-06-23,Quality Issue,1498.11
308635,9157795,2024-03-01,Late Delivery,2172.59
308636,9157805,2024-09-25,Late Delivery,1453.77
308637,9157827,2024-10-02,Late Delivery,2623.29
308638,9157829,2024-07-14,Late Delivery,891.9
308639,9157869,2025-03-09,Damaged,1498.42
308640,9157885,2025-06-02,Late Delivery,2397.2
308641,9157896,2025-03-15,Damaged,1937.4
308642,9157943,2025-03-23,Changed Mind,22075.53
308643,9157957,2024-06-17,Damaged,94443.4
308644,9157961,2025-10-22,Wrong Item,7796.09
308645,9157988,2025-06-27,Late Delivery,1201.93
308646,9158045,2024-12-10,Damaged,531.45
308647,9158056,2025-10-23,Damaged,270.83
308648,9158123,2024-09-13,Quality Issue,847.46
308649,9158134,2024-03-01,Damaged,5475.68
308650,9158156,2024-12-14,Wrong Item,646.08
308651,9158170,2025-06-11,Wrong Item,636.41
308652,9158182,2025-08-11,Quality Issue,4240.21
308653,9158186,2025-04-23,Changed Mind,8152.21
308654,9158188,2024-02-06,Late Delivery,589.35
308655,9158195,2025-02-27,Changed Mind,3036.32
308656,9158199,2024-07-03,Wrong Item,512.89
308657,9158213,2026-01-08,Quality Issue,2480.47
308658,9158224,2025-12-02,Damaged,2640.0
308659,9158234,2024-09-04,Quality Issue,1657.98
308660,9158240,2025-04-24,Late Delivery,1058.96
308661,9158262,2025-05-19,Wrong Item,730.01
308662,9158314,2024-03-31,Damaged,1157.5
308663,9158317,2025-07-17,Damaged,1750.41
308664,9158322,2025-12-07,Changed Mind,1324.08
308665,9158354,2025-02-16,Damaged,4922.98
308666,9158374,2024-05-09,Damaged,1412.8
308667,9158380,2025-02-01,Damaged,141.71
308668,9158386,2025-10-01,Wrong Item,20272.25
308669,9158396,2024-10-21,Wrong Item,758.41
308670,9158422,2024-11-13,Wrong Item,2596.71
308671,9158458,2024-01-14,Quality Issue,7578.29
308672,9158477,2025-04-29,Late Delivery,5080.24
308673,9158506,2024-06-28,Late Delivery,3535.68
308674,9158519,2024-07-23,Quality Issue,883.18
308675,9158558,2025-04-30,Wrong Item,2109.78
308676,9158580,2024-05-30,Late Delivery,471.06
308677,9158598,2025-01-01,Changed Mind,505.93
308678,9158602,2024-06-18,Changed Mind,18557.36
308679,9158606,2024-02-15,Damaged,1133.03
308680,9158621,2025-08-20,Late Delivery,412.88
308681,9158633,2024-03-06,Quality Issue,301.73
308682,9158650,2025-12-24,Quality Issue,62736.76
308683,9158652,2024-04-17,Late Delivery,1103.68
308684,9158656,2024-11-19,Changed Mind,15792.5
308685,9158659,2025-10-25,Late Delivery,9483.92
308686,9158677,2025-02-17,Wrong Item,6384.66
308687,9158691,2024-12-24,Changed Mind,680.37
308688,9158695,2025-07-12,Changed Mind,711.36
308689,9158700,2025-10-08,Changed Mind,1224.78
308690,9158708,2025-05-24,Changed Mind,2740.7
308691,9158736,2024-11-06,Changed Mind,1266.78
308692,9158748,2025-12-18,Changed Mind,43301.18
308693,9158776,2024-05-22,Changed Mind,361.61
308694,9158780,2024-07-28,Wrong Item,1760.76
308695,9158784,2025-06-27,Quality Issue,989.06
308696,9158790,2025-03-07,Wrong Item,3133.14
308697,9158801,2024-08-29,Changed Mind,3764.58
308698,9158806,2024-04-08,Damaged,6375.55
308699,9158810,2025-03-15,Wrong Item,730.76
308700,9158822,2024-05-05,Damaged,578.66
308701,9158864,2025-06-23,Wrong Item,7638.42
308702,9158866,2026-01-09,Changed Mind,994.63
308703,9158878,2024-01-24,Late Delivery,1218.64
308704,9158898,2024-08-07,Wrong Item,7067.01
308705,9158901,2025-09-03,Wrong Item,1476.29
308706,9158963,2025-09-09,Damaged,1815.77
308707,9158965,2025-06-09,Wrong Item,763.7
308708,9158971,2024-03-11,Damaged,961.52
308709,9159004,2024-12-15,Wrong Item,1625.85
308710,9159005,2025-02-04,Changed Mind,3583.64
308711,9159016,2025-11-06,Damaged,2278.77
308712,9159036,2024-04-09,Quality Issue,632.15
308713,9159052,2025-02-02,Quality Issue,1686.08
308714,9159064,2024-06-10,Late Delivery,3372.91
308715,9159070,2025-09-26,Late Delivery,631.27
308716,9159074,2024-03-22,Late Delivery,3001.06
308717,9159090,2024-06-17,Wrong Item,9601.44
308718,9159114,2025-07-19,Changed Mind,852.38
308719,9159148,2025-01-22,Changed Mind,17357.09
308720,9159155,2025-01-05,Changed Mind,564.96
308721,9159167,2025-12-10,Quality Issue,9126.14
308722,9159173,2025-05-16,Damaged,1429.63
308723,9159176,2024-11-21,Changed Mind,4813.72
308724,9159189,2024-06-22,Quality Issue,1234.1
308725,9159197,2024-03-16,Damaged,17864.83
308726,9159216,2025-09-04,Late Delivery,7291.37
308727,9159228,2025-01-26,Wrong Item,1471.63
308728,9159233,2024-12-10,Changed Mind,1090.03
308729,9159236,2024-02-05,Late Delivery,1156.64
308730,9159243,2025-02-04,Late Delivery,1035.03
308731,9159244,2024-02-28,Damaged,3831.0
308732,9159250,2025-08-27,Wrong Item,28032.17
308733,9159253,2025-07-02,Late Delivery,216.3
308734,9159255,2025-12-14,Late Delivery,2153.46
308735,9159258,2024-09-09,Changed Mind,498.55
308736,9159262,2024-02-27,Quality Issue,2564.36
308737,9159302,2024-10-18,Late Delivery,1287.72
308738,9159308,2025-12-01,Late Delivery,6995.67
308739,9159310,2025-01-12,Late Delivery,168.3
308740,9159319,2025-07-27,Quality Issue,881.69
308741,9159324,2024-11-28,Quality Issue,106696.05
308742,9159326,2025-03-27,Damaged,885.78
308743,9159327,2024-01-27,Late Delivery,1170.56
308744,9159332,2025-05-11,Quality Issue,1741.01
308745,9159363,2025-06-22,Damaged,2213.97
308746,9159431,2025-07-11,Changed Mind,662.07
308747,9159433,2025-01-08,Wrong Item,49763.57
308748,9159448,2024-11-26,Changed Mind,2120.38
308749,9159461,2025-05-28,Late Delivery,20061.73
308750,9159463,2025-04-28,Late Delivery,1443.45
308751,9159470,2025-05-25,Wrong Item,522.28
308752,9159479,2025-10-02,Damaged,2197.76
308753,9159486,2024-01-09,Late Delivery,2611.24
308754,9159495,2024-06-17,Changed Mind,652.69
308755,9159499,2025-11-29,Quality Issue,8147.81
308756,9159540,2025-04-04,Quality Issue,2574.75
308757,9159542,2024-04-14,Changed Mind,3250.49
308758,9159575,2025-12-10,Late Delivery,933.78
308759,9159619,2024-05-29,Late Delivery,329.83
308760,9159628,2024-05-29,Wrong Item,2435.66
308761,9159690,2024-03-11,Late Delivery,270.44
308762,9159703,2024-12-26,Quality Issue,9482.22
308763,9159706,2025-10-29,Changed Mind,2607.16
308764,9159712,2025-04-24,Late Delivery,838.61
308765,9159735,2026-01-14,Quality Issue,3358.14
308766,9159776,2025-02-11,Late Delivery,20003.84
308767,9159780,2025-06-21,Damaged,3225.58
308768,9159828,2025-10-13,Quality Issue,1229.84
308769,9159829,2024-04-03,Wrong Item,3880.9
308770,9159840,2024-07-07,Quality Issue,2481.0
308771,9159842,2024-10-31,Quality Issue,1826.41
308772,9159848,2024-07-19,Quality Issue,1622.24
308773,9159860,2025-12-02,Damaged,6608.06
308774,9159880,2025-08-15,Wrong Item,991.75
308775,9159883,2024-03-06,Quality Issue,2101.48
308776,9159917,2025-02-25,Damaged,3604.73
308777,9159950,2025-04-28,Quality Issue,379.03
308778,9159964,2024-04-20,Late Delivery,2884.98
308779,9159971,2025-06-29,Changed Mind,413.12
308780,9159982,2024-04-27,Damaged,3733.08
308781,9159995,2025-06-16,Damaged,2074.48
308782,9160054,2024-10-13,Quality Issue,245.02
308783,9160107,2024-03-18,Wrong Item,357.71
308784,9160108,2025-04-14,Late Delivery,7252.7
308785,9160130,2025-01-31,Wrong Item,2693.65
308786,9160131,2025-10-11,Damaged,295.98
308787,9160169,2025-04-30,Quality Issue,46530.7
308788,9160199,2025-09-21,Damaged,1907.68
308789,9160221,2025-03-22,Wrong Item,3331.48
308790,9160227,2024-08-18,Wrong Item,49312.77
308791,9160229,2024-05-14,Quality Issue,230.23
308792,9160235,2025-08-09,Wrong Item,718.68
308793,9160237,2025-04-11,Late Delivery,4607.44
308794,9160258,2024-03-12,Damaged,1760.01
308795,9160297,2025-04-25,Wrong Item,3327.78
308796,9160313,2024-09-18,Damaged,397.24
308797,9160333,2024-08-12,Wrong Item,37156.06
308798,9160341,2024-01-24,Quality Issue,2669.67
308799,9160354,2025-11-20,Quality Issue,1557.0
308800,9160387,2025-01-18,Changed Mind,715.03
308801,9160399,2025-04-17,Quality Issue,1624.9
308802,9160457,2025-04-05,Wrong Item,3765.28
308803,9160482,2024-07-20,Wrong Item,18199.34
308804,9160510,2025-09-13,Quality Issue,721.57
308805,9160518,2025-06-12,Late Delivery,4185.06
308806,9160532,2025-01-19,Wrong Item,1141.49
308807,9160534,2024-04-14,Quality Issue,1371.28
308808,9160596,2024-06-25,Changed Mind,1607.78
308809,9160610,2025-12-02,Late Delivery,1115.86
308810,9160643,2025-02-25,Changed Mind,336.73
308811,9160650,2025-02-23,Quality Issue,643.37
308812,9160655,2024-10-11,Quality Issue,30838.42
308813,9160674,2024-09-15,Changed Mind,2963.61
308814,9160714,2024-11-21,Quality Issue,5639.65
308815,9160715,2024-05-21,Changed Mind,5217.94
308816,9160744,2025-05-25,Late Delivery,2547.45
308817,9160799,2025-06-28,Quality Issue,357.76
308818,9160811,2025-09-16,Damaged,58571.63
308819,9160827,2024-12-27,Late Delivery,1805.24
308820,9160829,2024-09-24,Wrong Item,4074.13
308821,9160844,2024-02-02,Quality Issue,4925.82
308822,9160860,2025-08-25,Damaged,1044.56
308823,9160874,2025-02-27,Damaged,1284.8
308824,9160905,2025-07-02,Late Delivery,841.78
308825,9160919,2025-10-09,Wrong Item,338.58
308826,9160932,2025-05-01,Late Delivery,10299.52
308827,9160934,2024-08-06,Late Delivery,2920.18
308828,9160943,2024-07-05,Late Delivery,1090.36
308829,9160957,2025-10-08,Wrong Item,668.66
308830,9160986,2024-02-16,Late Delivery,821.76
308831,9160998,2024-12-15,Quality Issue,5691.27
308832,9161025,2025-01-03,Quality Issue,687.11
308833,9161051,2025-05-20,Quality Issue,558.53
308834,9161069,2025-09-29,Wrong Item,1134.38
308835,9161107,2024-09-01,Changed Mind,2566.06
308836,9161113,2024-02-12,Late Delivery,3818.89
308837,9161148,2025-02-21,Damaged,1291.32
308838,9161172,2025-12-31,Wrong Item,653.4
308839,9161182,2024-05-24,Late Delivery,3889.26
308840,9161209,2024-04-30,Late Delivery,15665.03
308841,9161211,2025-12-27,Damaged,1458.86
308842,9161245,2024-02-11,Damaged,2251.43
308843,9161269,2025-07-28,Late Delivery,1756.92
308844,9161275,2025-10-07,Quality Issue,4237.92
308845,9161278,2025-06-16,Late Delivery,3475.78
308846,9161287,2024-06-16,Late Delivery,5894.26
308847,9161309,2025-03-25,Wrong Item,771.54
308848,9161311,2024-10-22,Wrong Item,2120.38
308849,9161325,2025-10-25,Damaged,317.74
308850,9161332,2024-11-12,Quality Issue,745.43
308851,9161341,2025-09-17,Late Delivery,8812.3
308852,9161348,2024-06-02,Damaged,15640.27
308853,9161350,2025-05-12,Wrong Item,2219.81
308854,9161351,2025-07-28,Wrong Item,360.12
308855,9161361,2025-02-22,Damaged,620.59
308856,9161371,2024-05-22,Late Delivery,857.78
308857,9161379,2025-08-17,Late Delivery,26565.84
308858,9161443,2025-10-04,Damaged,1466.65
308859,9161462,2024-11-18,Changed Mind,1918.28
308860,9161483,2024-11-25,Late Delivery,609.04
308861,9161489,2024-02-07,Late Delivery,555.79
308862,9161493,2025-01-11,Changed Mind,1728.56
308863,9161494,2025-04-17,Late Delivery,411.66
308864,9161497,2025-08-18,Quality Issue,3966.9
308865,9161536,2024-12-04,Quality Issue,676.48
308866,9161548,2024-09-09,Damaged,5126.44
308867,9161550,2024-11-22,Changed Mind,3676.64
308868,9161552,2025-02-23,Changed Mind,1575.2
308869,9161582,2025-01-06,Damaged,2255.24
308870,9161615,2025-02-04,Quality Issue,1573.2
308871,9161715,2025-04-12,Wrong Item,1422.34
308872,9161726,2024-01-19,Changed Mind,2721.12
308873,9161732,2024-02-25,Quality Issue,11886.97
308874,9161756,2025-01-22,Quality Issue,2631.0
308875,9161771,2024-08-09,Quality Issue,931.57
308876,9161804,2024-12-12,Damaged,1958.07
308877,9161807,2025-10-13,Quality Issue,501.89
308878,9161861,2025-08-12,Quality Issue,2996.52
308879,9161901,2025-06-30,Quality Issue,19205.29
308880,9161928,2025-08-05,Damaged,268.72
308881,9161950,2024-08-12,Quality Issue,4711.62
308882,9161964,2025-04-09,Changed Mind,1016.16
308883,9161968,2024-07-12,Damaged,29681.12
308884,9162019,2024-11-08,Damaged,23797.82
308885,9162056,2025-04-19,Wrong Item,4270.43
308886,9162095,2024-02-17,Damaged,2831.84
308887,9162124,2025-06-08,Late Delivery,1512.5
308888,9162160,2025-02-18,Quality Issue,668.29
308889,9162175,2024-03-01,Wrong Item,700.94
308890,9162224,2024-11-21,Quality Issue,5745.76
308891,9162255,2025-04-08,Late Delivery,3102.08
308892,9162283,2025-10-11,Damaged,646.08
308893,9162286,2025-04-15,Damaged,43224.19
308894,9162315,2024-10-07,Wrong Item,1910.38
308895,9162326,2024-12-17,Late Delivery,7334.14
308896,9162339,2024-02-19,Late Delivery,2958.51
308897,9162341,2025-06-22,Changed Mind,1422.72
308898,9162363,2025-01-08,Wrong Item,1088.93
308899,9162372,2025-05-24,Quality Issue,394.84
308900,9162388,2024-02-09,Quality Issue,53064.3
308901,9162401,2025-11-08,Damaged,525.79
308902,9162444,2024-05-15,Quality Issue,732.3
308903,9162452,2025-10-02,Damaged,32485.44
308904,9162471,2025-03-16,Wrong Item,543.02
308905,9162488,2025-12-15,Quality Issue,842.52
308906,9162564,2025-01-15,Changed Mind,1945.2
308907,9162567,2025-07-12,Late Delivery,795.02
308908,9162578,2025-09-23,Damaged,507.86
308909,9162591,2025-10-20,Quality Issue,3910.25
308910,9162599,2025-03-10,Changed Mind,1239.84
308911,9162636,2024-09-27,Damaged,1090.7
308912,9162671,2024-01-27,Late Delivery,2612.76
308913,9162674,2024-04-08,Damaged,1354.28
308914,9162691,2025-12-29,Late Delivery,991.62
308915,9162765,2025-07-07,Wrong Item,3697.2
308916,9162769,2025-05-10,Damaged,6527.58
308917,9162783,2024-11-07,Damaged,2308.18
308918,9162794,2024-07-06,Damaged,12740.16
308919,9162797,2024-07-04,Quality Issue,6640.33
308920,9162848,2025-05-16,Wrong Item,602.04
308921,9162875,2024-12-10,Changed Mind,1186.0
308922,9162898,2024-09-24,Late Delivery,4728.8
308923,9162902,2025-06-01,Quality Issue,9697.11
308924,9162976,2025-09-23,Wrong Item,979.32
308925,9162992,2024-08-16,Wrong Item,653.01
308926,9162998,2024-02-07,Wrong Item,3877.34
308927,9163073,2024-03-01,Wrong Item,311.51
308928,9163075,2025-06-19,Damaged,2570.57
308929,9163126,2024-12-21,Damaged,9309.34
308930,9163145,2025-06-26,Late Delivery,1470.76
308931,9163148,2025-09-20,Changed Mind,372.11
308932,9163172,2025-09-02,Wrong Item,10829.02
308933,9163208,2025-02-15,Damaged,2524.97
308934,9163212,2024-10-19,Late Delivery,1979.65
308935,9163222,2024-02-21,Late Delivery,610.53
308936,9163228,2025-01-16,Changed Mind,2140.61
308937,9163232,2024-03-09,Quality Issue,302.44
308938,9163243,2024-10-20,Changed Mind,3332.11
308939,9163264,2025-12-02,Wrong Item,1805.44
308940,9163269,2024-07-25,Late Delivery,2614.38
308941,9163270,2024-04-25,Quality Issue,4521.54
308942,9163279,2025-08-17,Late Delivery,6029.22
308943,9163280,2025-04-12,Quality Issue,1881.06
308944,9163283,2025-10-19,Damaged,332.4
308945,9163291,2024-01-28,Wrong Item,2414.61
308946,9163304,2025-01-25,Quality Issue,1615.3
308947,9163309,2025-02-04,Changed Mind,1720.63
308948,9163358,2025-12-02,Wrong Item,20340.44
308949,9163374,2025-04-19,Wrong Item,3423.58
308950,9163391,2025-04-03,Late Delivery,1670.4
308951,9163450,2024-05-27,Changed Mind,2700.25
308952,9163452,2025-07-17,Quality Issue,48006.24
308953,9163584,2025-12-27,Wrong Item,841.62
308954,9163595,2024-02-18,Damaged,12788.82
308955,9163599,2025-10-24,Damaged,2690.46
308956,9163613,2025-05-23,Late Delivery,2189.23
308957,9163633,2024-07-12,Late Delivery,870.6
308958,9163638,2024-05-13,Quality Issue,1035.14
308959,9163680,2025-11-11,Damaged,3065.6
308960,9163701,2025-12-26,Damaged,818.29
308961,9163717,2024-10-18,Late Delivery,1489.78
308962,9163733,2025-07-08,Late Delivery,22117.14
308963,9163742,2025-12-30,Quality Issue,243.75
308964,9163791,2025-04-23,Late Delivery,658.37
308965,9163851,2025-09-24,Damaged,3439.71
308966,9163852,2025-05-23,Late Delivery,866.45
308967,9163861,2024-03-05,Quality Issue,1053.46
308968,9163873,2025-06-22,Late Delivery,861.84
308969,9163882,2024-06-12,Quality Issue,2252.43
308970,9163899,2025-05-10,Wrong Item,1912.85
308971,9163918,2025-08-05,Wrong Item,2922.87
308972,9163924,2025-12-01,Damaged,3402.27
308973,9163935,2024-09-30,Late Delivery,4111.99
308974,9163959,2024-04-19,Quality Issue,1673.73
308975,9163963,2024-08-20,Quality Issue,1492.3
308976,9163964,2024-10-23,Wrong Item,1925.58
308977,9164033,2025-09-26,Quality Issue,603.73
308978,9164041,2024-07-14,Late Delivery,1739.18
308979,9164050,2024-02-28,Damaged,1539.17
308980,9164064,2025-01-17,Damaged,31289.31
308981,9164076,2025-02-13,Wrong Item,1340.66
308982,9164081,2025-08-10,Damaged,1018.81
308983,9164083,2024-07-18,Quality Issue,1731.28
308984,9164084,2024-06-06,Damaged,332.5
308985,9164092,2024-08-07,Damaged,2292.48
308986,9164100,2024-02-15,Quality Issue,873.75
308987,9164154,2024-03-26,Late Delivery,1761.77
308988,9164156,2024-01-24,Quality Issue,504.8
308989,9164161,2024-03-25,Changed Mind,4391.86
308990,9164211,2025-03-28,Wrong Item,897.58
308991,9164226,2025-11-26,Changed Mind,6456.13
308992,9164233,2025-03-24,Changed Mind,725.38
308993,9164250,2024-03-29,Damaged,4262.32
308994,9164268,2025-08-03,Late Delivery,2542.28
308995,9164277,2024-05-12,Quality Issue,9915.76
308996,9164279,2024-09-07,Wrong Item,12272.8
308997,9164291,2025-10-09,Late Delivery,698.57
308998,9164303,2025-02-05,Quality Issue,1565.07
308999,9164312,2024-08-17,Wrong Item,802.22
309000,9164320,2024-07-17,Damaged,2309.0
309001,9164335,2025-03-22,Quality Issue,3897.12
309002,9164352,2025-01-25,Damaged,989.02
309003,9164355,2025-08-08,Changed Mind,813.85
309004,9164359,2024-04-21,Late Delivery,4625.91
309005,9164368,2024-05-16,Quality Issue,65743.24
309006,9164374,2025-10-20,Late Delivery,4319.28
309007,9164386,2025-09-30,Changed Mind,2985.6
309008,9164411,2025-03-22,Damaged,2059.8
309009,9164420,2024-10-14,Wrong Item,2938.44
309010,9164423,2025-04-30,Damaged,574.75
309011,9164477,2024-10-27,Damaged,340.78
309012,9164535,2024-03-21,Quality Issue,1589.43
309013,9164595,2024-11-19,Late Delivery,5270.76
309014,9164610,2024-04-11,Quality Issue,380.08
309015,9164644,2024-06-22,Wrong Item,1847.94
309016,9164645,2025-08-21,Quality Issue,3555.43
309017,9164665,2024-08-15,Damaged,102.74
309018,9164696,2024-01-26,Damaged,2448.37
309019,9164711,2025-04-16,Changed Mind,1785.62
309020,9164719,2025-10-13,Late Delivery,6870.52
309021,9164723,2025-01-06,Late Delivery,1010.55
309022,9164727,2025-03-13,Wrong Item,3298.48
309023,9164740,2024-08-04,Late Delivery,2066.29
309024,9164802,2025-12-31,Changed Mind,1030.65
309025,9164817,2025-07-24,Quality Issue,1044.63
309026,9164851,2025-11-27,Quality Issue,44860.62
309027,9164852,2025-11-30,Late Delivery,2405.68
309028,9164861,2025-06-10,Wrong Item,7565.36
309029,9164867,2024-06-21,Quality Issue,2198.86
309030,9164871,2024-11-30,Quality Issue,2439.08
309031,9164925,2024-05-06,Late Delivery,1975.15
309032,9164927,2024-09-22,Quality Issue,3431.18
309033,9164959,2025-03-12,Late Delivery,2715.1
309034,9164965,2024-05-02,Changed Mind,456.77
309035,9164978,2024-06-06,Late Delivery,3309.09
309036,9164996,2024-05-14,Changed Mind,456.88
309037,9165003,2025-12-21,Changed Mind,3130.05
309038,9165045,2025-11-01,Late Delivery,3963.8
309039,9165063,2025-04-17,Quality Issue,4407.48
309040,9165125,2026-01-16,Wrong Item,925.29
309041,9165144,2025-11-19,Changed Mind,12248.17
309042,9165182,2024-08-07,Quality Issue,2612.76
309043,9165237,2024-08-21,Wrong Item,1359.67
309044,9165255,2025-06-19,Quality Issue,690.16
309045,9165266,2025-05-21,Late Delivery,1795.77
309046,9165268,2024-06-20,Changed Mind,1310.02
309047,9165310,2025-02-12,Damaged,491.06
309048,9165313,2025-03-19,Wrong Item,2723.1
309049,9165341,2024-11-23,Wrong Item,245.02
309050,9165359,2025-05-29,Quality Issue,673.02
309051,9165371,2025-11-25,Late Delivery,1846.51
309052,9165374,2024-09-20,Quality Issue,2155.68
309053,9165389,2024-04-30,Damaged,846.25
309054,9165400,2024-07-24,Wrong Item,429.88
309055,9165402,2025-08-17,Wrong Item,2344.45
309056,9165447,2025-04-17,Damaged,2227.03
309057,9165463,2024-09-14,Changed Mind,1143.45
309058,9165469,2024-12-07,Changed Mind,5771.11
309059,9165477,2025-03-04,Quality Issue,2253.24
309060,9165498,2024-06-03,Quality Issue,2629.78
309061,9165505,2024-11-17,Quality Issue,881.31
309062,9165524,2024-10-17,Quality Issue,580.86
309063,9165587,2025-08-16,Damaged,684.44
309064,9165592,2025-11-25,Changed Mind,2159.64
309065,9165625,2024-11-10,Quality Issue,991.9
309066,9165630,2025-03-26,Quality Issue,3765.27
309067,9165634,2025-01-07,Quality Issue,2385.55
309068,9165641,2025-06-26,Quality Issue,5539.21
309069,9165642,2024-07-31,Changed Mind,770.86
309070,9165648,2024-04-22,Late Delivery,1208.47
309071,9165655,2024-02-29,Late Delivery,320.09
309072,9165687,2024-03-20,Quality Issue,2897.94
309073,9165694,2024-02-17,Changed Mind,306.59
309074,9165788,2025-04-18,Late Delivery,4409.36
309075,9165799,2025-01-05,Wrong Item,4736.6
309076,9165806,2024-02-04,Damaged,3297.1
309077,9165813,2025-12-05,Changed Mind,954.72
309078,9165847,2024-08-13,Wrong Item,4377.3
309079,9165853,2025-12-04,Changed Mind,5199.08
309080,9165854,2025-12-08,Wrong Item,13525.8
309081,9165856,2025-11-21,Wrong Item,1690.53
309082,9165863,2025-02-26,Damaged,5981.16
309083,9165891,2024-02-17,Late Delivery,1195.92
309084,9165930,2024-11-29,Late Delivery,2966.03
309085,9165947,2024-11-20,Wrong Item,4998.16
309086,9165967,2024-03-10,Late Delivery,1747.03
309087,9165970,2026-01-08,Quality Issue,1444.8
309088,9165974,2025-05-22,Quality Issue,3057.5
309089,9165986,2024-02-19,Wrong Item,11864.12
309090,9165999,2024-10-21,Wrong Item,4306.54
309091,9166007,2025-01-23,Damaged,2575.69
309092,9166013,2025-07-18,Damaged,1028.65
309093,9166076,2024-10-23,Wrong Item,2134.65
309094,9166077,2025-09-08,Changed Mind,4772.29
309095,9166084,2024-02-10,Wrong Item,6138.3
309096,9166090,2024-02-17,Changed Mind,658.78
309097,9166112,2024-11-09,Late Delivery,2826.3
309098,9166142,2024-01-26,Damaged,585.04
309099,9166180,2024-11-11,Changed Mind,2089.15
309100,9166213,2024-01-14,Quality Issue,989.7
309101,9166232,2025-11-28,Damaged,2386.96
309102,9166270,2025-12-25,Wrong Item,2733.63
309103,9166283,2024-08-20,Quality Issue,834.7
309104,9166294,2024-10-30,Late Delivery,4380.94
309105,9166316,2025-06-10,Wrong Item,2111.34
309106,9166332,2025-12-01,Quality Issue,642.96
309107,9166341,2024-02-23,Late Delivery,1629.46
309108,9166346,2024-09-14,Changed Mind,1679.07
309109,9166353,2024-08-07,Wrong Item,532.94
309110,9166384,2024-12-20,Quality Issue,1636.58
309111,9166403,2025-06-16,Changed Mind,5940.76
309112,9166459,2024-04-04,Changed Mind,1534.78
309113,9166469,2025-11-24,Quality Issue,3287.23
309114,9166482,2025-08-07,Changed Mind,1955.29
309115,9166532,2024-07-26,Changed Mind,2650.28
309116,9166622,2025-04-04,Damaged,4069.79
309117,9166638,2025-04-27,Changed Mind,793.55
309118,9166643,2024-01-31,Quality Issue,1473.38
309119,9166669,2025-04-09,Changed Mind,978.4
309120,9166683,2024-10-21,Late Delivery,7209.18
309121,9166684,2024-08-25,Damaged,737.65
309122,9166726,2024-06-29,Wrong Item,3518.44
309123,9166763,2024-07-19,Late Delivery,1833.12
309124,9166777,2025-01-23,Changed Mind,9107.87
309125,9166786,2024-01-23,Quality Issue,3081.22
309126,9166789,2025-03-19,Quality Issue,1224.41
309127,9166803,2024-02-04,Damaged,2481.88
309128,9166816,2025-02-22,Quality Issue,1379.32
309129,9166825,2024-03-02,Late Delivery,610.63
309130,9166826,2025-01-11,Wrong Item,4930.48
309131,9166829,2024-08-18,Late Delivery,4513.7
309132,9166840,2024-07-31,Wrong Item,4111.98
309133,9166862,2024-09-03,Changed Mind,6751.23
309134,9166872,2025-09-07,Late Delivery,522.15
309135,9166877,2025-01-25,Quality Issue,3332.76
309136,9166885,2025-12-03,Damaged,2942.97
309137,9166922,2025-10-30,Damaged,1644.38
309138,9166930,2024-04-28,Wrong Item,1795.77
309139,9166941,2025-10-12,Late Delivery,53920.92
309140,9166942,2025-05-01,Changed Mind,1055.85
309141,9166950,2024-08-10,Late Delivery,1317.47
309142,9166961,2024-09-25,Damaged,4072.55
309143,9166976,2025-06-16,Late Delivery,1378.76
309144,9166984,2025-08-15,Changed Mind,3150.6
309145,9167046,2025-09-01,Quality Issue,63859.1
309146,9167076,2025-11-30,Wrong Item,407.25
309147,9167083,2024-06-16,Wrong Item,3472.96
309148,9167084,2025-10-12,Late Delivery,987.87
309149,9167114,2024-04-28,Damaged,2526.38
309150,9167140,2025-09-08,Changed Mind,17237.52
309151,9167168,2025-06-01,Late Delivery,864.05
309152,9167193,2025-01-31,Damaged,2818.78
309153,9167219,2025-06-16,Late Delivery,16527.59
309154,9167224,2024-05-20,Wrong Item,720.11
309155,9167232,2024-03-14,Late Delivery,1153.02
309156,9167267,2026-01-03,Quality Issue,2370.99
309157,9167276,2025-12-07,Damaged,19227.12
309158,9167277,2025-07-23,Quality Issue,1184.98
309159,9167290,2025-03-11,Wrong Item,2793.94
309160,9167296,2024-01-17,Wrong Item,799.97
309161,9167304,2025-02-21,Wrong Item,14304.41
309162,9167336,2025-09-24,Changed Mind,1568.19
309163,9167344,2025-03-25,Quality Issue,1752.83
309164,9167346,2024-09-14,Wrong Item,1745.04
309165,9167358,2025-07-12,Changed Mind,1226.08
309166,9167369,2024-07-08,Changed Mind,763.72
309167,9167370,2025-05-14,Wrong Item,2370.16
309168,9167376,2025-03-16,Quality Issue,3583.72
309169,9167386,2024-12-26,Quality Issue,3312.85
309170,9167415,2024-07-09,Late Delivery,356.22
309171,9167427,2025-02-27,Changed Mind,2712.09
309172,9167428,2025-11-12,Changed Mind,1177.85
309173,9167443,2025-07-25,Quality Issue,12195.39
309174,9167444,2024-06-13,Late Delivery,2177.86
309175,9167451,2024-10-26,Changed Mind,304.09
309176,9167463,2025-03-17,Wrong Item,8847.31
309177,9167465,2025-08-11,Late Delivery,3144.69
309178,9167470,2024-03-13,Changed Mind,680.37
309179,9167484,2024-10-25,Late Delivery,1447.0
309180,9167494,2024-10-30,Damaged,5004.5
309181,9167530,2024-07-22,Changed Mind,1754.92
309182,9167532,2025-06-10,Wrong Item,2217.47
309183,9167551,2024-04-15,Late Delivery,370.82
309184,9167609,2025-11-15,Late Delivery,636.89
309185,9167643,2024-05-29,Damaged,727.55
309186,9167736,2025-01-26,Damaged,205.99
309187,9167738,2025-04-22,Changed Mind,3452.46
309188,9167759,2025-09-29,Changed Mind,1985.5
309189,9167768,2025-01-03,Changed Mind,2088.76
309190,9167785,2025-06-04,Wrong Item,2444.27
309191,9167799,2025-10-17,Damaged,27646.43
309192,9167805,2024-09-24,Late Delivery,862.71
309193,9167809,2024-11-26,Changed Mind,863.74
309194,9167827,2025-05-15,Damaged,7144.28
309195,9167882,2024-06-02,Late Delivery,16644.29
309196,9167945,2024-12-23,Wrong Item,507.98
309197,9167956,2024-02-14,Late Delivery,4487.48
309198,9167991,2025-06-16,Late Delivery,7806.02
309199,9168026,2025-05-20,Wrong Item,7358.28
309200,9168053,2025-04-02,Changed Mind,4371.34
309201,9168100,2025-09-15,Changed Mind,1221.26
309202,9168119,2025-02-18,Changed Mind,443.94
309203,9168172,2025-10-27,Quality Issue,891.36
309204,9168173,2024-09-20,Quality Issue,808.36
309205,9168180,2024-06-26,Quality Issue,534.43
309206,9168184,2024-07-06,Quality Issue,605.05
309207,9168186,2025-10-18,Changed Mind,3071.88
309208,9168190,2025-09-01,Wrong Item,2132.71
309209,9168195,2025-09-14,Quality Issue,1346.66
309210,9168230,2024-02-24,Damaged,3375.42
309211,9168266,2025-04-08,Wrong Item,531.45
309212,9168275,2024-03-30,Quality Issue,1152.2
309213,9168293,2025-04-10,Quality Issue,403.54
309214,9168298,2025-06-21,Late Delivery,745.65
309215,9168302,2025-02-07,Damaged,2977.2
309216,9168322,2025-02-06,Changed Mind,2091.85
309217,9168329,2024-02-26,Wrong Item,1655.21
309218,9168331,2025-01-20,Wrong Item,1551.89
309219,9168338,2024-07-09,Wrong Item,1622.9
309220,9168341,2024-11-19,Damaged,410.88
309221,9168343,2024-06-17,Quality Issue,516.24
309222,9168344,2025-01-07,Changed Mind,15684.69
309223,9168349,2024-09-08,Late Delivery,1117.24
309224,9168357,2025-06-18,Quality Issue,4247.71
309225,9168365,2025-01-01,Late Delivery,12827.45
309226,9168389,2024-01-09,Changed Mind,614.14
309227,9168394,2024-07-23,Wrong Item,7832.61
309228,9168399,2024-08-11,Quality Issue,741.06
309229,9168411,2024-09-25,Changed Mind,576.61
309230,9168463,2025-08-27,Changed Mind,1314.84
309231,9168478,2025-11-24,Wrong Item,37573.76
309232,9168521,2024-08-23,Quality Issue,977.75
309233,9168594,2025-06-03,Quality Issue,179.57
309234,9168645,2024-12-31,Wrong Item,699.3
309235,9168652,2025-02-04,Damaged,6363.88
309236,9168677,2024-06-14,Quality Issue,2996.52
309237,9168699,2025-03-03,Damaged,4991.44
309238,9168704,2024-11-29,Damaged,951.83
309239,9168708,2025-02-09,Wrong Item,36047.74
309240,9168712,2025-07-14,Changed Mind,1996.41
309241,9168722,2025-08-10,Late Delivery,1585.52
309242,9168771,2025-04-27,Quality Issue,553.94
309243,9168823,2025-12-24,Wrong Item,365.92
309244,9168832,2025-05-05,Wrong Item,4487.9
309245,9168913,2024-07-10,Wrong Item,2847.58
309246,9168917,2024-07-15,Quality Issue,882.96
309247,9168927,2024-06-01,Changed Mind,2740.82
309248,9168945,2025-01-20,Wrong Item,2474.58
309249,9168960,2024-10-26,Wrong Item,7665.25
309250,9168968,2025-04-16,Changed Mind,518.22
309251,9169002,2024-05-19,Quality Issue,2125.77
309252,9169018,2024-02-08,Late Delivery,393.54
309253,9169022,2024-07-04,Damaged,2957.28
309254,9169023,2024-12-15,Damaged,1099.62
309255,9169157,2025-08-21,Wrong Item,2273.39
309256,9169162,2024-04-06,Changed Mind,714.82
309257,9169226,2025-11-08,Wrong Item,1060.99
309258,9169252,2024-01-16,Late Delivery,18878.72
309259,9169275,2024-12-25,Changed Mind,1355.13
309260,9169297,2025-04-11,Damaged,6874.58
309261,9169325,2024-02-19,Quality Issue,1403.46
309262,9169350,2025-03-30,Quality Issue,2531.11
309263,9169353,2024-09-07,Wrong Item,16140.02
309264,9169363,2025-12-06,Changed Mind,3190.34
309265,9169409,2025-03-09,Quality Issue,2564.47
309266,9169419,2025-06-13,Quality Issue,2478.29
309267,9169430,2024-08-21,Quality Issue,99.0
309268,9169434,2025-07-30,Late Delivery,521.85
309269,9169505,2025-11-23,Late Delivery,988.9
309270,9169515,2025-01-18,Damaged,3769.64
309271,9169600,2024-03-03,Late Delivery,1331.1
309272,9169622,2024-04-30,Quality Issue,485.14
309273,9169643,2024-06-12,Late Delivery,4536.43
309274,9169649,2024-09-29,Late Delivery,1857.07
309275,9169666,2024-08-05,Quality Issue,328.82
309276,9169696,2024-06-10,Changed Mind,3038.04
309277,9169739,2025-11-21,Quality Issue,4065.66
309278,9169766,2024-05-21,Late Delivery,1924.22
309279,9169769,2025-12-06,Wrong Item,1308.58
309280,9169781,2024-08-16,Changed Mind,7678.58
309281,9169788,2025-05-29,Changed Mind,235.44
309282,9169797,2025-08-31,Quality Issue,1164.29
309283,9169810,2025-06-25,Damaged,1300.13
309284,9169821,2024-05-07,Late Delivery,426.29
309285,9169837,2025-03-28,Damaged,16046.91
309286,9169875,2024-03-26,Quality Issue,4343.82
309287,9169889,2025-02-01,Quality Issue,1022.52
309288,9169929,2024-09-16,Wrong Item,2195.81
309289,9169957,2024-04-22,Damaged,223.75
309290,9169977,2025-08-30,Damaged,10373.72
309291,9169978,2024-08-14,Late Delivery,1623.78
309292,9169981,2024-02-17,Changed Mind,1027.75
309293,9170025,2024-04-04,Wrong Item,1876.39
309294,9170030,2025-12-02,Wrong Item,4632.84
309295,9170053,2025-12-10,Changed Mind,4611.8
309296,9170095,2024-11-25,Wrong Item,1033.28
309297,9170146,2024-11-04,Late Delivery,1826.41
309298,9170147,2025-10-28,Late Delivery,7833.58
309299,9170149,2025-11-08,Late Delivery,1669.48
309300,9170150,2024-01-25,Wrong Item,332.4
309301,9170219,2025-11-23,Damaged,2406.98
309302,9170242,2025-06-10,Damaged,1840.19
309303,9170266,2024-03-18,Quality Issue,450.07
309304,9170300,2024-12-15,Damaged,1163.55
309305,9170320,2025-03-07,Quality Issue,710.02
309306,9170337,2025-12-15,Quality Issue,216.38
309307,9170345,2024-04-14,Quality Issue,4580.35
309308,9170351,2025-09-03,Changed Mind,508.8
309309,9170369,2025-08-21,Quality Issue,4657.69
309310,9170373,2025-10-31,Changed Mind,1573.27
309311,9170384,2024-09-08,Damaged,1435.74
309312,9170423,2025-12-09,Damaged,298.36
309313,9170435,2024-06-08,Quality Issue,275.75
309314,9170446,2024-11-11,Damaged,3673.15
309315,9170457,2025-11-30,Quality Issue,9713.25
309316,9170474,2024-05-11,Changed Mind,1378.16
309317,9170506,2024-09-28,Wrong Item,7119.7
309318,9170516,2025-10-10,Quality Issue,1081.62
309319,9170519,2025-12-20,Wrong Item,17013.46
309320,9170527,2025-03-21,Damaged,9768.36
309321,9170587,2024-12-05,Changed Mind,1073.71
309322,9170610,2025-01-21,Late Delivery,616.7
309323,9170639,2025-10-25,Late Delivery,2420.08
309324,9170647,2024-01-18,Damaged,2272.99
309325,9170657,2024-07-05,Damaged,2125.11
309326,9170709,2025-08-18,Quality Issue,1231.7
309327,9170710,2024-04-17,Damaged,3378.01
309328,9170720,2024-03-12,Quality Issue,3299.61
309329,9170728,2024-12-25,Quality Issue,1301.83
309330,9170731,2025-03-25,Damaged,1532.4
309331,9170750,2024-05-24,Changed Mind,2820.64
309332,9170757,2025-03-16,Wrong Item,1855.78
309333,9170777,2025-05-27,Late Delivery,1973.26
309334,9170795,2024-11-18,Quality Issue,392.56
309335,9170810,2025-09-24,Quality Issue,6936.37
309336,9170835,2025-11-10,Quality Issue,539.07
309337,9170846,2024-10-24,Wrong Item,1992.93
309338,9170874,2025-01-26,Wrong Item,3756.33
309339,9170883,2024-08-24,Late Delivery,1593.73
309340,9170921,2024-06-14,Wrong Item,524.42
309341,9170938,2024-11-30,Quality Issue,15563.49
309342,9170939,2025-04-24,Changed Mind,1625.52
309343,9170953,2025-09-10,Quality Issue,620.44
309344,9170970,2024-05-04,Damaged,6942.6
309345,9170976,2025-04-27,Late Delivery,11382.53
309346,9170979,2024-08-03,Damaged,39623.22
309347,9171006,2025-05-24,Changed Mind,2394.25
309348,9171020,2025-02-18,Late Delivery,448.09
309349,9171030,2025-10-12,Damaged,610.19
309350,9171038,2025-02-22,Quality Issue,834.67
309351,9171058,2025-04-12,Quality Issue,1408.44
309352,9171064,2024-02-15,Damaged,748.8
309353,9171082,2025-10-25,Wrong Item,1894.23
309354,9171093,2024-08-24,Late Delivery,876.82
309355,9171098,2024-05-02,Damaged,2902.57
309356,9171105,2025-11-28,Quality Issue,819.05
309357,9171127,2024-08-23,Damaged,2981.91
309358,9171132,2025-11-29,Late Delivery,460.56
309359,9171162,2025-12-01,Quality Issue,2749.89
309360,9171168,2024-02-17,Damaged,1377.36
309361,9171184,2024-11-22,Late Delivery,21180.57
309362,9171216,2025-10-20,Late Delivery,5649.52
309363,9171238,2024-02-27,Wrong Item,11182.56
309364,9171243,2024-08-04,Quality Issue,23610.85
309365,9171303,2024-12-01,Quality Issue,527.38
309366,9171305,2024-05-23,Damaged,1096.28
309367,9171316,2024-11-05,Wrong Item,17016.81
309368,9171317,2025-06-08,Damaged,1215.35
309369,9171318,2024-06-20,Late Delivery,3517.1
309370,9171322,2025-07-25,Quality Issue,9576.54
309371,9171326,2024-03-07,Wrong Item,780.37
309372,9171356,2024-01-19,Damaged,1629.46
309373,9171358,2024-10-10,Changed Mind,2883.81
309374,9171407,2025-10-20,Quality Issue,549.81
309375,9171408,2024-12-10,Wrong Item,2691.97
309376,9171433,2024-11-07,Late Delivery,5981.35
309377,9171461,2025-12-23,Wrong Item,540.94
309378,9171506,2024-08-30,Late Delivery,1221.05
309379,9171514,2024-11-22,Wrong Item,3812.42
309380,9171538,2024-06-20,Late Delivery,6384.36
309381,9171539,2024-10-18,Quality Issue,15305.66
309382,9171567,2024-03-12,Damaged,474.45
309383,9171578,2024-02-29,Wrong Item,1938.93
309384,9171585,2025-09-18,Changed Mind,992.04
309385,9171602,2024-07-18,Quality Issue,959.68
309386,9171624,2024-11-11,Quality Issue,2741.07
309387,9171628,2025-05-03,Late Delivery,1226.31
309388,9171676,2025-05-30,Quality Issue,1230.33
309389,9171706,2024-05-04,Wrong Item,42270.48
309390,9171741,2025-02-07,Quality Issue,1177.01
309391,9171746,2025-09-21,Wrong Item,2024.8
309392,9171749,2025-02-28,Damaged,2253.27
309393,9171753,2024-11-01,Wrong Item,2095.32
309394,9171757,2025-11-26,Changed Mind,1687.71
309395,9171766,2024-03-20,Changed Mind,4840.16
309396,9171785,2024-09-06,Late Delivery,11898.91
309397,9171798,2024-04-28,Wrong Item,2943.26
309398,9171799,2025-05-03,Wrong Item,686.54
309399,9171800,2025-09-28,Changed Mind,580.77
309400,9171830,2025-01-31,Late Delivery,903.44
309401,9171840,2024-06-29,Wrong Item,7027.68
309402,9171844,2025-05-11,Wrong Item,31676.42
309403,9171893,2024-02-08,Quality Issue,3701.68
309404,9171904,2024-09-13,Wrong Item,8837.17
309405,9171933,2024-08-14,Changed Mind,2504.22
309406,9171934,2024-05-20,Late Delivery,1152.74
309407,9171946,2024-02-21,Wrong Item,4159.26
309408,9171969,2025-05-25,Wrong Item,497.69
309409,9171974,2025-03-24,Late Delivery,788.71
309410,9171983,2025-08-02,Damaged,5452.05
309411,9172028,2024-03-29,Changed Mind,1762.99
309412,9172036,2024-02-25,Changed Mind,2482.48
309413,9172045,2025-04-15,Quality Issue,3220.75
309414,9172081,2025-02-16,Late Delivery,3954.66
309415,9172125,2025-04-30,Quality Issue,1603.3
309416,9172139,2026-01-03,Damaged,2351.26
309417,9172155,2025-02-01,Changed Mind,1916.97
309418,9172183,2025-04-11,Wrong Item,10792.5
309419,9172221,2025-09-20,Wrong Item,1184.28
309420,9172307,2024-01-29,Quality Issue,3719.85
309421,9172324,2024-11-20,Damaged,1306.02
309422,9172341,2024-11-20,Quality Issue,3220.7
309423,9172354,2025-01-06,Late Delivery,2585.24
309424,9172365,2025-04-18,Quality Issue,1462.04
309425,9172380,2024-10-03,Changed Mind,152.69
309426,9172381,2024-12-14,Wrong Item,1078.39
309427,9172382,2025-11-03,Wrong Item,17951.31
309428,9172393,2024-12-12,Wrong Item,1269.66
309429,9172400,2025-05-12,Damaged,4893.21
309430,9172408,2025-02-19,Changed Mind,2364.4
309431,9172431,2025-01-28,Damaged,2353.28
309432,9172441,2025-07-06,Late Delivery,2122.33
309433,9172468,2026-01-02,Quality Issue,25861.93
309434,9172484,2024-02-04,Quality Issue,594.69
309435,9172485,2025-12-23,Wrong Item,19269.89
309436,9172501,2025-11-21,Damaged,2348.07
309437,9172503,2025-12-15,Changed Mind,853.94
309438,9172524,2025-02-03,Damaged,2415.4
309439,9172528,2025-10-25,Changed Mind,740.05
309440,9172542,2024-10-10,Late Delivery,2912.32
309441,9172550,2025-05-20,Changed Mind,1094.53
309442,9172555,2024-07-18,Damaged,8574.64
309443,9172568,2024-01-26,Changed Mind,4954.2
309444,9172571,2024-12-13,Damaged,6665.53
309445,9172574,2024-03-05,Damaged,3385.55
309446,9172578,2024-06-01,Changed Mind,1336.59
309447,9172604,2025-04-21,Late Delivery,3722.69
309448,9172606,2025-12-06,Wrong Item,1876.39
309449,9172639,2024-05-30,Changed Mind,2253.24
309450,9172657,2024-03-11,Damaged,1671.16
309451,9172659,2025-12-18,Quality Issue,2251.43
309452,9172716,2026-01-10,Changed Mind,823.9
309453,9172745,2025-03-30,Wrong Item,1394.78
309454,9172785,2024-03-10,Changed Mind,13834.01
309455,9172818,2024-12-20,Damaged,2265.0
309456,9172825,2025-12-21,Changed Mind,4804.71
309457,9172827,2024-12-20,Quality Issue,3783.04
309458,9172831,2024-01-22,Damaged,51007.73
309459,9172841,2025-11-11,Late Delivery,411.64
309460,9172846,2025-01-25,Late Delivery,1607.88
309461,9172858,2025-06-01,Changed Mind,4466.0
309462,9172875,2024-07-13,Wrong Item,5513.07
309463,9172882,2024-04-25,Late Delivery,939.92
309464,9172888,2025-11-02,Quality Issue,1998.81
309465,9172890,2024-07-07,Changed Mind,329.83
309466,9172891,2024-05-12,Changed Mind,2187.89
309467,9172900,2025-12-01,Changed Mind,1380.73
309468,9172912,2025-10-07,Damaged,877.64
309469,9172916,2024-12-09,Late Delivery,1556.16
309470,9172935,2025-06-30,Quality Issue,3889.3
309471,9172946,2025-03-31,Changed Mind,2503.05
309472,9172956,2024-02-04,Quality Issue,1945.93
309473,9173010,2024-10-19,Wrong Item,800.07
309474,9173017,2025-07-13,Damaged,42113.34
309475,9173037,2025-07-17,Damaged,3207.96
309476,9173051,2024-01-29,Wrong Item,464.32
309477,9173117,2024-08-15,Late Delivery,850.34
309478,9173153,2025-09-11,Late Delivery,2195.93
309479,9173201,2025-12-30,Wrong Item,889.04
309480,9173222,2024-06-14,Changed Mind,687.01
309481,9173246,2024-07-14,Damaged,4720.7
309482,9173289,2025-08-02,Quality Issue,1420.36
309483,9173315,2024-03-25,Changed Mind,531.45
309484,9173319,2025-11-04,Quality Issue,1211.15
309485,9173321,2025-02-26,Quality Issue,454.49
309486,9173329,2024-06-27,Changed Mind,13035.8
309487,9173333,2024-08-06,Wrong Item,10007.13
309488,9173343,2024-09-12,Quality Issue,759.38
309489,9173353,2024-09-07,Changed Mind,2828.69
309490,9173378,2024-11-20,Changed Mind,1976.2
309491,9173413,2025-11-01,Damaged,4528.27
309492,9173416,2025-08-31,Damaged,8449.54
309493,9173482,2024-04-06,Wrong Item,2346.87
309494,9173510,2024-11-16,Wrong Item,2125.65
309495,9173511,2024-06-27,Wrong Item,1032.77
309496,9173514,2024-08-04,Damaged,758.06
309497,9173520,2025-03-30,Changed Mind,920.57
309498,9173529,2024-03-14,Quality Issue,84.15
309499,9173530,2024-03-07,Quality Issue,640.18
309500,9173551,2025-11-09,Wrong Item,2817.98
309501,9173558,2025-01-03,Changed Mind,4141.61
309502,9173574,2025-07-25,Quality Issue,1221.59
309503,9173576,2025-03-17,Damaged,4123.36
309504,9173596,2025-08-17,Quality Issue,1870.29
309505,9173601,2025-04-12,Wrong Item,4104.44
309506,9173606,2024-06-01,Wrong Item,184.49
309507,9173621,2025-11-20,Late Delivery,1663.58
309508,9173625,2025-04-13,Changed Mind,1591.65
309509,9173645,2025-02-12,Late Delivery,1297.71
309510,9173658,2025-09-08,Damaged,217.53
309511,9173667,2024-06-16,Wrong Item,2443.6
309512,9173712,2024-01-31,Quality Issue,508.46
309513,9173713,2025-05-22,Quality Issue,3472.96
309514,9173714,2024-06-22,Quality Issue,6910.26
309515,9173720,2024-02-10,Late Delivery,825.8
309516,9173737,2024-05-25,Quality Issue,1153.7
309517,9173740,2024-03-26,Damaged,285.48
309518,9173748,2024-04-01,Damaged,245.02
309519,9173751,2024-11-01,Late Delivery,26533.42
309520,9173759,2024-05-15,Damaged,1429.5
309521,9173762,2024-07-03,Damaged,2043.06
309522,9173775,2025-10-14,Wrong Item,4939.35
309523,9173786,2025-04-07,Quality Issue,1212.03
309524,9173822,2025-03-05,Late Delivery,2847.8
309525,9173824,2024-08-19,Quality Issue,5141.14
309526,9173827,2025-09-23,Damaged,517.26
309527,9173831,2024-02-08,Wrong Item,6744.98
309528,9173850,2025-08-07,Changed Mind,4660.47
309529,9173860,2024-03-30,Quality Issue,1852.64
309530,9173887,2025-05-21,Wrong Item,12872.91
309531,9173910,2024-01-25,Damaged,5695.17
309532,9173911,2025-05-27,Changed Mind,1240.19
309533,9173914,2024-04-24,Quality Issue,907.83
309534,9173920,2025-10-07,Quality Issue,1882.29
309535,9173926,2025-10-21,Changed Mind,1103.03
309536,9173946,2025-04-03,Wrong Item,1612.46
309537,9173981,2024-08-15,Wrong Item,1566.57
309538,9174015,2024-07-23,Wrong Item,3097.96
309539,9174034,2024-12-24,Late Delivery,2234.57
309540,9174037,2024-11-19,Changed Mind,792.02
309541,9174079,2025-05-06,Damaged,3226.8
309542,9174081,2025-05-01,Damaged,79.2
309543,9174083,2025-02-20,Late Delivery,7590.8
309544,9174091,2025-06-14,Quality Issue,613.82
309545,9174138,2024-10-20,Wrong Item,3342.52
309546,9174147,2024-04-04,Damaged,10443.46
309547,9174181,2024-01-10,Wrong Item,8551.28
309548,9174195,2025-05-30,Changed Mind,444.52
309549,9174209,2025-01-20,Quality Issue,1833.32
309550,9174210,2025-03-24,Quality Issue,2206.23
309551,9174228,2025-02-28,Late Delivery,3849.66
309552,9174231,2024-05-10,Quality Issue,1688.11
309553,9174327,2025-07-28,Late Delivery,4956.58
309554,9174346,2024-12-02,Wrong Item,1148.8
309555,9174353,2024-08-11,Damaged,2213.94
309556,9174369,2024-02-14,Wrong Item,1647.84
309557,9174395,2024-01-22,Damaged,4616.66
309558,9174397,2024-06-24,Late Delivery,3887.35
309559,9174408,2024-03-12,Quality Issue,5613.01
309560,9174500,2024-11-24,Damaged,3562.89
309561,9174561,2025-10-04,Damaged,1491.3
309562,9174594,2024-08-26,Changed Mind,1324.47
309563,9174595,2025-06-22,Quality Issue,2052.45
309564,9174603,2024-08-20,Wrong Item,3750.85
309565,9174633,2024-10-06,Damaged,694.92
309566,9174651,2025-10-03,Changed Mind,11742.32
309567,9174664,2024-09-09,Damaged,3429.68
309568,9174679,2024-10-06,Quality Issue,19441.37
309569,9174684,2024-01-26,Changed Mind,17037.36
309570,9174719,2024-03-16,Wrong Item,679.28
309571,9174726,2024-06-26,Changed Mind,3192.18
309572,9174784,2024-02-21,Damaged,2038.5
309573,9174787,2024-07-24,Wrong Item,3014.03
309574,9174809,2025-01-29,Quality Issue,14544.75
309575,9174817,2024-04-16,Quality Issue,4348.35
309576,9174834,2024-03-26,Quality Issue,2011.92
309577,9174836,2025-04-11,Wrong Item,2317.39
309578,9174845,2025-05-20,Wrong Item,3240.3
309579,9174872,2024-02-24,Damaged,737.65
309580,9174892,2024-11-06,Late Delivery,1031.71
309581,9174899,2024-09-10,Quality Issue,15658.22
309582,9174906,2024-12-20,Wrong Item,3910.25
309583,9174909,2024-05-28,Damaged,2070.06
309584,9174917,2024-04-28,Damaged,2223.0
309585,9174932,2024-09-02,Quality Issue,781.69
309586,9174938,2025-10-11,Damaged,1369.03
309587,9174953,2025-01-20,Damaged,745.33
309588,9174965,2025-09-06,Changed Mind,2183.29
309589,9174993,2025-03-15,Changed Mind,4247.71
309590,9175006,2025-02-22,Changed Mind,767.31
309591,9175012,2024-11-22,Late Delivery,24989.77
309592,9175017,2024-05-18,Changed Mind,606.02
309593,9175039,2025-08-23,Late Delivery,2980.98
309594,9175074,2024-09-28,Quality Issue,317.79
309595,9175082,2024-09-06,Damaged,2784.42
309596,9175170,2025-12-04,Quality Issue,756.84
309597,9175193,2024-12-29,Changed Mind,1106.97
309598,9175206,2025-04-28,Changed Mind,339.18
309599,9175214,2025-12-04,Damaged,994.82
309600,9175216,2024-01-18,Changed Mind,357.71
309601,9175237,2024-05-17,Wrong Item,1138.67
309602,9175245,2025-02-21,Changed Mind,1199.01
309603,9175287,2025-05-14,Wrong Item,1166.49
309604,9175299,2025-04-18,Changed Mind,1004.97
309605,9175313,2025-09-22,Wrong Item,418.37
309606,9175320,2024-06-12,Changed Mind,891.6
309607,9175321,2025-08-31,Late Delivery,2571.1
309608,9175330,2025-11-20,Damaged,704.56
309609,9175350,2024-07-11,Damaged,4233.96
309610,9175354,2025-03-09,Changed Mind,826.24
309611,9175377,2024-09-26,Changed Mind,989.7
309612,9175437,2025-05-08,Changed Mind,2748.49
309613,9175448,2025-10-03,Damaged,4065.13
309614,9175480,2024-03-25,Changed Mind,2917.75
309615,9175506,2025-01-27,Wrong Item,1093.08
309616,9175518,2025-02-25,Wrong Item,2346.5
309617,9175527,2024-09-18,Quality Issue,731.98
309618,9175530,2025-11-09,Changed Mind,3244.24
309619,9175551,2024-05-26,Late Delivery,1404.71
309620,9175564,2025-06-01,Late Delivery,416.88
309621,9175583,2025-04-25,Late Delivery,1109.3
309622,9175610,2025-02-08,Wrong Item,3618.48
309623,9175637,2025-04-03,Late Delivery,4822.92
309624,9175666,2024-04-17,Damaged,802.71
309625,9175687,2024-07-01,Changed Mind,5302.54
309626,9175703,2025-08-19,Changed Mind,2662.06
309627,9175717,2024-02-20,Late Delivery,891.9
309628,9175721,2024-05-04,Wrong Item,1548.17
309629,9175734,2025-09-12,Late Delivery,1625.72
309630,9175747,2025-09-28,Wrong Item,815.65
309631,9175769,2024-03-11,Damaged,895.46
309632,9175792,2024-07-02,Changed Mind,56364.6
309633,9175799,2025-11-10,Late Delivery,8526.56
309634,9175844,2024-12-26,Wrong Item,504.42
309635,9175845,2025-03-11,Quality Issue,1600.75
309636,9175846,2025-11-10,Quality Issue,683.0
309637,9175854,2024-02-01,Late Delivery,1158.88
309638,9175860,2024-06-18,Changed Mind,1394.58
309639,9175875,2025-03-27,Damaged,2547.45
309640,9175888,2025-01-18,Wrong Item,5487.86
309641,9175892,2024-10-28,Changed Mind,173.02
309642,9175910,2024-08-19,Changed Mind,10174.29
309643,9175912,2025-02-16,Damaged,1924.22
309644,9175923,2024-08-31,Damaged,358.43
309645,9175948,2024-05-14,Changed Mind,2217.62
309646,9175958,2024-03-20,Quality Issue,1142.82
309647,9175962,2024-05-23,Changed Mind,2717.93
309648,9175979,2025-04-29,Wrong Item,4371.55
309649,9175984,2024-11-23,Damaged,7652.83
309650,9175989,2024-05-26,Damaged,2759.04
309651,9176040,2024-03-21,Changed Mind,2099.5
309652,9176058,2025-11-27,Changed Mind,1897.25
309653,9176133,2025-04-15,Damaged,1001.33
309654,9176141,2025-09-14,Quality Issue,16541.75
309655,9176150,2025-01-20,Wrong Item,643.46
309656,9176168,2025-04-30,Wrong Item,1531.05
309657,9176171,2025-09-05,Wrong Item,3929.92
309658,9176260,2024-12-19,Damaged,27203.54
309659,9176261,2025-09-12,Changed Mind,683.0
309660,9176271,2025-11-29,Damaged,13666.95
309661,9176300,2025-02-18,Wrong Item,1472.8
309662,9176311,2025-01-26,Wrong Item,144.06
309663,9176336,2024-08-13,Wrong Item,429.9
309664,9176339,2025-12-17,Late Delivery,1480.33
309665,9176371,2025-04-27,Changed Mind,370.88
309666,9176375,2025-02-28,Late Delivery,14873.6
309667,9176413,2024-11-15,Quality Issue,1656.42
309668,9176433,2024-07-11,Wrong Item,1997.65
309669,9176464,2025-04-21,Wrong Item,3788.33
309670,9176488,2024-10-22,Damaged,3511.54
309671,9176504,2025-10-24,Late Delivery,5367.04
309672,9176509,2024-03-31,Changed Mind,12728.64
309673,9176531,2025-02-10,Changed Mind,738.2
309674,9176542,2025-11-15,Wrong Item,1628.18
309675,9176543,2025-07-30,Wrong Item,6571.3
309676,9176550,2024-06-07,Late Delivery,2057.2
309677,9176565,2025-03-04,Wrong Item,423.95
309678,9176607,2025-01-08,Damaged,2463.85
309679,9176652,2024-02-24,Quality Issue,2164.2
309680,9176661,2024-12-07,Changed Mind,648.57
309681,9176693,2025-03-06,Changed Mind,4155.27
309682,9176705,2024-10-11,Changed Mind,5629.18
309683,9176706,2024-12-08,Wrong Item,1279.05
309684,9176744,2024-01-13,Quality Issue,5114.3
309685,9176750,2025-03-12,Quality Issue,651.78
309686,9176758,2025-09-24,Late Delivery,345.19
309687,9176799,2024-06-13,Wrong Item,36717.93
309688,9176822,2024-05-28,Quality Issue,2533.83
309689,9176832,2025-11-16,Quality Issue,5088.91
309690,9176872,2024-12-11,Damaged,2218.53
309691,9176889,2024-02-29,Quality Issue,870.6
309692,9176893,2024-02-03,Wrong Item,2753.53
309693,9176951,2024-09-26,Damaged,22627.53
309694,9176994,2024-08-03,Damaged,5149.76
309695,9176997,2024-02-29,Quality Issue,568.66
309696,9177022,2024-03-31,Late Delivery,527.1
309697,9177059,2025-07-19,Wrong Item,4319.5
309698,9177061,2025-03-01,Changed Mind,518.57
309699,9177082,2025-02-02,Late Delivery,3484.8
309700,9177087,2024-06-03,Late Delivery,803.89
309701,9177088,2025-01-13,Quality Issue,4589.33
309702,9177166,2025-05-11,Changed Mind,2882.72
309703,9177172,2024-11-16,Changed Mind,11480.37
309704,9177173,2025-03-13,Wrong Item,2796.0
309705,9177187,2025-08-03,Wrong Item,5411.35
309706,9177207,2025-09-13,Damaged,36047.74
309707,9177211,2025-12-19,Late Delivery,673.02
309708,9177253,2025-04-25,Changed Mind,1507.18
309709,9177283,2024-06-07,Wrong Item,22412.54
309710,9177362,2025-01-11,Damaged,3880.96
309711,9177373,2024-08-22,Damaged,6084.09
309712,9177382,2025-11-06,Damaged,406.4
309713,9177383,2025-01-20,Wrong Item,593.8
309714,9177452,2024-01-16,Changed Mind,411.02
309715,9177476,2024-06-12,Late Delivery,465.28
309716,9177494,2024-12-28,Damaged,2718.16
309717,9177510,2024-09-17,Quality Issue,18602.44
309718,9177567,2024-06-21,Changed Mind,1308.14
309719,9177581,2025-06-09,Changed Mind,1135.21
309720,9177582,2025-03-14,Late Delivery,845.92
309721,9177603,2024-12-21,Quality Issue,1525.92
309722,9177614,2024-12-11,Wrong Item,1573.33
309723,9177673,2025-01-02,Changed Mind,2573.14
309724,9177677,2025-06-04,Wrong Item,2955.58
309725,9177696,2024-03-13,Late Delivery,1031.62
309726,9177700,2025-03-13,Quality Issue,4099.76
309727,9177716,2025-07-04,Wrong Item,1557.19
309728,9177727,2024-07-17,Quality Issue,1855.18
309729,9177732,2025-10-01,Damaged,492.77
309730,9177750,2024-09-05,Wrong Item,2250.41
309731,9177752,2024-06-24,Changed Mind,1462.13
309732,9177764,2024-04-30,Wrong Item,3731.25
309733,9177789,2025-10-02,Quality Issue,613.16
309734,9177790,2025-08-18,Damaged,4294.4
309735,9177794,2025-06-17,Quality Issue,1751.45
309736,9177795,2024-09-29,Late Delivery,56083.44
309737,9177841,2025-11-06,Damaged,1859.42
309738,9177847,2025-03-31,Late Delivery,1450.51
309739,9177878,2024-05-03,Changed Mind,282.15
309740,9177901,2024-12-27,Changed Mind,1417.62
309741,9177913,2025-02-08,Damaged,1870.76
309742,9177923,2024-03-14,Quality Issue,4115.46
309743,9177924,2024-10-22,Changed Mind,6318.02
309744,9177936,2025-03-31,Damaged,154024.38
309745,9177942,2025-06-01,Damaged,289.44
309746,9178030,2024-12-31,Quality Issue,1985.0
309747,9178066,2025-02-07,Changed Mind,8010.67
309748,9178067,2024-07-08,Quality Issue,1812.3
309749,9178090,2024-11-24,Damaged,2125.11
309750,9178104,2024-07-14,Wrong Item,6652.87
309751,9178130,2025-05-07,Late Delivery,5114.74
309752,9178142,2024-09-18,Damaged,4618.42
309753,9178146,2025-01-27,Quality Issue,608.34
309754,9178151,2024-01-17,Changed Mind,548.14
309755,9178174,2025-09-06,Quality Issue,4380.94
309756,9178179,2024-01-26,Wrong Item,3486.42
309757,9178202,2025-01-29,Wrong Item,4112.4
309758,9178224,2025-03-14,Changed Mind,8713.88
309759,9178228,2024-05-08,Wrong Item,11890.85
309760,9178254,2024-07-06,Wrong Item,2799.68
309761,9178255,2025-05-21,Wrong Item,641.02
309762,9178267,2024-12-25,Late Delivery,1238.59
309763,9178314,2025-09-09,Late Delivery,2097.41
309764,9178354,2024-12-27,Changed Mind,3584.7
309765,9178405,2025-02-23,Quality Issue,20508.58
309766,9178426,2024-03-07,Changed Mind,2532.12
309767,9178428,2025-03-21,Wrong Item,1160.41
309768,9178440,2026-01-08,Quality Issue,3356.88
309769,9178447,2024-09-30,Changed Mind,1518.76
309770,9178459,2025-06-22,Wrong Item,4262.94
309771,9178466,2024-04-27,Damaged,648.51
309772,9178467,2025-07-11,Late Delivery,4992.88
309773,9178494,2024-12-09,Damaged,553.94
309774,9178496,2024-10-01,Quality Issue,15144.32
309775,9178510,2024-02-29,Changed Mind,1037.24
309776,9178533,2025-12-09,Damaged,3089.35
309777,9178601,2025-03-05,Wrong Item,1474.34
309778,9178662,2025-03-08,Changed Mind,1343.48
309779,9178674,2024-09-06,Changed Mind,320.59
309780,9178677,2025-04-03,Damaged,5611.97
309781,9178694,2025-05-26,Late Delivery,1031.48
309782,9178696,2024-07-01,Quality Issue,972.76
309783,9178699,2024-02-26,Wrong Item,901.88
309784,9178743,2025-09-09,Wrong Item,637.13
309785,9178755,2025-02-23,Wrong Item,1394.37
309786,9178833,2025-01-24,Changed Mind,970.27
309787,9178850,2024-04-07,Wrong Item,5368.45
309788,9178861,2025-06-07,Quality Issue,371.18
309789,9178875,2025-07-20,Late Delivery,8121.13
309790,9178879,2024-03-07,Wrong Item,400.19
309791,9178880,2025-04-05,Quality Issue,790.19
309792,9178902,2024-07-30,Quality Issue,1940.06
309793,9178919,2025-10-31,Changed Mind,5865.37
309794,9178942,2024-02-25,Quality Issue,357.71
309795,9178986,2025-08-11,Damaged,3144.89
309796,9179019,2024-12-06,Quality Issue,4144.18
309797,9179030,2025-12-18,Damaged,11015.01
309798,9179039,2025-01-13,Damaged,680.37
309799,9179051,2024-08-07,Wrong Item,2999.2
309800,9179097,2024-07-27,Wrong Item,1523.25
309801,9179099,2024-06-23,Late Delivery,588.02
309802,9179104,2024-01-14,Changed Mind,1255.11
309803,9179118,2025-05-10,Quality Issue,992.52
309804,9179122,2025-07-09,Wrong Item,2663.42
309805,9179124,2024-02-04,Changed Mind,2009.74
309806,9179151,2025-10-09,Wrong Item,3557.3
309807,9179155,2024-10-07,Late Delivery,1141.83
309808,9179182,2024-03-28,Quality Issue,120.25
309809,9179187,2024-11-23,Quality Issue,965.64
309810,9179212,2024-05-14,Wrong Item,9582.12
309811,9179229,2025-09-26,Wrong Item,40072.24
309812,9179262,2025-03-16,Late Delivery,39257.82
309813,9179283,2024-12-07,Damaged,859.3
309814,9179310,2025-03-16,Wrong Item,12000.21
309815,9179324,2025-08-02,Damaged,699.22
309816,9179341,2024-03-30,Damaged,683.0
309817,9179365,2025-04-19,Late Delivery,2962.95
309818,9179438,2025-01-14,Late Delivery,500.53
309819,9179490,2025-09-01,Damaged,12634.03
309820,9179497,2025-01-31,Wrong Item,5149.76
309821,9179510,2024-07-25,Late Delivery,2354.61
309822,9179526,2024-09-29,Damaged,457.28
309823,9179542,2025-05-23,Damaged,776.83
309824,9179547,2025-06-10,Quality Issue,3298.48
309825,9179559,2025-01-01,Quality Issue,2898.54
309826,9179589,2025-11-17,Late Delivery,13155.95
309827,9179609,2024-06-23,Changed Mind,1751.84
309828,9179634,2024-01-25,Late Delivery,906.15
309829,9179675,2024-11-09,Changed Mind,4616.66
309830,9179711,2025-09-06,Wrong Item,956.47
309831,9179723,2025-08-05,Changed Mind,4736.43
309832,9179747,2025-06-14,Quality Issue,1265.18
309833,9179797,2025-02-10,Changed Mind,2346.5
309834,9179798,2024-02-16,Quality Issue,1974.42
309835,9179837,2025-03-20,Late Delivery,17348.91
309836,9179860,2024-05-29,Changed Mind,6298.5
309837,9179874,2024-07-05,Damaged,995.2
309838,9179882,2025-01-19,Wrong Item,7434.86
309839,9179917,2024-11-28,Changed Mind,346.05
309840,9179926,2024-08-01,Changed Mind,498.51
309841,9179974,2024-02-29,Quality Issue,5479.56
309842,9179983,2025-08-24,Late Delivery,2700.14
309843,9179984,2025-11-21,Late Delivery,671.79
309844,9179998,2025-02-13,Damaged,2039.84
309845,9180004,2024-08-15,Quality Issue,4175.25
309846,9180084,2024-11-26,Quality Issue,3314.17
309847,9180094,2026-01-04,Wrong Item,630.78
309848,9180096,2024-09-07,Wrong Item,4065.8
309849,9180097,2024-04-24,Damaged,1216.68
309850,9180122,2024-10-05,Damaged,1006.64
309851,9180158,2025-04-25,Late Delivery,7272.48
309852,9180182,2024-10-18,Quality Issue,1863.56
309853,9180241,2024-12-19,Damaged,4803.85
309854,9180333,2024-04-26,Damaged,816.37
309855,9180339,2024-10-02,Damaged,1488.42
309856,9180381,2024-12-26,Changed Mind,3421.92
309857,9180389,2025-05-15,Changed Mind,5171.79
309858,9180392,2025-07-11,Wrong Item,18251.49
309859,9180395,2024-10-24,Late Delivery,20272.25
309860,9180398,2025-11-02,Damaged,12055.95
309861,9180411,2025-10-22,Wrong Item,2166.17
309862,9180417,2024-11-18,Changed Mind,25939.16
309863,9180420,2024-06-27,Late Delivery,5435.44
309864,9180422,2025-11-03,Wrong Item,10827.3
309865,9180432,2025-06-29,Quality Issue,5837.79
309866,9180455,2024-12-10,Changed Mind,6120.7
309867,9180459,2025-09-07,Late Delivery,2356.41
309868,9180531,2024-10-10,Damaged,1174.33
309869,9180533,2025-06-21,Late Delivery,723.5
309870,9180535,2024-11-08,Quality Issue,2839.99
309871,9180550,2025-02-09,Damaged,2086.13
309872,9180564,2025-09-29,Damaged,2125.5
309873,9180566,2024-10-27,Changed Mind,510.51
309874,9180579,2024-02-18,Changed Mind,2440.92
309875,9180581,2025-08-03,Changed Mind,3645.18
309876,9180587,2024-03-21,Late Delivery,1156.8
309877,9180616,2025-01-24,Late Delivery,885.19
309878,9180652,2024-03-20,Damaged,3921.32
309879,9180774,2024-10-17,Quality Issue,506.95
309880,9180803,2024-09-22,Damaged,4638.21
309881,9180807,2024-09-12,Late Delivery,2002.65
309882,9180839,2024-11-01,Late Delivery,809.34
309883,9180842,2024-06-23,Wrong Item,1421.24
309884,9180871,2025-10-04,Late Delivery,328.33
309885,9180891,2025-02-22,Wrong Item,2901.08
309886,9180898,2025-09-11,Quality Issue,14500.1
309887,9180924,2024-08-16,Wrong Item,2607.12
309888,9180925,2024-12-29,Wrong Item,1081.41
309889,9180941,2025-07-02,Changed Mind,1225.59
309890,9180992,2025-01-28,Late Delivery,3898.04
309891,9181006,2025-11-01,Late Delivery,4407.34
309892,9181008,2024-12-06,Changed Mind,26588.46
309893,9181023,2024-05-26,Wrong Item,1835.71
309894,9181063,2024-04-14,Late Delivery,3965.34
309895,9181091,2024-06-13,Wrong Item,2154.77
309896,9181095,2025-01-16,Late Delivery,732.96
309897,9181125,2025-11-28,Quality Issue,1301.92
309898,9181136,2024-05-05,Late Delivery,7378.14
309899,9181155,2024-03-24,Damaged,3841.42
309900,9181179,2024-10-05,Late Delivery,38142.68
309901,9181200,2025-08-30,Late Delivery,60546.82
309902,9181206,2024-05-19,Changed Mind,1374.84
309903,9181250,2024-12-31,Quality Issue,266.86
309904,9181262,2024-04-04,Late Delivery,1267.66
309905,9181288,2024-04-27,Quality Issue,811.64
309906,9181299,2026-01-05,Late Delivery,1625.36
309907,9181301,2024-06-24,Changed Mind,1735.18
309908,9181303,2024-04-24,Quality Issue,1975.15
309909,9181310,2024-03-24,Quality Issue,15640.27
309910,9181363,2024-04-01,Late Delivery,2791.59
309911,9181364,2025-04-26,Late Delivery,1363.39
309912,9181365,2024-04-07,Changed Mind,681.59
309913,9181369,2024-07-31,Quality Issue,1876.61
309914,9181405,2024-01-03,Changed Mind,4506.48
309915,9181430,2025-11-11,Late Delivery,15856.49
309916,9181432,2026-01-06,Late Delivery,631.9
309917,9181433,2024-02-14,Quality Issue,664.66
309918,9181448,2024-05-26,Wrong Item,145.06
309919,9181457,2024-04-07,Wrong Item,1429.52
309920,9181471,2025-08-13,Late Delivery,3664.61
309921,9181473,2025-07-15,Changed Mind,2152.76
309922,9181484,2024-03-02,Changed Mind,3861.69
309923,9181505,2024-04-14,Damaged,725.85
309924,9181507,2024-04-20,Wrong Item,93642.89
309925,9181510,2026-01-04,Damaged,7651.46
309926,9181538,2024-12-11,Wrong Item,665.71
309927,9181539,2025-12-10,Damaged,764.82
309928,9181582,2024-07-07,Wrong Item,2764.95
309929,9181602,2025-04-20,Late Delivery,2194.3
309930,9181623,2024-04-07,Damaged,1368.67
309931,9181682,2025-03-22,Damaged,2292.71
309932,9181690,2024-05-30,Changed Mind,843.7
309933,9181711,2025-04-13,Quality Issue,1134.33
309934,9181815,2025-03-09,Wrong Item,9003.24
309935,9181816,2025-10-18,Quality Issue,1414.69
309936,9181836,2024-11-10,Damaged,1429.52
309937,9181891,2024-09-26,Late Delivery,399.82
309938,9181913,2024-06-10,Wrong Item,6577.53
309939,9181948,2024-08-25,Wrong Item,2351.0
309940,9181950,2024-11-01,Late Delivery,1081.62
309941,9182004,2025-01-09,Wrong Item,1492.64
309942,9182031,2024-12-21,Late Delivery,1449.36
309943,9182050,2024-01-21,Damaged,34994.47
309944,9182056,2024-08-13,Quality Issue,583.0
309945,9182058,2025-07-13,Wrong Item,1574.74
309946,9182078,2024-07-12,Quality Issue,1340.23
309947,9182089,2025-11-17,Changed Mind,408.92
309948,9182095,2026-01-07,Changed Mind,998.84
309949,9182112,2024-08-21,Late Delivery,3080.42
309950,9182120,2025-12-09,Changed Mind,4943.66
309951,9182138,2025-01-31,Damaged,2489.04
309952,9182139,2025-11-18,Late Delivery,1346.66
309953,9182144,2024-03-05,Late Delivery,1519.22
309954,9182174,2025-04-06,Wrong Item,1489.59
309955,9182177,2025-07-01,Changed Mind,9029.56
309956,9182194,2025-01-05,Late Delivery,68656.82
309957,9182209,2024-05-20,Late Delivery,5767.6
309958,9182216,2024-12-25,Damaged,2040.52
309959,9182268,2024-04-30,Wrong Item,1043.57
309960,9182301,2024-04-15,Late Delivery,373.4
309961,9182314,2025-06-13,Changed Mind,1279.33
309962,9182346,2025-10-05,Wrong Item,1753.64
309963,9182354,2025-03-15,Quality Issue,1012.15
309964,9182359,2025-07-26,Late Delivery,2326.67
309965,9182377,2025-10-25,Wrong Item,10398.16
309966,9182379,2025-10-02,Changed Mind,20410.29
309967,9182406,2024-09-20,Late Delivery,1884.82
309968,9182411,2024-07-08,Quality Issue,949.65
309969,9182487,2025-09-16,Damaged,4711.34
309970,9182488,2024-07-07,Damaged,5200.34
309971,9182513,2024-07-06,Late Delivery,3665.04
309972,9182523,2025-11-07,Damaged,859.42
309973,9182534,2025-04-22,Damaged,37573.76
309974,9182538,2025-03-28,Changed Mind,1598.41
309975,9182539,2025-02-07,Late Delivery,1084.1
309976,9182541,2024-07-11,Changed Mind,7968.65
309977,9182546,2025-09-23,Wrong Item,416.07
309978,9182556,2025-10-19,Late Delivery,280.58
309979,9182622,2025-07-20,Damaged,1326.09
309980,9182644,2024-03-17,Late Delivery,2060.4
309981,9182647,2024-10-31,Damaged,925.79
309982,9182673,2024-07-31,Changed Mind,722.75
309983,9182693,2024-09-17,Changed Mind,3271.98
309984,9182716,2025-06-25,Quality Issue,9000.04
309985,9182719,2025-05-24,Quality Issue,1534.78
309986,9182723,2025-01-08,Late Delivery,535.48
309987,9182725,2024-09-20,Wrong Item,3898.04
309988,9182752,2024-07-06,Quality Issue,1848.63
309989,9182754,2024-07-21,Changed Mind,6468.3
309990,9182789,2025-07-03,Wrong Item,9606.56
309991,9182805,2024-08-22,Wrong Item,1511.42
309992,9182824,2025-01-06,Damaged,17582.89
309993,9182838,2025-04-20,Quality Issue,3438.67
309994,9182943,2024-06-29,Changed Mind,1125.12
309995,9182958,2025-03-28,Wrong Item,1500.61
309996,9183000,2024-08-14,Wrong Item,1475.06
309997,9183008,2024-08-18,Late Delivery,2994.88
309998,9183031,2025-08-12,Changed Mind,1703.96
309999,9183068,2025-05-26,Quality Issue,2981.36
310000,9183084,2024-03-15,Changed Mind,901.82
310001,9183098,2025-08-12,Changed Mind,2265.0
310002,9183102,2024-07-21,Damaged,223.75
310003,9183105,2024-12-03,Changed Mind,547.38
310004,9183120,2024-07-02,Wrong Item,3073.14
310005,9183131,2024-09-29,Damaged,629.33
310006,9183134,2025-08-29,Late Delivery,3655.1
310007,9183179,2025-10-09,Wrong Item,2401.64
310008,9183206,2025-04-21,Wrong Item,2519.26
310009,9183229,2024-05-26,Damaged,9709.72
310010,9183236,2024-07-09,Late Delivery,406.22
310011,9183249,2024-02-26,Wrong Item,2013.54
310012,9183288,2024-05-04,Damaged,1428.48
310013,9183302,2024-06-08,Changed Mind,1116.9
310014,9183332,2024-12-25,Damaged,1792.35
310015,9183333,2024-08-02,Damaged,2086.14
310016,9183398,2024-01-30,Late Delivery,3392.41
310017,9183427,2025-09-04,Changed Mind,870.76
310018,9183448,2024-09-22,Changed Mind,1176.27
310019,9183452,2025-01-31,Quality Issue,5693.35
310020,9183458,2024-08-04,Quality Issue,1742.82
310021,9183469,2024-09-30,Late Delivery,2836.07
310022,9183508,2025-01-14,Quality Issue,2207.44
310023,9183509,2024-06-09,Quality Issue,1983.42
310024,9183557,2024-02-13,Late Delivery,4970.14
310025,9183561,2025-10-31,Wrong Item,6115.0
310026,9183565,2025-05-22,Wrong Item,2010.19
310027,9183576,2024-05-11,Changed Mind,6702.09
310028,9183597,2024-02-07,Late Delivery,7246.57
310029,9183606,2024-10-01,Late Delivery,1675.82
310030,9183637,2025-08-06,Wrong Item,447.16
310031,9183657,2024-06-18,Late Delivery,15854.35
310032,9183666,2025-04-03,Damaged,921.49
310033,9183672,2025-12-16,Late Delivery,2992.4
310034,9183727,2024-08-30,Quality Issue,4723.38
310035,9183745,2025-09-23,Changed Mind,1893.73
310036,9183750,2024-12-21,Quality Issue,567.38
310037,9183780,2024-10-13,Damaged,1686.54
310038,9183797,2025-04-23,Wrong Item,8560.98
310039,9183875,2024-04-20,Late Delivery,550.66
310040,9183883,2024-04-03,Changed Mind,2152.76
310041,9183915,2024-06-08,Changed Mind,1524.69
310042,9183934,2024-11-15,Late Delivery,10465.39
310043,9183942,2025-10-27,Changed Mind,521.75
310044,9183976,2024-10-15,Quality Issue,2895.87
310045,9183994,2025-03-05,Wrong Item,1086.39
310046,9184008,2025-04-06,Quality Issue,1149.93
310047,9184054,2024-05-10,Damaged,2160.72
310048,9184058,2025-04-10,Quality Issue,493.31
310049,9184060,2025-03-03,Quality Issue,2748.49
310050,9184068,2024-03-08,Changed Mind,53849.91
310051,9184093,2024-11-06,Changed Mind,2794.44
310052,9184095,2024-10-14,Wrong Item,1912.6
310053,9184125,2025-05-10,Quality Issue,642.58
310054,9184137,2024-10-15,Quality Issue,2135.76
310055,9184144,2025-04-21,Quality Issue,47918.7
310056,9184146,2024-08-08,Wrong Item,906.44
310057,9184147,2024-11-25,Quality Issue,3572.96
310058,9184180,2025-08-25,Quality Issue,157.45
310059,9184191,2025-06-20,Quality Issue,47569.47
310060,9184231,2024-05-30,Damaged,15057.27
310061,9184262,2024-04-11,Quality Issue,1203.82
310062,9184277,2024-01-08,Changed Mind,2537.5
310063,9184293,2024-03-04,Damaged,2870.28
310064,9184312,2026-01-06,Wrong Item,1647.68
310065,9184317,2024-04-04,Damaged,2454.1
310066,9184335,2024-09-21,Quality Issue,470.04
310067,9184339,2024-06-24,Changed Mind,634.81
310068,9184381,2024-09-18,Late Delivery,658.75
310069,9184383,2024-11-29,Late Delivery,2859.07
310070,9184388,2025-11-17,Changed Mind,10479.1
310071,9184403,2025-05-19,Changed Mind,651.61
310072,9184432,2025-01-05,Damaged,1674.36
310073,9184437,2025-11-06,Quality Issue,140.99
310074,9184442,2025-10-19,Late Delivery,4179.51
310075,9184461,2024-10-05,Quality Issue,837.78
310076,9184507,2024-02-14,Quality Issue,646.08
310077,9184515,2025-07-07,Damaged,522.86
310078,9184518,2025-11-03,Damaged,1942.43
310079,9184617,2025-07-24,Changed Mind,441.25
310080,9184620,2024-07-18,Quality Issue,1344.28
310081,9184631,2025-03-25,Quality Issue,18557.36
310082,9184717,2024-03-23,Changed Mind,6256.4
310083,9184730,2024-12-24,Changed Mind,3653.64
310084,9184745,2024-05-25,Late Delivery,1423.89
310085,9184761,2024-02-19,Quality Issue,635.76
310086,9184786,2024-12-01,Late Delivery,15319.34
310087,9184805,2024-03-17,Damaged,895.34
310088,9184809,2025-11-02,Quality Issue,1524.35
310089,9184817,2025-05-21,Damaged,5649.52
310090,9184819,2024-01-27,Changed Mind,2137.85
310091,9184824,2025-04-02,Wrong Item,671.13
310092,9184837,2025-10-23,Quality Issue,1473.38
310093,9184849,2024-06-27,Wrong Item,4522.07
310094,9184871,2025-10-17,Damaged,2905.33
310095,9184887,2024-08-06,Wrong Item,34035.97
310096,9184933,2025-04-21,Changed Mind,6170.49
310097,9184936,2025-10-30,Late Delivery,1431.96
310098,9184957,2024-05-18,Damaged,11424.17
310099,9184975,2025-04-01,Wrong Item,2137.89
310100,9184992,2024-12-29,Wrong Item,2453.64
310101,9185003,2024-11-06,Damaged,320.7
310102,9185019,2024-03-07,Late Delivery,1436.69
310103,9185039,2025-03-06,Quality Issue,2060.08
310104,9185051,2024-06-11,Wrong Item,13697.49
310105,9185054,2025-05-23,Quality Issue,1268.75
310106,9185059,2025-07-04,Late Delivery,2659.02
310107,9185075,2025-08-07,Changed Mind,4616.89
310108,9185107,2025-05-17,Changed Mind,582.14
310109,9185121,2025-04-30,Quality Issue,26378.09
310110,9185191,2024-01-19,Damaged,1987.9
310111,9185200,2025-10-30,Damaged,621.68
310112,9185214,2024-04-17,Wrong Item,1624.31
310113,9185233,2025-06-23,Wrong Item,1241.79
310114,9185250,2024-10-11,Changed Mind,433.52
310115,9185254,2024-07-06,Quality Issue,172.13
310116,9185278,2025-05-08,Late Delivery,9607.93
310117,9185321,2024-12-27,Quality Issue,1115.86
310118,9185328,2025-11-28,Late Delivery,4468.96
310119,9185405,2025-05-01,Damaged,7131.35
310120,9185414,2024-01-21,Quality Issue,3820.97
310121,9185421,2025-04-18,Late Delivery,3263.08
310122,9185437,2024-11-10,Damaged,1205.77
310123,9185444,2024-06-21,Damaged,40553.71
310124,9185454,2024-03-18,Late Delivery,25415.95
310125,9185456,2025-11-28,Wrong Item,2092.16
310126,9185462,2024-07-19,Changed Mind,2642.47
310127,9185477,2025-12-10,Wrong Item,509.78
310128,9185481,2024-08-05,Damaged,2251.42
310129,9185485,2025-11-17,Changed Mind,35246.74
310130,9185530,2024-07-27,Changed Mind,350.46
310131,9185594,2025-01-26,Late Delivery,2149.4
310132,9185601,2025-12-05,Damaged,63749.29
310133,9185631,2024-12-11,Damaged,16525.16
310134,9185632,2025-03-14,Changed Mind,4019.4
310135,9185649,2025-11-13,Changed Mind,1343.72
310136,9185660,2024-07-26,Wrong Item,1673.35
310137,9185662,2025-02-16,Quality Issue,3198.41
310138,9185680,2025-03-25,Late Delivery,1924.83
310139,9185715,2025-04-27,Late Delivery,1807.32
310140,9185734,2025-01-20,Wrong Item,2020.05
310141,9185737,2024-07-21,Damaged,906.26
310142,9185747,2025-02-22,Wrong Item,791.06
310143,9185754,2024-04-05,Wrong Item,740.9
310144,9185765,2025-05-09,Quality Issue,2569.39
310145,9185786,2025-07-08,Wrong Item,1655.68
310146,9185792,2024-01-12,Damaged,2284.8
310147,9185800,2025-12-02,Damaged,206.26
310148,9185804,2025-01-03,Damaged,512.89
310149,9185807,2025-08-10,Changed Mind,5983.24
310150,9185823,2024-11-16,Changed Mind,453.98
310151,9185851,2025-05-14,Changed Mind,1098.78
310152,9185853,2024-03-31,Wrong Item,2070.47
310153,9185913,2025-06-09,Wrong Item,5001.32
310154,9185944,2024-10-24,Quality Issue,5154.37
310155,9185961,2025-08-16,Late Delivery,1009.61
310156,9185962,2025-07-18,Quality Issue,680.18
310157,9185963,2025-03-21,Damaged,1185.5
310158,9185965,2024-12-18,Changed Mind,981.91
310159,9185989,2025-09-16,Wrong Item,3706.71
310160,9185994,2025-06-17,Quality Issue,1094.87
310161,9186005,2024-03-19,Quality Issue,2086.13
310162,9186014,2025-04-26,Changed Mind,2204.54
310163,9186018,2025-05-16,Quality Issue,341.67
310164,9186047,2025-11-07,Wrong Item,1863.13
310165,9186079,2025-06-11,Changed Mind,742.55
310166,9186108,2025-10-20,Changed Mind,546.99
310167,9186119,2025-08-25,Wrong Item,3727.12
310168,9186127,2025-01-05,Damaged,3329.72
310169,9186131,2024-08-18,Late Delivery,588.5
310170,9186142,2024-03-27,Late Delivery,642.96
310171,9186160,2025-05-05,Damaged,1477.84
310172,9186205,2024-10-25,Wrong Item,4147.17
310173,9186241,2024-05-12,Late Delivery,575.69
310174,9186245,2025-05-13,Changed Mind,3035.16
310175,9186246,2025-12-22,Late Delivery,1150.16
310176,9186263,2025-04-03,Wrong Item,157.6
310177,9186281,2025-01-07,Late Delivery,483.59
310178,9186292,2024-03-13,Damaged,2189.07
310179,9186297,2024-06-13,Late Delivery,1573.21
310180,9186338,2024-04-05,Late Delivery,1471.59
310181,9186349,2024-07-12,Changed Mind,3359.55
310182,9186358,2025-09-21,Wrong Item,1172.06
310183,9186365,2025-08-19,Quality Issue,1012.89
310184,9186390,2025-05-17,Changed Mind,3067.0
310185,9186400,2024-03-11,Quality Issue,3505.66
310186,9186407,2025-04-18,Late Delivery,979.48
310187,9186411,2024-10-31,Wrong Item,1479.71
310188,9186417,2024-07-12,Damaged,3233.52
310189,9186418,2025-10-22,Damaged,289.0
310190,9186445,2025-04-18,Quality Issue,272.94
310191,9186470,2024-11-11,Late Delivery,1156.06
310192,9186487,2025-04-21,Wrong Item,751.79
310193,9186507,2025-05-21,Damaged,810.56
310194,9186561,2024-12-09,Quality Issue,1795.82
310195,9186586,2025-06-02,Wrong Item,1136.4
310196,9186595,2025-11-09,Late Delivery,7724.64
310197,9186630,2025-08-16,Damaged,42235.22
310198,9186656,2024-12-04,Late Delivery,423.34
310199,9186664,2025-09-26,Damaged,1053.05
310200,9186681,2024-11-26,Changed Mind,1177.3
310201,9186702,2025-02-15,Quality Issue,338.15
310202,9186708,2024-12-15,Damaged,1898.12
310203,9186718,2025-01-03,Quality Issue,41754.06
310204,9186740,2025-07-09,Damaged,2288.17
310205,9186748,2025-09-18,Wrong Item,4359.86
310206,9186762,2024-06-12,Wrong Item,2151.65
310207,9186763,2024-05-05,Changed Mind,8293.89
310208,9186772,2025-03-23,Quality Issue,884.03
310209,9186775,2025-06-08,Wrong Item,1477.27
310210,9186776,2024-08-23,Late Delivery,1404.39
310211,9186841,2025-12-01,Damaged,555.0
310212,9186853,2024-12-25,Quality Issue,460.56
310213,9186883,2025-10-01,Changed Mind,883.0
310214,9186884,2024-06-23,Changed Mind,2061.21
310215,9186915,2024-06-01,Late Delivery,715.38
310216,9186919,2025-02-08,Late Delivery,2269.32
310217,9186921,2026-01-02,Damaged,3160.61
310218,9186923,2025-12-09,Late Delivery,1649.81
310219,9186936,2025-08-30,Wrong Item,1078.39
310220,9186942,2025-09-07,Late Delivery,48622.82
310221,9186946,2024-01-23,Wrong Item,3160.61
310222,9186964,2024-11-05,Damaged,2144.58
310223,9186990,2025-12-24,Wrong Item,1780.14
310224,9186991,2025-06-04,Changed Mind,7919.06
310225,9187017,2024-05-10,Late Delivery,22467.05
310226,9187036,2024-02-25,Quality Issue,25500.44
310227,9187047,2024-07-20,Wrong Item,478.61
310228,9187084,2025-06-15,Wrong Item,3791.52
310229,9187087,2024-07-06,Wrong Item,1454.0
310230,9187092,2024-04-28,Quality Issue,2355.67
310231,9187099,2024-03-02,Wrong Item,1615.3
310232,9187111,2024-06-26,Late Delivery,7004.79
310233,9187117,2024-08-29,Damaged,920.5
310234,9187141,2025-07-10,Changed Mind,4204.38
310235,9187159,2025-01-29,Changed Mind,3157.91
310236,9187258,2025-07-24,Quality Issue,3840.16
310237,9187273,2025-02-15,Late Delivery,544.87
310238,9187277,2025-03-30,Changed Mind,1907.16
310239,9187298,2025-08-03,Wrong Item,341.67
310240,9187304,2025-11-21,Late Delivery,8253.23
310241,9187320,2025-09-28,Late Delivery,3956.74
310242,9187342,2025-12-23,Late Delivery,3650.72
310243,9187344,2025-11-16,Late Delivery,945.29
310244,9187406,2025-05-09,Late Delivery,2251.86
310245,9187412,2025-01-02,Quality Issue,314.42
310246,9187416,2025-10-23,Wrong Item,257.83
310247,9187436,2025-02-09,Changed Mind,5396.25
310248,9187439,2024-06-14,Damaged,834.78
310249,9187466,2024-04-26,Changed Mind,886.99
310250,9187484,2025-02-13,Wrong Item,408.92
310251,9187486,2025-08-02,Quality Issue,2629.78
310252,9187510,2025-12-18,Late Delivery,882.78
310253,9187535,2024-06-14,Wrong Item,1775.85
310254,9187574,2025-11-30,Quality Issue,1099.58
310255,9187579,2024-03-09,Changed Mind,1877.5
310256,9187605,2024-10-06,Damaged,3342.32
310257,9187619,2025-11-04,Wrong Item,195.08
310258,9187621,2024-07-20,Late Delivery,2746.4
310259,9187649,2024-05-30,Damaged,981.67
310260,9187673,2024-04-13,Late Delivery,2908.01
310261,9187682,2024-10-30,Wrong Item,463.18
310262,9187687,2025-04-17,Damaged,3156.21
310263,9187701,2025-08-10,Quality Issue,1319.03
310264,9187724,2025-07-05,Changed Mind,3606.45
310265,9187725,2024-03-21,Wrong Item,4317.0
310266,9187752,2024-04-10,Wrong Item,2665.08
310267,9187754,2025-11-15,Quality Issue,5731.76
310268,9187788,2025-05-14,Wrong Item,33910.35
310269,9187815,2024-08-26,Changed Mind,2336.04
310270,9187840,2025-10-25,Changed Mind,5213.66
310271,9187842,2025-05-14,Quality Issue,2228.8
310272,9187867,2025-05-19,Late Delivery,2839.99
310273,9187869,2024-07-28,Late Delivery,900.42
310274,9187882,2024-07-03,Changed Mind,3965.34
310275,9187889,2025-09-01,Damaged,406.3
310276,9187911,2025-10-19,Damaged,1584.75
310277,9187920,2025-09-05,Quality Issue,1736.19
310278,9187933,2025-01-06,Changed Mind,1517.32
310279,9187953,2024-01-18,Damaged,2819.44
310280,9187980,2025-05-19,Damaged,5800.61
310281,9188020,2025-12-28,Changed Mind,1099.1
310282,9188034,2024-03-09,Wrong Item,3304.74
310283,9188042,2024-11-08,Quality Issue,1954.54
310284,9188055,2024-02-08,Changed Mind,737.44
310285,9188066,2025-01-30,Quality Issue,1900.7
310286,9188073,2024-07-28,Changed Mind,2977.2
310287,9188150,2024-06-09,Changed Mind,4634.82
310288,9188157,2025-05-13,Quality Issue,5035.34
310289,9188189,2024-02-21,Quality Issue,40123.46
310290,9188204,2024-02-08,Changed Mind,837.91
310291,9188222,2025-04-13,Quality Issue,2700.36
310292,9188253,2024-12-18,Wrong Item,1496.0
310293,9188262,2024-03-29,Quality Issue,1760.0
310294,9188268,2025-05-09,Changed Mind,267.91
310295,9188271,2024-06-07,Late Delivery,80956.28
310296,9188293,2025-01-14,Changed Mind,6880.82
310297,9188295,2025-09-19,Late Delivery,2606.06
310298,9188296,2024-09-23,Changed Mind,1517.78
310299,9188297,2024-05-04,Quality Issue,568.66
310300,9188363,2025-10-16,Changed Mind,7455.6
310301,9188369,2024-04-05,Wrong Item,826.18
310302,9188437,2025-05-14,Wrong Item,2036.8
310303,9188438,2024-05-05,Changed Mind,626.19
310304,9188452,2025-06-04,Wrong Item,3821.9
310305,9188482,2024-02-12,Damaged,730.01
310306,9188499,2025-08-28,Late Delivery,1533.58
310307,9188506,2025-11-02,Damaged,77521.27
310308,9188537,2025-04-20,Wrong Item,1369.03
310309,9188576,2025-12-16,Wrong Item,1152.32
310310,9188578,2024-05-08,Late Delivery,29089.5
310311,9188659,2025-04-10,Changed Mind,727.29
310312,9188672,2024-07-04,Late Delivery,1700.4
310313,9188694,2024-09-10,Damaged,928.39
310314,9188703,2025-11-24,Changed Mind,1098.78
310315,9188716,2026-01-01,Damaged,46533.06
310316,9188728,2024-08-07,Quality Issue,945.44
310317,9188736,2025-08-23,Wrong Item,7976.56
310318,9188741,2024-03-13,Damaged,567.78
310319,9188765,2025-12-07,Late Delivery,691.37
310320,9188772,2024-12-20,Wrong Item,6517.08
310321,9188781,2025-04-11,Late Delivery,3440.38
310322,9188784,2024-06-05,Damaged,2603.66
310323,9188790,2024-04-08,Changed Mind,430.92
310324,9188795,2024-10-21,Quality Issue,3207.57
310325,9188800,2025-11-06,Quality Issue,909.86
310326,9188808,2024-01-20,Late Delivery,5358.21
310327,9188813,2025-03-21,Damaged,1523.38
310328,9188832,2024-11-23,Late Delivery,496.4
310329,9188853,2024-09-21,Changed Mind,411.66
310330,9188865,2025-04-23,Quality Issue,1228.29
310331,9188880,2024-08-04,Late Delivery,1414.0
310332,9188884,2025-10-02,Changed Mind,480.85
310333,9188888,2024-05-22,Changed Mind,2557.9
310334,9188897,2024-05-19,Quality Issue,2006.78
310335,9188900,2025-10-11,Changed Mind,3689.82
310336,9188928,2024-06-24,Quality Issue,11559.77
310337,9188978,2025-09-02,Changed Mind,860.35
310338,9188993,2025-01-21,Wrong Item,1583.67
310339,9188996,2025-11-01,Damaged,173.02
310340,9189013,2025-11-02,Late Delivery,19628.91
310341,9189072,2024-05-28,Changed Mind,1860.35
310342,9189097,2024-12-11,Wrong Item,248.64
310343,9189101,2024-09-10,Quality Issue,146.46
310344,9189132,2025-02-20,Quality Issue,1988.79
310345,9189142,2025-11-15,Changed Mind,629.98
310346,9189180,2024-03-29,Late Delivery,10535.8
310347,9189190,2024-09-07,Late Delivery,963.2
310348,9189229,2024-11-30,Changed Mind,1371.84
310349,9189241,2024-07-04,Late Delivery,26565.84
310350,9189250,2025-01-10,Quality Issue,1397.22
310351,9189256,2024-06-24,Quality Issue,1201.57
310352,9189261,2025-07-09,Changed Mind,5413.55
310353,9189291,2025-03-29,Late Delivery,2925.43
310354,9189292,2024-06-06,Late Delivery,9167.68
310355,9189299,2024-10-20,Late Delivery,689.66
310356,9189306,2025-01-23,Quality Issue,43760.54
310357,9189351,2025-07-18,Late Delivery,3487.32
310358,9189366,2025-12-04,Late Delivery,3801.4
310359,9189370,2025-02-12,Damaged,1726.94
310360,9189380,2024-08-04,Wrong Item,1054.03
310361,9189384,2024-07-09,Quality Issue,1219.96
310362,9189427,2026-01-09,Late Delivery,2988.11
310363,9189476,2025-03-07,Quality Issue,3830.56
310364,9189480,2025-11-10,Quality Issue,2418.27
310365,9189483,2024-06-11,Late Delivery,483.59
310366,9189489,2025-08-06,Changed Mind,1054.03
310367,9189538,2025-01-04,Changed Mind,1508.45
310368,9189546,2024-02-16,Damaged,457.28
310369,9189557,2024-10-01,Quality Issue,921.9
310370,9189561,2025-01-12,Wrong Item,1221.8
310371,9189580,2025-07-20,Changed Mind,7833.55
310372,9189596,2024-02-26,Late Delivery,9555.12
310373,9189611,2025-07-06,Changed Mind,8904.24
310374,9189645,2024-06-24,Damaged,17708.14
310375,9189653,2024-06-10,Changed Mind,10229.49
310376,9189692,2024-04-20,Wrong Item,3203.23
310377,9189694,2024-11-05,Quality Issue,2683.76
310378,9189745,2025-12-29,Changed Mind,581.68
310379,9189747,2024-07-22,Late Delivery,2355.81
310380,9189781,2025-05-23,Changed Mind,666.81
310381,9189786,2024-10-29,Changed Mind,10829.02
310382,9189793,2025-08-18,Late Delivery,8530.66
310383,9189837,2025-07-31,Changed Mind,3425.13
310384,9189861,2024-07-09,Late Delivery,894.26
310385,9189887,2024-11-29,Quality Issue,6314.63
310386,9189890,2024-10-22,Late Delivery,526.53
310387,9189901,2025-01-28,Wrong Item,1708.52
310388,9189931,2025-05-07,Late Delivery,17065.2
310389,9189963,2025-03-05,Wrong Item,701.41
310390,9190000,2025-07-01,Damaged,22529.84
310391,9190002,2024-09-18,Quality Issue,628.18
310392,9190003,2025-03-31,Changed Mind,616.08
310393,9190041,2025-11-28,Damaged,3507.48
310394,9190051,2024-06-29,Wrong Item,543.36
310395,9190057,2025-09-27,Late Delivery,10172.7
310396,9190080,2025-06-08,Quality Issue,1946.82
310397,9190086,2024-09-22,Quality Issue,956.16
310398,9190094,2024-08-06,Late Delivery,2272.97
310399,9190127,2025-07-08,Quality Issue,2339.18
310400,9190128,2024-06-02,Quality Issue,4178.29
310401,9190206,2024-06-30,Quality Issue,568.66
310402,9190210,2024-10-30,Changed Mind,1997.68
310403,9190301,2024-01-11,Damaged,1777.63
310404,9190304,2025-12-03,Late Delivery,590.15
310405,9190324,2025-02-05,Late Delivery,261.43
310406,9190328,2025-08-22,Changed Mind,5746.19
310407,9190339,2025-02-28,Changed Mind,5910.44
310408,9190365,2024-02-02,Damaged,1084.1
310409,9190381,2025-05-20,Damaged,2899.28
310410,9190395,2024-05-05,Quality Issue,1830.94
310411,9190415,2025-03-07,Late Delivery,1092.39
310412,9190417,2024-11-12,Damaged,583.86
310413,9190436,2024-07-24,Changed Mind,5698.58
310414,9190438,2024-12-18,Changed Mind,422.29
310415,9190444,2025-09-06,Damaged,3252.27
310416,9190446,2024-11-10,Wrong Item,3451.34
310417,9190487,2024-06-15,Late Delivery,7986.89
310418,9190519,2024-07-19,Quality Issue,11841.34
310419,9190551,2025-10-20,Late Delivery,2089.14
310420,9190553,2024-12-22,Wrong Item,11237.86
310421,9190557,2025-03-15,Quality Issue,4594.72
310422,9190565,2024-09-21,Damaged,3308.0
310423,9190569,2024-09-23,Quality Issue,3150.74
310424,9190586,2026-01-04,Damaged,2028.54
310425,9190596,2024-10-06,Changed Mind,33638.76
310426,9190614,2025-11-20,Quality Issue,19495.11
310427,9190625,2025-09-18,Changed Mind,4524.89
310428,9190637,2024-12-02,Damaged,879.02
310429,9190653,2025-05-27,Quality Issue,3463.6
310430,9190664,2025-01-21,Damaged,956.43
310431,9190680,2025-12-05,Late Delivery,2344.62
310432,9190720,2025-04-22,Wrong Item,22206.0
310433,9190722,2024-04-10,Late Delivery,10731.53
310434,9190737,2024-04-19,Late Delivery,998.2
310435,9190749,2025-01-27,Damaged,8119.13
310436,9190761,2025-11-28,Quality Issue,38068.63
310437,9190789,2025-08-04,Wrong Item,577.69
310438,9190790,2025-03-22,Late Delivery,5813.48
310439,9190793,2024-09-08,Wrong Item,4663.78
310440,9190795,2025-03-15,Changed Mind,1553.66
310441,9190843,2024-07-08,Changed Mind,288.1
310442,9190870,2025-04-22,Changed Mind,6068.62
310443,9190899,2025-04-08,Damaged,1097.86
310444,9190922,2024-01-26,Late Delivery,2376.97
310445,9190978,2025-07-13,Wrong Item,2376.04
310446,9191014,2024-06-07,Damaged,17348.91
310447,9191018,2025-03-06,Changed Mind,14401.53
310448,9191056,2025-02-03,Changed Mind,886.59
310449,9191057,2024-12-31,Wrong Item,1462.6
310450,9191094,2025-04-05,Late Delivery,615.98
310451,9191131,2024-11-28,Damaged,4088.3
310452,9191150,2025-10-06,Wrong Item,711.95
310453,9191154,2025-05-05,Changed Mind,1129.39
310454,9191157,2024-07-24,Damaged,784.51
310455,9191180,2025-04-20,Changed Mind,2597.04
310456,9191234,2025-06-11,Quality Issue,6659.43
310457,9191271,2025-03-08,Quality Issue,1849.55
310458,9191293,2024-10-24,Late Delivery,583.66
310459,9191295,2025-02-12,Wrong Item,863.3
310460,9191309,2025-06-07,Wrong Item,4978.08
310461,9191354,2024-12-14,Late Delivery,690.91
310462,9191370,2024-03-24,Wrong Item,414.25
310463,9191396,2025-08-16,Late Delivery,20747.43
310464,9191402,2025-12-05,Damaged,1924.83
310465,9191434,2025-09-27,Late Delivery,1050.38
310466,9191447,2025-11-24,Late Delivery,1336.25
310467,9191451,2025-02-02,Late Delivery,1758.32
310468,9191464,2025-03-27,Late Delivery,2791.59
310469,9191484,2024-12-28,Quality Issue,799.69
310470,9191527,2024-09-11,Changed Mind,3163.28
310471,9191584,2024-09-18,Changed Mind,8129.88
310472,9191595,2024-05-31,Late Delivery,13623.09
310473,9191600,2024-04-04,Wrong Item,274.84
310474,9191606,2024-12-16,Wrong Item,951.83
310475,9191624,2025-11-28,Quality Issue,22645.03
310476,9191626,2025-05-10,Changed Mind,9954.43
310477,9191660,2025-11-11,Wrong Item,9983.61
310478,9191664,2025-03-29,Changed Mind,1308.58
310479,9191709,2024-10-18,Wrong Item,5905.16
310480,9191754,2025-12-09,Quality Issue,750.68
310481,9191770,2024-08-16,Late Delivery,2662.3
310482,9191777,2025-12-21,Damaged,891.36
310483,9191801,2025-02-12,Late Delivery,2365.24
310484,9191823,2025-09-23,Wrong Item,1886.13
310485,9191851,2025-11-06,Wrong Item,1684.36
310486,9191852,2024-02-03,Changed Mind,1632.9
310487,9191869,2025-12-07,Damaged,4259.0
310488,9191891,2025-01-03,Damaged,3249.3
310489,9191900,2024-07-10,Wrong Item,2990.71
310490,9191907,2025-09-29,Wrong Item,1444.8
310491,9191929,2024-12-30,Changed Mind,1441.7
310492,9191944,2025-01-14,Damaged,8898.59
310493,9191959,2025-03-06,Wrong Item,10181.38
310494,9191979,2024-07-18,Late Delivery,36738.52
310495,9192012,2024-11-25,Quality Issue,524.85
310496,9192023,2025-01-09,Changed Mind,1699.72
310497,9192058,2025-08-13,Late Delivery,1948.69
310498,9192070,2024-04-15,Changed Mind,4277.72
310499,9192080,2025-10-27,Changed Mind,1021.64
310500,9192110,2025-07-01,Wrong Item,2329.99
310501,9192114,2025-01-21,Damaged,285.49
310502,9192129,2024-08-18,Damaged,1240.34
310503,9192146,2025-07-09,Changed Mind,6343.76
310504,9192155,2024-07-23,Damaged,1406.32
310505,9192156,2025-02-18,Damaged,11007.11
310506,9192233,2024-12-08,Wrong Item,8394.7
310507,9192249,2025-09-27,Late Delivery,18213.1
310508,9192289,2025-07-14,Damaged,744.85
310509,9192304,2025-11-21,Wrong Item,1571.08
310510,9192311,2025-09-04,Quality Issue,820.22
310511,9192318,2024-07-09,Changed Mind,4567.33
310512,9192334,2025-03-09,Damaged,11761.29
310513,9192352,2024-12-13,Late Delivery,8060.42
310514,9192379,2025-08-17,Quality Issue,915.38
310515,9192385,2024-09-05,Damaged,2010.63
310516,9192394,2024-01-24,Late Delivery,3711.59
310517,9192409,2025-03-13,Changed Mind,1826.82
310518,9192460,2025-12-19,Changed Mind,3376.8
310519,9192465,2024-04-21,Damaged,21880.27
310520,9192514,2025-04-20,Damaged,575.31
310521,9192515,2024-04-11,Quality Issue,717.87
310522,9192539,2024-03-19,Late Delivery,1185.81
310523,9192585,2024-08-22,Wrong Item,12947.71
310524,9192758,2025-09-02,Damaged,8218.49
310525,9192764,2025-02-17,Late Delivery,1233.75
310526,9192769,2025-12-01,Late Delivery,2211.32
310527,9192777,2025-02-24,Quality Issue,3232.84
310528,9192792,2025-11-12,Damaged,3421.4
310529,9192808,2025-12-27,Wrong Item,664.31
310530,9192813,2025-01-07,Wrong Item,249.08
310531,9192838,2024-03-03,Damaged,9627.92
310532,9192893,2024-04-30,Late Delivery,2714.91
310533,9192900,2025-01-31,Wrong Item,1573.87
310534,9192918,2025-02-16,Wrong Item,3212.9
310535,9192921,2024-08-25,Quality Issue,496.4
310536,9192940,2025-08-19,Damaged,2616.28
310537,9192993,2025-07-09,Wrong Item,571.94
310538,9192998,2025-11-21,Changed Mind,2067.39
310539,9193017,2025-11-18,Quality Issue,2767.52
310540,9193018,2024-08-04,Changed Mind,1791.1
310541,9193064,2025-09-25,Late Delivery,674.67
310542,9193082,2025-04-25,Damaged,1170.06
310543,9193094,2025-11-13,Quality Issue,2965.41
310544,9193105,2024-02-10,Changed Mind,3954.93
310545,9193133,2024-03-23,Quality Issue,2073.82
310546,9193173,2024-07-19,Quality Issue,1346.66
310547,9193201,2024-10-22,Quality Issue,6301.66
310548,9193208,2025-09-12,Late Delivery,450.1
310549,9193236,2025-11-10,Late Delivery,843.91
310550,9193267,2025-10-07,Changed Mind,3350.1
310551,9193283,2024-08-26,Damaged,1700.09
310552,9193292,2024-02-12,Quality Issue,1670.4
310553,9193297,2024-02-26,Quality Issue,1802.9
310554,9193323,2025-09-24,Damaged,2370.16
310555,9193330,2024-06-02,Damaged,3228.15
310556,9193345,2025-04-17,Damaged,9430.55
310557,9193430,2024-06-07,Wrong Item,582.29
310558,9193433,2025-11-29,Quality Issue,2376.82
310559,9193437,2025-02-09,Late Delivery,2718.68
310560,9193462,2025-08-25,Changed Mind,485.7
310561,9193494,2024-04-25,Quality Issue,1962.22
310562,9193509,2025-04-19,Wrong Item,1376.21
310563,9193533,2025-02-24,Late Delivery,60108.36
310564,9193551,2024-01-30,Quality Issue,4511.74
310565,9193557,2025-06-04,Damaged,1933.83
310566,9193590,2025-06-01,Late Delivery,8457.15
310567,9193600,2024-02-27,Wrong Item,1537.45
310568,9193602,2025-12-09,Quality Issue,51878.31
310569,9193624,2024-04-08,Changed Mind,1814.57
310570,9193653,2025-01-02,Changed Mind,9461.16
310571,9193675,2025-07-12,Late Delivery,15057.52
310572,9193683,2024-09-27,Changed Mind,978.64
310573,9193695,2024-04-02,Wrong Item,1955.12
310574,9193712,2025-10-10,Wrong Item,1486.43
310575,9193716,2025-01-05,Quality Issue,1038.85
310576,9193728,2025-11-10,Damaged,639.66
310577,9193748,2024-07-28,Quality Issue,4092.16
310578,9193805,2024-03-03,Late Delivery,4652.88
310579,9193840,2025-07-31,Changed Mind,1943.64
310580,9193857,2025-01-29,Late Delivery,14593.41
310581,9193858,2025-10-06,Damaged,1060.84
310582,9193865,2024-06-04,Changed Mind,167.69
310583,9193884,2024-10-11,Wrong Item,487.66
310584,9193924,2024-06-24,Wrong Item,1110.37
310585,9193938,2025-05-03,Wrong Item,2586.82
310586,9193940,2024-07-25,Changed Mind,2823.37
310587,9193969,2024-01-12,Quality Issue,3980.8
310588,9193976,2024-08-08,Wrong Item,167.51
310589,9193997,2024-04-26,Late Delivery,1607.78
310590,9194000,2025-03-26,Wrong Item,936.93
310591,9194074,2025-07-29,Damaged,614.6
310592,9194076,2025-11-18,Wrong Item,2255.24
310593,9194082,2025-03-31,Quality Issue,843.67
310594,9194086,2025-11-17,Wrong Item,20809.53
310595,9194108,2026-01-01,Quality Issue,459.41
310596,9194114,2026-01-07,Damaged,12371.15
310597,9194141,2024-12-12,Wrong Item,3163.88
310598,9194160,2024-05-21,Damaged,1918.25
310599,9194163,2025-11-11,Changed Mind,1839.71
310600,9194173,2025-03-08,Changed Mind,9620.03
310601,9194175,2024-03-10,Quality Issue,352.11
310602,9194191,2024-12-08,Wrong Item,694.24
310603,9194192,2025-08-18,Damaged,1841.35
310604,9194214,2025-07-28,Changed Mind,995.2
310605,9194233,2024-06-15,Changed Mind,4017.3
310606,9194237,2024-01-31,Quality Issue,1492.56
310607,9194248,2025-05-15,Late Delivery,2520.39
310608,9194283,2025-12-11,Damaged,2056.43
310609,9194286,2025-09-26,Quality Issue,523.69
310610,9194299,2024-01-31,Wrong Item,18369.26
310611,9194316,2024-12-20,Changed Mind,906.9
310612,9194336,2025-02-07,Quality Issue,1656.28
310613,9194388,2024-01-27,Quality Issue,1377.83
310614,9194406,2024-06-19,Changed Mind,9759.16
310615,9194422,2025-01-05,Quality Issue,3523.54
310616,9194432,2025-06-03,Damaged,905.35
310617,9194444,2024-07-12,Changed Mind,2262.53
310618,9194485,2024-08-05,Changed Mind,1734.57
310619,9194522,2025-07-27,Late Delivery,17983.88
310620,9194527,2024-07-13,Quality Issue,3355.22
310621,9194531,2024-01-24,Changed Mind,64031.09
310622,9194555,2025-01-17,Wrong Item,2452.62
310623,9194563,2025-02-24,Late Delivery,798.12
310624,9194564,2024-10-20,Quality Issue,1872.03
310625,9194596,2025-10-08,Wrong Item,4090.93
310626,9194660,2024-08-15,Quality Issue,751.3
310627,9194683,2025-12-03,Quality Issue,1144.44
310628,9194688,2025-12-21,Damaged,1884.54
310629,9194749,2025-12-18,Quality Issue,526.53
310630,9194752,2025-06-15,Changed Mind,1250.9
310631,9194753,2024-02-02,Quality Issue,5194.08
310632,9194764,2025-11-06,Wrong Item,1001.07
310633,9194767,2024-11-18,Wrong Item,176.14
310634,9194796,2024-05-19,Wrong Item,1397.22
310635,9194802,2025-08-04,Damaged,962.3
310636,9194806,2025-12-09,Late Delivery,587.01
310637,9194838,2025-10-23,Quality Issue,1469.28
310638,9194843,2025-09-08,Wrong Item,528.97
310639,9194862,2025-08-19,Wrong Item,3685.58
310640,9194908,2024-03-27,Damaged,12773.55
310641,9194963,2025-03-12,Late Delivery,836.0
310642,9194967,2024-07-19,Changed Mind,581.68
310643,9194969,2024-11-10,Quality Issue,9222.5
310644,9195055,2024-12-16,Changed Mind,336.66
310645,9195077,2024-04-07,Damaged,1837.89
310646,9195114,2024-06-25,Damaged,1139.07
310647,9195117,2024-03-02,Changed Mind,62625.68
310648,9195119,2025-05-15,Wrong Item,2262.36
310649,9195162,2024-10-14,Quality Issue,4091.66
310650,9195248,2024-11-28,Quality Issue,979.97
310651,9195259,2025-06-04,Late Delivery,55110.29
310652,9195266,2025-08-05,Wrong Item,216.66
310653,9195272,2024-06-19,Late Delivery,992.04
310654,9195335,2025-03-14,Damaged,2500.1
310655,9195349,2025-06-08,Damaged,1097.43
310656,9195354,2025-07-11,Wrong Item,13881.23
310657,9195394,2025-09-19,Damaged,3172.01
310658,9195458,2025-05-22,Changed Mind,1505.67
310659,9195473,2024-04-11,Changed Mind,711.87
310660,9195489,2025-04-11,Wrong Item,1547.72
310661,9195497,2025-09-30,Wrong Item,15710.52
310662,9195537,2024-04-11,Damaged,23444.06
310663,9195541,2025-03-08,Late Delivery,473.58
310664,9195568,2025-12-12,Quality Issue,295.92
310665,9195575,2025-03-10,Late Delivery,2957.84
310666,9195594,2024-06-01,Changed Mind,3476.89
310667,9195597,2025-05-06,Changed Mind,4155.38
310668,9195598,2025-09-01,Quality Issue,1942.64
310669,9195612,2024-04-06,Damaged,276.27
310670,9195664,2024-04-14,Wrong Item,1440.39
310671,9195665,2024-05-25,Damaged,2303.04
310672,9195719,2025-03-26,Quality Issue,655.06
310673,9195727,2025-07-23,Damaged,48026.88
310674,9195732,2024-12-12,Quality Issue,2297.61
310675,9195736,2025-02-11,Wrong Item,4269.32
310676,9195743,2025-11-25,Changed Mind,2198.86
310677,9195759,2025-03-09,Wrong Item,5910.44
310678,9195772,2024-07-15,Quality Issue,10368.59
310679,9195788,2024-12-11,Late Delivery,2974.27
310680,9195813,2025-11-04,Changed Mind,1116.6
310681,9195818,2024-02-16,Damaged,369.92
310682,9195869,2024-07-29,Quality Issue,579.35
310683,9195877,2024-02-14,Late Delivery,6983.72
310684,9195932,2024-03-12,Late Delivery,1696.3
310685,9195950,2025-11-29,Late Delivery,11742.32
310686,9195975,2025-01-11,Quality Issue,8443.08
310687,9196020,2025-04-17,Late Delivery,6311.06
310688,9196063,2024-05-31,Late Delivery,40895.56
310689,9196067,2024-09-27,Quality Issue,368.72
310690,9196082,2024-12-05,Wrong Item,3360.52
310691,9196112,2024-02-17,Changed Mind,1180.48
310692,9196163,2025-05-30,Damaged,2958.29
310693,9196165,2024-02-07,Late Delivery,802.71
310694,9196176,2024-09-06,Changed Mind,1218.37
310695,9196187,2024-04-01,Changed Mind,1233.06
310696,9196201,2025-08-10,Late Delivery,2826.3
310697,9196212,2025-07-29,Quality Issue,958.4
310698,9196214,2024-11-22,Quality Issue,211.67
310699,9196244,2024-03-24,Quality Issue,1123.1
310700,9196245,2024-04-24,Damaged,2966.03
310701,9196253,2025-09-01,Late Delivery,396.0
310702,9196254,2025-02-25,Changed Mind,1140.63
310703,9196269,2025-02-07,Quality Issue,4284.06
310704,9196287,2024-01-25,Damaged,2274.89
310705,9196300,2025-03-11,Quality Issue,970.55
310706,9196338,2024-12-16,Wrong Item,21255.61
310707,9196364,2025-10-18,Wrong Item,2228.72
310708,9196380,2024-10-02,Damaged,1090.21
310709,9196388,2024-10-13,Wrong Item,543.02
310710,9196440,2025-09-08,Quality Issue,2052.22
310711,9196450,2025-10-02,Changed Mind,1290.92
310712,9196458,2024-05-27,Late Delivery,4563.59
310713,9196461,2025-03-10,Quality Issue,456.25
310714,9196477,2025-03-05,Quality Issue,624.3
310715,9196507,2025-11-04,Damaged,1121.49
310716,9196543,2024-12-21,Damaged,801.84
310717,9196549,2024-05-27,Wrong Item,2175.23
310718,9196555,2024-08-16,Damaged,5483.74
310719,9196562,2025-10-24,Damaged,3420.31
310720,9196569,2024-08-18,Late Delivery,2738.05
310721,9196575,2025-04-28,Changed Mind,2432.3
310722,9196577,2024-10-24,Damaged,1185.72
310723,9196579,2024-10-25,Quality Issue,158.47
310724,9196584,2024-12-21,Late Delivery,249.08
310725,9196588,2024-03-19,Changed Mind,15201.98
310726,9196597,2025-08-12,Changed Mind,1150.33
310727,9196604,2025-06-27,Quality Issue,772.67
310728,9196653,2025-03-22,Quality Issue,19140.14
310729,9196667,2024-01-27,Changed Mind,5523.52
310730,9196731,2024-04-14,Quality Issue,2198.26
310731,9196755,2025-08-02,Damaged,2344.12
310732,9196767,2025-08-10,Quality Issue,1006.19
310733,9196780,2024-08-16,Damaged,1800.33
310734,9196787,2025-11-24,Late Delivery,1843.36
310735,9196824,2025-09-18,Damaged,1632.6
310736,9196837,2025-09-06,Damaged,1543.36
310737,9196851,2024-03-05,Late Delivery,1437.37
310738,9196873,2025-06-14,Quality Issue,20521.17
310739,9196878,2025-09-16,Late Delivery,2469.63
310740,9196880,2025-08-06,Changed Mind,1859.64
310741,9196882,2025-02-17,Late Delivery,4634.47
310742,9196974,2024-05-25,Quality Issue,2965.41
310743,9196975,2025-05-12,Wrong Item,699.3
310744,9196983,2025-07-26,Changed Mind,572.29
310745,9197050,2024-03-16,Damaged,864.37
310746,9197051,2025-10-10,Wrong Item,1196.65
310747,9197053,2025-06-28,Late Delivery,543.74
310748,9197055,2024-06-07,Quality Issue,1507.33
310749,9197090,2025-09-25,Quality Issue,5932.39
310750,9197135,2024-07-21,Quality Issue,2424.17
310751,9197145,2025-12-12,Damaged,1195.92
310752,9197181,2025-05-04,Late Delivery,550.61
310753,9197186,2025-03-01,Quality Issue,26752.71
310754,9197192,2025-12-01,Late Delivery,1573.21
310755,9197226,2024-12-25,Wrong Item,8709.3
310756,9197230,2024-02-11,Late Delivery,916.99
310757,9197245,2024-11-13,Wrong Item,1539.08
310758,9197248,2025-02-09,Damaged,4078.85
310759,9197255,2024-08-16,Late Delivery,3933.96
310760,9197284,2024-05-29,Quality Issue,1691.19
310761,9197313,2024-02-05,Changed Mind,19032.74
310762,9197325,2024-09-07,Changed Mind,7386.66
310763,9197428,2024-12-14,Wrong Item,668.26
310764,9197434,2025-05-11,Wrong Item,2014.36
310765,9197444,2025-06-03,Quality Issue,585.04
310766,9197461,2025-04-26,Changed Mind,800.14
310767,9197471,2025-11-16,Changed Mind,1325.71
310768,9197484,2025-08-13,Quality Issue,50104.87
310769,9197496,2025-03-02,Damaged,1218.89
310770,9197541,2025-05-16,Wrong Item,1409.94
310771,9197545,2024-09-14,Changed Mind,157.45
310772,9197581,2024-10-17,Damaged,580.93
310773,9197651,2024-11-03,Late Delivery,1175.58
310774,9197658,2024-03-14,Wrong Item,1174.84
310775,9197660,2024-05-02,Wrong Item,765.55
310776,9197675,2025-02-17,Quality Issue,1371.04
310777,9197683,2025-09-08,Wrong Item,554.85
310778,9197730,2024-11-06,Changed Mind,5771.11
310779,9197735,2024-04-28,Damaged,1042.36
310780,9197738,2024-02-12,Late Delivery,1212.54
310781,9197778,2024-12-22,Damaged,1415.99
310782,9197802,2024-08-09,Quality Issue,6738.54
310783,9197804,2025-08-21,Changed Mind,3695.88
310784,9197821,2025-03-24,Damaged,385.91
310785,9197829,2024-09-27,Damaged,234.02
310786,9197836,2024-10-06,Damaged,683.0
310787,9197837,2025-09-09,Quality Issue,3261.26
310788,9197859,2024-12-01,Wrong Item,4423.03
310789,9197871,2025-08-16,Damaged,5829.54
310790,9197877,2024-08-02,Wrong Item,863.97
310791,9197894,2025-03-29,Wrong Item,3879.56
310792,9197902,2024-11-04,Wrong Item,2446.14
310793,9197924,2024-04-09,Wrong Item,4424.08
310794,9197940,2025-07-14,Late Delivery,647.78
310795,9197980,2025-08-20,Changed Mind,569.17
310796,9197986,2025-12-04,Damaged,2644.47
310797,9198006,2024-08-29,Damaged,647.78
310798,9198072,2025-10-02,Changed Mind,28332.1
310799,9198080,2024-07-16,Quality Issue,13024.48
310800,9198092,2024-06-23,Quality Issue,2972.59
310801,9198121,2025-08-16,Late Delivery,1176.04
310802,9198129,2024-02-13,Changed Mind,7563.38
310803,9198145,2025-04-16,Wrong Item,198.62
310804,9198193,2025-01-02,Damaged,1377.68
310805,9198253,2025-08-24,Wrong Item,28722.1
310806,9198259,2025-01-27,Changed Mind,2420.08
310807,9198301,2024-12-02,Wrong Item,8250.91
310808,9198315,2024-11-22,Late Delivery,6413.55
310809,9198317,2024-03-04,Wrong Item,6753.6
310810,9198322,2024-04-11,Wrong Item,1132.72
310811,9198332,2024-10-19,Quality Issue,593.98
310812,9198350,2024-01-17,Damaged,15029.5
310813,9198400,2025-07-14,Quality Issue,24486.61
310814,9198418,2024-02-26,Changed Mind,3697.57
310815,9198430,2025-10-22,Late Delivery,2367.9
310816,9198451,2024-10-10,Damaged,3648.8
310817,9198457,2024-11-14,Changed Mind,2086.13
310818,9198471,2025-10-05,Wrong Item,940.22
310819,9198486,2025-07-31,Changed Mind,447.67
310820,9198522,2025-02-02,Wrong Item,897.58
310821,9198543,2025-03-01,Quality Issue,531.45
310822,9198612,2025-01-01,Wrong Item,3589.28
310823,9198615,2024-05-06,Wrong Item,287.53
310824,9198629,2025-12-08,Damaged,886.34
310825,9198644,2025-09-28,Wrong Item,1923.98
310826,9198673,2024-04-18,Quality Issue,1517.32
310827,9198688,2024-03-28,Wrong Item,1980.89
310828,9198698,2024-03-27,Damaged,6907.51
310829,9198736,2024-01-08,Wrong Item,2352.87
310830,9198738,2025-09-12,Wrong Item,4568.4
310831,9198739,2025-09-21,Damaged,1304.49
310832,9198741,2024-04-27,Damaged,78434.91
310833,9198763,2025-01-28,Wrong Item,953.87
310834,9198776,2025-02-25,Wrong Item,1215.09
310835,9198786,2025-11-13,Late Delivery,725.4
310836,9198824,2024-03-17,Wrong Item,1962.38
310837,9198830,2024-06-22,Quality Issue,1793.64
310838,9198844,2024-02-14,Wrong Item,14270.84
310839,9198853,2024-04-17,Changed Mind,40007.67
310840,9198870,2024-06-28,Damaged,2799.95
310841,9198872,2025-12-14,Late Delivery,3221.86
310842,9198877,2024-05-28,Wrong Item,2271.43
310843,9198906,2025-02-01,Late Delivery,340.2
310844,9198926,2024-10-10,Late Delivery,1131.87
310845,9198930,2024-12-22,Changed Mind,598.59
310846,9198943,2024-03-03,Late Delivery,2922.43
310847,9198967,2024-08-19,Wrong Item,642.4
310848,9198981,2025-11-17,Changed Mind,11272.92
310849,9199035,2025-12-01,Wrong Item,624.86
310850,9199108,2025-01-10,Late Delivery,6609.23
310851,9199110,2025-12-02,Late Delivery,1685.25
310852,9199125,2024-05-28,Damaged,1200.03
310853,9199143,2025-03-02,Quality Issue,1085.34
310854,9199161,2024-11-21,Quality Issue,4477.72
310855,9199180,2024-03-08,Wrong Item,1238.39
310856,9199182,2024-04-10,Late Delivery,1084.09
310857,9199220,2025-10-21,Damaged,514.11
310858,9199222,2024-02-25,Quality Issue,4886.36
310859,9199230,2024-04-10,Quality Issue,97946.42
310860,9199242,2024-05-01,Late Delivery,1679.38
310861,9199252,2025-05-10,Quality Issue,2633.51
310862,9199253,2025-05-28,Wrong Item,2916.27
310863,9199265,2024-08-23,Damaged,981.07
310864,9199266,2025-09-02,Wrong Item,15400.32
310865,9199274,2024-05-14,Changed Mind,1815.4
310866,9199278,2025-01-26,Wrong Item,1215.38
310867,9199284,2024-04-11,Damaged,881.1
310868,9199328,2024-06-19,Late Delivery,1728.64
310869,9199364,2024-03-10,Quality Issue,379.63
310870,9199397,2024-02-24,Damaged,3103.65
310871,9199404,2024-11-07,Late Delivery,7134.21
310872,9199407,2024-03-09,Late Delivery,6341.73
310873,9199426,2024-07-07,Quality Issue,499.01
310874,9199448,2025-10-11,Quality Issue,16242.72
310875,9199463,2024-01-28,Late Delivery,2057.3
310876,9199469,2024-12-31,Wrong Item,754.22
310877,9199499,2025-11-27,Wrong Item,62819.63
310878,9199507,2024-09-17,Wrong Item,2040.12
310879,9199514,2025-07-10,Wrong Item,8060.42
310880,9199521,2025-11-14,Quality Issue,33080.5
310881,9199523,2025-02-21,Damaged,2828.69
310882,9199558,2024-02-06,Damaged,3049.94
310883,9199583,2025-03-19,Damaged,13294.23
310884,9199593,2025-04-25,Late Delivery,20521.17
310885,9199618,2025-10-27,Quality Issue,2606.94
310886,9199626,2024-06-25,Quality Issue,2651.42
310887,9199634,2024-09-24,Changed Mind,2357.07
310888,9199655,2024-05-15,Damaged,1090.36
310889,9199691,2024-01-21,Late Delivery,5079.13
310890,9199714,2025-08-14,Wrong Item,2321.54
310891,9199733,2024-02-14,Wrong Item,1626.91
310892,9199743,2024-06-11,Quality Issue,805.69
310893,9199759,2024-11-20,Changed Mind,4741.96
310894,9199762,2025-08-01,Quality Issue,830.65
310895,9199771,2025-06-07,Wrong Item,1717.78
310896,9199807,2025-11-18,Wrong Item,2084.75
310897,9199810,2024-07-03,Late Delivery,3699.1
310898,9199811,2024-08-16,Quality Issue,38882.74
310899,9199818,2024-07-28,Wrong Item,1706.17
310900,9199882,2026-01-15,Late Delivery,324.11
310901,9199912,2024-11-04,Changed Mind,11969.17
310902,9199935,2025-07-15,Changed Mind,4372.21
310903,9199936,2025-12-25,Changed Mind,1474.34
310904,9199941,2025-12-19,Damaged,18457.72
310905,9199963,2025-04-28,Late Delivery,1537.67
310906,9199983,2025-12-23,Wrong Item,3192.18
310907,9200008,2024-03-10,Quality Issue,12448.46
310908,9200038,2024-11-26,Wrong Item,5011.96
310909,9200048,2025-09-02,Damaged,1564.4
310910,9200056,2024-09-26,Wrong Item,2081.54
310911,9200072,2025-05-20,Changed Mind,1711.28
310912,9200094,2025-10-28,Damaged,349.37
310913,9200095,2024-10-10,Quality Issue,9743.44
310914,9200106,2024-05-05,Changed Mind,8514.65
310915,9200122,2024-10-25,Damaged,7410.48
310916,9200138,2025-05-01,Changed Mind,1158.57
310917,9200160,2024-02-08,Late Delivery,812.86
310918,9200165,2025-08-29,Wrong Item,4519.62
310919,9200212,2024-04-08,Wrong Item,355.62
310920,9200213,2024-07-27,Damaged,461.56
310921,9200218,2025-08-21,Wrong Item,3937.69
310922,9200219,2025-10-30,Quality Issue,6201.72
310923,9200288,2024-09-27,Wrong Item,10829.02
310924,9200319,2025-03-25,Wrong Item,158.9
310925,9200321,2025-09-25,Late Delivery,6413.3
310926,9200327,2024-01-30,Quality Issue,1058.98
310927,9200353,2025-08-07,Changed Mind,815.59
310928,9200399,2025-01-08,Late Delivery,9094.75
310929,9200416,2025-11-30,Damaged,2052.68
310930,9200437,2024-06-23,Changed Mind,51007.73
310931,9200458,2024-02-18,Changed Mind,698.84
310932,9200505,2025-05-24,Late Delivery,2555.08
310933,9200510,2025-11-29,Late Delivery,2665.08
310934,9200538,2025-07-03,Changed Mind,380.44
310935,9200545,2024-06-19,Quality Issue,3157.91
310936,9200551,2024-04-20,Wrong Item,2036.8
310937,9200569,2024-07-15,Late Delivery,8002.11
310938,9200596,2024-10-17,Changed Mind,18425.55
310939,9200598,2026-01-08,Quality Issue,1835.69
310940,9200632,2025-10-29,Wrong Item,576.95
310941,9200656,2025-12-11,Wrong Item,1676.75
310942,9200680,2024-07-02,Damaged,659.78
310943,9200683,2025-01-15,Wrong Item,3999.32
310944,9200685,2026-01-05,Changed Mind,1828.37
310945,9200709,2025-06-17,Late Delivery,5758.32
310946,9200732,2024-04-06,Changed Mind,1480.82
310947,9200755,2024-03-15,Changed Mind,5030.77
310948,9200764,2024-11-27,Damaged,179.57
310949,9200784,2024-12-31,Late Delivery,2246.2
310950,9200791,2025-10-11,Changed Mind,720.49
310951,9200793,2025-01-19,Damaged,209.54
310952,9200818,2025-05-15,Late Delivery,976.36
310953,9200821,2025-08-03,Changed Mind,3311.36
310954,9200825,2025-04-04,Wrong Item,514.55
310955,9200831,2025-01-04,Quality Issue,5974.5
310956,9200858,2024-10-18,Changed Mind,2406.86
310957,9200869,2024-09-02,Wrong Item,641.1
310958,9200874,2024-05-25,Damaged,27890.26
310959,9200894,2024-08-21,Wrong Item,344.86
310960,9200918,2025-02-23,Changed Mind,870.92
310961,9200945,2025-02-12,Damaged,3133.04
310962,9201015,2025-02-11,Quality Issue,9968.7
310963,9201028,2025-06-30,Quality Issue,873.89
310964,9201066,2025-01-31,Wrong Item,377.16
310965,9201076,2024-02-15,Quality Issue,985.17
310966,9201142,2024-09-28,Late Delivery,1242.16
310967,9201146,2025-03-29,Changed Mind,2705.64
310968,9201154,2025-06-18,Quality Issue,2648.73
310969,9201179,2024-09-06,Wrong Item,1674.75
310970,9201200,2024-02-06,Wrong Item,2023.34
310971,9201216,2025-12-03,Damaged,608.03
310972,9201232,2025-11-03,Damaged,737.69
310973,9201246,2025-08-14,Wrong Item,280.58
310974,9201250,2025-01-24,Late Delivery,2206.06
310975,9201277,2024-01-30,Quality Issue,1876.61
310976,9201278,2025-11-30,Quality Issue,1633.62
310977,9201279,2025-10-19,Wrong Item,12807.17
310978,9201283,2024-10-21,Quality Issue,998.58
310979,9201289,2024-02-05,Damaged,1441.7
310980,9201291,2024-08-12,Quality Issue,31698.41
310981,9201292,2024-06-10,Late Delivery,1046.9
310982,9201316,2024-12-03,Late Delivery,1849.77
310983,9201326,2025-02-10,Wrong Item,1928.31
310984,9201388,2024-12-27,Late Delivery,5063.65
310985,9201392,2024-07-05,Changed Mind,1669.41
310986,9201397,2025-09-30,Wrong Item,2187.89
310987,9201412,2025-08-03,Late Delivery,374.06
310988,9201438,2025-01-22,Quality Issue,218.93
310989,9201443,2025-04-24,Late Delivery,10173.11
310990,9201445,2025-02-08,Changed Mind,5978.44
310991,9201472,2025-05-27,Late Delivery,801.62
310992,9201505,2025-01-28,Late Delivery,5963.71
310993,9201512,2025-01-31,Damaged,294.62
310994,9201521,2025-06-29,Quality Issue,1867.77
310995,9201543,2025-01-23,Changed Mind,5138.78
310996,9201548,2025-05-19,Damaged,3415.01
310997,9201572,2024-06-29,Changed Mind,3320.16
310998,9201577,2024-11-29,Quality Issue,507.16
310999,9201580,2024-09-11,Changed Mind,5114.74
311000,9201614,2024-11-06,Changed Mind,233.46
311001,9201627,2024-09-18,Quality Issue,1233.06
311002,9201644,2024-04-20,Late Delivery,6328.89
311003,9201670,2024-10-10,Late Delivery,1527.67
311004,9201702,2025-09-01,Damaged,715.08
311005,9201715,2024-06-29,Damaged,221.01
311006,9201724,2024-05-28,Changed Mind,1792.35
311007,9201756,2025-02-08,Wrong Item,1244.99
311008,9201763,2025-01-14,Late Delivery,988.74
311009,9201786,2025-07-18,Changed Mind,2975.7
311010,9201791,2024-06-07,Damaged,3848.13
311011,9201812,2025-11-27,Wrong Item,1792.49
311012,9201832,2025-09-02,Damaged,609.43
311013,9201833,2024-02-05,Wrong Item,3339.14
311014,9201878,2025-05-22,Changed Mind,1829.84
311015,9201895,2025-07-19,Damaged,8640.79
311016,9201910,2024-11-26,Changed Mind,1656.42
311017,9201912,2024-11-22,Wrong Item,4176.33
311018,9201927,2024-07-05,Wrong Item,10904.1
311019,9201959,2025-07-12,Wrong Item,18786.88
311020,9202008,2025-11-09,Quality Issue,1297.78
311021,9202013,2025-11-08,Wrong Item,547.32
311022,9202020,2025-07-16,Late Delivery,380.64
311023,9202026,2024-12-04,Late Delivery,301.73
311024,9202041,2024-10-29,Late Delivery,884.95
311025,9202047,2024-02-18,Changed Mind,1038.85
311026,9202063,2024-03-17,Changed Mind,2998.4
311027,9202108,2025-07-21,Late Delivery,1192.34
311028,9202109,2024-10-22,Damaged,2072.42
311029,9202177,2024-12-31,Changed Mind,338.21
311030,9202181,2024-12-27,Damaged,3376.8
311031,9202192,2025-11-05,Quality Issue,1326.49
311032,9202208,2024-05-21,Wrong Item,257.26
311033,9202211,2025-07-15,Damaged,254.57
311034,9202232,2024-07-15,Late Delivery,2441.92
311035,9202233,2024-01-21,Late Delivery,38037.58
311036,9202241,2025-12-19,Late Delivery,302.28
311037,9202259,2025-12-01,Wrong Item,19769.05
311038,9202270,2025-02-05,Damaged,3610.33
311039,9202308,2024-06-27,Changed Mind,3232.16
311040,9202314,2024-07-06,Damaged,843.7
311041,9202332,2025-12-14,Damaged,1762.53
311042,9202333,2025-09-06,Quality Issue,421.6
311043,9202335,2025-02-12,Late Delivery,1629.42
311044,9202338,2024-06-27,Late Delivery,1627.26
311045,9202388,2024-05-13,Damaged,971.22
311046,9202389,2024-01-22,Damaged,1201.57
311047,9202396,2024-02-27,Late Delivery,8410.77
311048,9202421,2026-01-07,Changed Mind,10493.37
311049,9202429,2025-08-03,Late Delivery,1233.18
311050,9202490,2024-06-18,Changed Mind,2611.46
311051,9202506,2025-03-07,Quality Issue,529.81
311052,9202510,2024-06-12,Quality Issue,3658.45
311053,9202533,2025-05-02,Quality Issue,15398.46
311054,9202539,2025-12-03,Changed Mind,1749.01
311055,9202552,2024-04-04,Late Delivery,1139.12
311056,9202585,2024-09-13,Wrong Item,8321.26
311057,9202595,2025-06-18,Changed Mind,1728.41
311058,9202622,2024-07-31,Wrong Item,11840.35
311059,9202640,2025-07-11,Changed Mind,5339.34
311060,9202646,2025-11-22,Quality Issue,285.48
311061,9202671,2025-02-05,Late Delivery,361.61
311062,9202674,2024-06-18,Wrong Item,1937.4
311063,9202689,2024-12-27,Late Delivery,9516.37
311064,9202728,2024-09-29,Changed Mind,12015.83
311065,9202746,2025-07-07,Damaged,639.68
311066,9202753,2024-11-29,Quality Issue,3758.44
311067,9202758,2025-06-15,Damaged,1141.49
311068,9202761,2025-07-17,Changed Mind,555.68
311069,9202769,2025-12-10,Damaged,628.54
311070,9202788,2025-05-17,Damaged,1121.52
311071,9202800,2025-07-08,Damaged,4451.73
311072,9202847,2025-08-24,Quality Issue,1033.48
311073,9202942,2025-07-04,Quality Issue,997.09
311074,9202953,2025-02-01,Wrong Item,20019.78
311075,9202995,2024-02-02,Late Delivery,1519.22
311076,9203010,2024-08-16,Changed Mind,816.93
311077,9203051,2025-03-13,Wrong Item,1890.88
311078,9203059,2025-08-30,Quality Issue,316.09
311079,9203075,2024-03-06,Changed Mind,342.11
311080,9203085,2024-08-14,Quality Issue,1908.34
311081,9203093,2024-09-19,Changed Mind,1071.17
311082,9203108,2025-03-12,Wrong Item,2845.85
311083,9203125,2024-02-26,Changed Mind,616.08
311084,9203145,2025-09-11,Quality Issue,3516.56
311085,9203154,2024-06-29,Late Delivery,418.85
311086,9203195,2025-03-21,Damaged,5014.09
311087,9203201,2024-07-19,Late Delivery,1217.18
311088,9203203,2025-12-19,Damaged,1052.07
311089,9203248,2024-01-21,Late Delivery,2971.2
311090,9203249,2024-11-08,Wrong Item,3747.21
311091,9203261,2025-05-07,Quality Issue,741.64
311092,9203282,2025-03-08,Late Delivery,4751.25
311093,9203286,2025-02-14,Damaged,71805.24
311094,9203294,2025-04-15,Late Delivery,4228.18
311095,9203295,2025-06-12,Late Delivery,838.41
311096,9203313,2025-09-13,Changed Mind,1933.83
311097,9203317,2025-12-04,Wrong Item,1238.59
311098,9203324,2025-05-14,Damaged,2922.87
311099,9203355,2025-12-26,Quality Issue,1316.74
311100,9203382,2025-04-02,Wrong Item,382.63
311101,9203383,2024-10-11,Damaged,613.21
311102,9203395,2024-01-11,Wrong Item,284.72
311103,9203401,2025-03-27,Late Delivery,13330.89
311104,9203437,2025-07-31,Changed Mind,18857.32
311105,9203446,2025-12-15,Damaged,3524.92
311106,9203451,2025-04-08,Wrong Item,24989.77
311107,9203455,2025-02-05,Wrong Item,55076.52
311108,9203477,2024-10-15,Damaged,1483.91
311109,9203483,2024-05-31,Quality Issue,944.82
311110,9203486,2025-12-27,Wrong Item,1293.38
311111,9203501,2024-03-03,Changed Mind,13132.71
311112,9203573,2024-07-21,Changed Mind,1697.0
311113,9203574,2024-12-10,Late Delivery,2930.92
311114,9203576,2024-04-05,Changed Mind,2784.87
311115,9203580,2025-04-13,Quality Issue,479.85
311116,9203592,2024-09-02,Wrong Item,759.59
311117,9203603,2024-02-20,Quality Issue,15395.08
311118,9203631,2024-10-18,Damaged,2901.04
311119,9203635,2024-12-09,Wrong Item,2192.56
311120,9203645,2025-09-25,Damaged,24837.72
311121,9203654,2024-07-13,Quality Issue,7790.12
311122,9203664,2024-05-11,Late Delivery,65779.75
311123,9203690,2024-01-24,Quality Issue,453.78
311124,9203719,2025-09-05,Quality Issue,2126.76
311125,9203735,2024-01-23,Wrong Item,1946.79
311126,9203738,2025-02-22,Quality Issue,11620.94
311127,9203752,2024-02-26,Changed Mind,779.71
311128,9203761,2025-04-01,Wrong Item,4275.52
311129,9203763,2025-06-30,Quality Issue,938.96
311130,9203775,2024-08-25,Damaged,1023.96
311131,9203789,2025-04-06,Damaged,1586.01
311132,9203813,2024-04-28,Changed Mind,901.88
311133,9203817,2025-03-06,Damaged,1054.03
311134,9203820,2024-03-22,Wrong Item,1555.57
311135,9203847,2024-02-12,Changed Mind,4454.07
311136,9203857,2025-09-27,Late Delivery,1376.89
311137,9203869,2024-09-29,Late Delivery,12168.18
311138,9203872,2025-03-03,Late Delivery,802.74
311139,9203878,2024-03-19,Wrong Item,43301.18
311140,9203880,2024-07-08,Quality Issue,8666.91
311141,9203883,2024-06-30,Changed Mind,1098.88
311142,9203890,2025-05-10,Damaged,616.08
311143,9203899,2024-02-11,Damaged,1536.53
311144,9203901,2025-07-13,Damaged,2046.27
311145,9203919,2025-08-29,Late Delivery,466.89
311146,9203922,2024-05-15,Quality Issue,906.26
311147,9203936,2025-10-06,Wrong Item,1048.69
311148,9203938,2025-06-16,Wrong Item,699.26
311149,9203972,2025-04-24,Changed Mind,9880.65
311150,9203983,2025-06-25,Late Delivery,3306.23
311151,9203990,2024-04-18,Damaged,1442.13
311152,9203991,2025-10-16,Damaged,714.11
311153,9204041,2025-03-27,Changed Mind,747.33
311154,9204053,2024-11-21,Wrong Item,758.89
311155,9204118,2024-03-21,Wrong Item,329.83
311156,9204122,2025-03-12,Wrong Item,4792.38
311157,9204132,2025-12-10,Wrong Item,4245.07
311158,9204151,2024-06-09,Damaged,1886.13
311159,9204156,2024-09-30,Changed Mind,8067.88
311160,9204231,2024-11-15,Late Delivery,2070.29
311161,9204275,2025-10-05,Changed Mind,418.54
311162,9204338,2024-10-31,Late Delivery,1532.4
311163,9204356,2025-06-03,Wrong Item,1573.21
311164,9204366,2025-01-31,Late Delivery,1259.73
311165,9204387,2026-01-08,Wrong Item,3228.15
311166,9204404,2025-01-03,Late Delivery,3504.03
311167,9204406,2025-09-10,Wrong Item,453.98
311168,9204415,2025-05-30,Quality Issue,260.93
311169,9204421,2024-04-29,Damaged,603.07
311170,9204447,2025-07-14,Damaged,19812.36
311171,9204464,2025-06-11,Quality Issue,3423.02
311172,9204469,2024-08-03,Quality Issue,7747.65
311173,9204488,2024-10-01,Changed Mind,1737.95
311174,9204502,2025-01-11,Wrong Item,991.81
311175,9204514,2025-08-21,Damaged,1375.61
311176,9204536,2024-02-13,Changed Mind,830.87
311177,9204544,2024-04-14,Late Delivery,1546.7
311178,9204556,2024-03-23,Changed Mind,631.39
311179,9204565,2024-08-13,Quality Issue,400.19
311180,9204571,2024-07-23,Wrong Item,12372.9
311181,9204575,2025-01-08,Damaged,343.5
311182,9204580,2025-08-14,Quality Issue,1392.46
311183,9204614,2024-05-20,Changed Mind,287.05
311184,9204615,2024-10-06,Changed Mind,360.65
311185,9204642,2024-02-09,Wrong Item,2266.8
311186,9204682,2025-02-09,Late Delivery,1346.83
311187,9204713,2024-02-28,Wrong Item,5175.82
311188,9204743,2024-01-18,Quality Issue,32417.82
311189,9204749,2024-02-05,Damaged,805.42
311190,9204777,2024-01-11,Quality Issue,1942.48
311191,9204778,2025-03-30,Late Delivery,3975.81
311192,9204789,2024-10-21,Wrong Item,2668.63
311193,9204803,2024-12-13,Quality Issue,1258.28
311194,9204805,2024-01-26,Damaged,369.9
311195,9204812,2025-03-02,Quality Issue,3198.72
311196,9204837,2025-02-19,Damaged,1734.57
311197,9204876,2025-06-10,Quality Issue,2087.18
311198,9204889,2025-06-26,Wrong Item,4011.73
311199,9204900,2025-09-01,Changed Mind,2441.3
311200,9204905,2024-02-25,Damaged,1660.64
311201,9204930,2025-04-05,Wrong Item,301.91
311202,9204978,2025-06-23,Changed Mind,2138.27
311203,9204981,2024-11-06,Damaged,4173.4
311204,9205004,2025-04-10,Wrong Item,945.44
311205,9205022,2025-10-21,Changed Mind,1665.76
311206,9205056,2025-08-16,Damaged,625.59
311207,9205060,2024-03-16,Wrong Item,10780.23
311208,9205084,2025-08-12,Quality Issue,1214.06
311209,9205093,2024-09-02,Changed Mind,1566.35
311210,9205103,2025-04-12,Damaged,51925.8
311211,9205109,2025-02-12,Damaged,1927.11
311212,9205110,2024-06-17,Late Delivery,25871.24
311213,9205149,2024-08-31,Changed Mind,1271.54
311214,9205181,2024-06-28,Changed Mind,48284.48
311215,9205209,2024-07-13,Late Delivery,698.94
311216,9205225,2024-03-20,Late Delivery,2430.12
311217,9205257,2026-01-01,Damaged,931.57
311218,9205296,2024-05-29,Wrong Item,5360.16
311219,9205300,2024-06-19,Wrong Item,387.76
311220,9205352,2025-11-05,Quality Issue,123928.6
311221,9205353,2024-10-08,Damaged,12373.26
311222,9205368,2025-06-05,Damaged,443.55
311223,9205384,2024-05-25,Changed Mind,2423.34
311224,9205395,2024-02-16,Damaged,1391.66
311225,9205412,2025-01-03,Quality Issue,1566.35
311226,9205413,2025-11-10,Late Delivery,6975.69
311227,9205481,2024-12-31,Late Delivery,1497.01
311228,9205522,2025-10-20,Changed Mind,1561.03
311229,9205578,2025-03-01,Late Delivery,333.18
311230,9205581,2024-12-05,Late Delivery,512.82
311231,9205584,2025-10-08,Damaged,67935.08
311232,9205612,2024-11-25,Damaged,15701.9
311233,9205668,2025-12-23,Quality Issue,1551.12
311234,9205688,2025-02-24,Changed Mind,1986.2
311235,9205718,2024-02-17,Wrong Item,92614.69
311236,9205760,2025-04-04,Changed Mind,3083.76
311237,9205773,2024-12-10,Changed Mind,4763.69
311238,9205786,2025-07-19,Damaged,3682.25
311239,9205792,2024-02-22,Quality Issue,19045.7
311240,9205795,2025-05-04,Late Delivery,5062.64
311241,9205812,2024-03-07,Late Delivery,217.79
311242,9205814,2025-12-09,Changed Mind,981.19
311243,9205841,2025-06-15,Changed Mind,18215.16
311244,9205862,2024-06-25,Damaged,158.4
311245,9205904,2024-06-01,Changed Mind,2646.68
311246,9205925,2024-12-08,Late Delivery,291.62
311247,9205928,2024-07-27,Quality Issue,768.19
311248,9205981,2025-09-27,Wrong Item,1952.82
311249,9206014,2024-02-10,Changed Mind,496.58
311250,9206043,2025-02-04,Changed Mind,8252.81
311251,9206073,2024-05-13,Late Delivery,582.29
311252,9206104,2025-01-24,Late Delivery,1806.88
311253,9206106,2025-12-20,Late Delivery,2099.77
311254,9206145,2025-07-26,Wrong Item,506.95
311255,9206158,2025-09-12,Damaged,1508.24
311256,9206182,2024-06-20,Damaged,17357.09
311257,9206220,2024-01-24,Wrong Item,3502.67
311258,9206221,2024-05-09,Changed Mind,3296.59
311259,9206245,2025-01-22,Quality Issue,106.88
311260,9206253,2024-11-03,Late Delivery,30982.15
311261,9206274,2025-02-24,Quality Issue,1933.64
311262,9206276,2025-08-02,Late Delivery,671.13
311263,9206289,2025-01-14,Late Delivery,562.14
311264,9206292,2024-03-21,Late Delivery,17497.23
311265,9206294,2025-09-18,Quality Issue,604.57
311266,9206313,2024-04-28,Wrong Item,31955.26
311267,9206331,2024-06-24,Changed Mind,25058.66
311268,9206332,2025-05-11,Late Delivery,1221.76
311269,9206344,2024-06-01,Late Delivery,1318.91
311270,9206350,2026-01-08,Wrong Item,838.03
311271,9206392,2024-03-21,Quality Issue,940.4
311272,9206414,2025-01-08,Wrong Item,1059.62
311273,9206417,2024-12-24,Damaged,11921.98
311274,9206418,2025-06-08,Quality Issue,504.42
311275,9206433,2025-12-11,Late Delivery,446.02
311276,9206441,2024-07-07,Late Delivery,581.34
311277,9206457,2024-11-30,Changed Mind,1052.07
311278,9206459,2025-09-30,Changed Mind,6741.0
311279,9206482,2025-10-25,Damaged,846.25
311280,9206485,2024-12-26,Wrong Item,2185.0
311281,9206494,2024-08-06,Wrong Item,2612.89
311282,9206511,2025-06-03,Wrong Item,1093.03
311283,9206514,2024-08-16,Changed Mind,3888.19
311284,9206563,2024-06-07,Quality Issue,1853.43
311285,9206593,2026-01-12,Changed Mind,422.61
311286,9206602,2024-06-25,Late Delivery,2901.02
311287,9206647,2024-12-28,Quality Issue,947.6
311288,9206658,2024-05-13,Changed Mind,9051.01
311289,9206675,2025-10-24,Quality Issue,1287.05
311290,9206697,2024-04-30,Changed Mind,607.68
311291,9206722,2025-04-13,Quality Issue,464.09
311292,9206738,2025-08-18,Damaged,825.76
311293,9206759,2025-07-26,Damaged,1825.01
311294,9206760,2025-06-15,Quality Issue,2195.93
311295,9206768,2025-05-30,Wrong Item,971.32
311296,9206790,2026-01-11,Damaged,5728.93
311297,9206794,2024-10-17,Late Delivery,979.32
311298,9206810,2024-09-17,Late Delivery,646.31
311299,9206826,2025-08-19,Wrong Item,878.72
311300,9206829,2024-04-28,Changed Mind,2925.43
311301,9206837,2025-11-07,Late Delivery,3675.49
311302,9206847,2024-03-15,Late Delivery,2967.14
311303,9206864,2026-01-15,Changed Mind,936.26
311304,9206867,2025-01-14,Changed Mind,27128.28
311305,9206890,2025-06-08,Late Delivery,1714.9
311306,9206898,2025-05-31,Damaged,4570.85
311307,9206909,2024-10-09,Damaged,4075.24
311308,9206986,2024-04-11,Wrong Item,3132.7
311309,9207000,2025-12-10,Changed Mind,5746.19
311310,9207007,2025-08-23,Wrong Item,3874.91
311311,9207014,2025-01-27,Wrong Item,1293.63
311312,9207037,2024-07-03,Changed Mind,3511.76
311313,9207052,2025-04-17,Late Delivery,3885.41
311314,9207082,2024-12-30,Quality Issue,2570.57
311315,9207084,2024-11-14,Quality Issue,1817.17
311316,9207108,2025-09-06,Quality Issue,1431.82
311317,9207136,2024-07-18,Wrong Item,2414.92
311318,9207185,2025-11-28,Wrong Item,767.92
311319,9207222,2025-04-08,Late Delivery,1730.28
311320,9207225,2025-06-28,Damaged,2185.67
311321,9207228,2025-05-19,Damaged,48006.24
311322,9207234,2024-06-28,Late Delivery,2199.74
311323,9207268,2024-12-13,Changed Mind,14401.87
311324,9207296,2025-01-08,Damaged,4033.1
311325,9207305,2024-11-27,Quality Issue,863.63
311326,9207342,2025-07-30,Damaged,1000.14
311327,9207345,2024-05-08,Wrong Item,3015.09
311328,9207366,2025-06-21,Damaged,1387.99
311329,9207373,2024-02-21,Late Delivery,1487.85
311330,9207382,2025-03-08,Quality Issue,830.97
311331,9207420,2024-05-12,Quality Issue,1029.89
311332,9207423,2025-01-15,Changed Mind,911.76
311333,9207435,2024-02-19,Quality Issue,2067.24
311334,9207507,2026-01-02,Wrong Item,1016.45
311335,9207509,2024-10-10,Changed Mind,1121.5
311336,9207512,2024-11-29,Quality Issue,5288.29
311337,9207547,2025-06-01,Changed Mind,357.26
311338,9207573,2025-05-12,Damaged,40840.22
311339,9207614,2025-07-02,Quality Issue,1336.59
311340,9207616,2025-03-25,Changed Mind,7696.88
311341,9207657,2024-04-15,Late Delivery,391.35
311342,9207658,2025-11-30,Damaged,1200.06
311343,9207670,2024-11-06,Quality Issue,2328.29
311344,9207672,2024-07-02,Late Delivery,944.64
311345,9207684,2025-01-08,Damaged,727.29
311346,9207735,2024-12-02,Late Delivery,13831.62
311347,9207748,2025-11-22,Damaged,1191.32
311348,9207757,2025-05-25,Changed Mind,37114.72
311349,9207761,2025-07-09,Quality Issue,907.04
311350,9207762,2024-12-01,Late Delivery,497.69
311351,9207800,2024-02-19,Wrong Item,995.04
311352,9207815,2025-05-07,Changed Mind,1623.38
311353,9207820,2025-09-24,Quality Issue,2990.58
311354,9207840,2025-10-21,Damaged,2283.67
311355,9207862,2025-07-08,Damaged,7100.91
311356,9207863,2025-09-19,Late Delivery,20340.44
311357,9207866,2024-06-10,Damaged,684.38
311358,9207873,2025-12-20,Late Delivery,2248.62
311359,9207923,2024-09-25,Wrong Item,859.42
311360,9207946,2025-11-02,Changed Mind,948.91
311361,9207958,2024-01-20,Quality Issue,811.24
311362,9207973,2024-02-21,Damaged,3019.92
311363,9207997,2024-10-05,Damaged,4202.96
311364,9208018,2025-04-08,Damaged,4025.64
311365,9208085,2024-03-16,Wrong Item,1457.23
311366,9208090,2024-05-13,Wrong Item,2174.76
311367,9208098,2026-01-03,Wrong Item,361.09
311368,9208115,2025-10-11,Changed Mind,1159.47
311369,9208144,2025-06-22,Damaged,3465.18
311370,9208167,2024-09-24,Damaged,1569.6
311371,9208171,2025-02-13,Changed Mind,1298.38
311372,9208240,2025-11-19,Late Delivery,49979.54
311373,9208252,2025-06-24,Late Delivery,52177.75
311374,9208286,2024-12-11,Damaged,2442.51
311375,9208298,2024-02-27,Damaged,4281.16
311376,9208340,2025-11-17,Changed Mind,4880.15
311377,9208350,2024-03-12,Damaged,583.13
311378,9208351,2025-10-02,Damaged,1015.37
311379,9208362,2024-12-09,Quality Issue,919.48
311380,9208382,2024-07-30,Late Delivery,26415.48
311381,9208398,2024-05-01,Late Delivery,73585.11
311382,9208433,2025-11-27,Late Delivery,1119.85
311383,9208448,2025-12-19,Wrong Item,23095.84
311384,9208460,2024-02-02,Damaged,6934.04
311385,9208488,2024-10-30,Damaged,392.7
311386,9208501,2024-09-30,Late Delivery,1331.1
311387,9208514,2024-03-08,Changed Mind,3336.86
311388,9208522,2025-02-03,Wrong Item,2238.48
311389,9208578,2025-03-28,Wrong Item,26144.97
311390,9208611,2024-06-07,Changed Mind,10173.11
311391,9208612,2025-03-28,Quality Issue,12147.41
311392,9208694,2025-05-18,Quality Issue,808.1
311393,9208696,2025-10-13,Late Delivery,3701.68
311394,9208879,2025-09-25,Wrong Item,85990.86
311395,9208891,2024-02-17,Wrong Item,373.4
311396,9208911,2024-09-25,Damaged,2393.31
311397,9208955,2024-07-13,Late Delivery,21403.35
311398,9208976,2025-01-23,Quality Issue,503.74
311399,9208978,2024-05-31,Late Delivery,3523.54
311400,9209032,2024-07-23,Quality Issue,2555.21
311401,9209047,2024-05-05,Damaged,1908.34
311402,9209069,2024-06-13,Changed Mind,1702.21
311403,9209090,2024-04-15,Damaged,936.34
311404,9209095,2024-05-22,Late Delivery,11062.59
311405,9209135,2025-09-22,Late Delivery,1524.59
311406,9209174,2026-01-06,Wrong Item,2351.26
311407,9209175,2025-07-12,Changed Mind,22430.31
311408,9209176,2025-12-06,Wrong Item,565.38
311409,9209184,2025-07-21,Quality Issue,4763.18
311410,9209210,2024-03-16,Changed Mind,973.89
311411,9209223,2024-04-13,Quality Issue,36167.84
311412,9209249,2024-08-30,Damaged,5308.39
311413,9209251,2025-03-22,Late Delivery,1234.1
311414,9209260,2024-02-21,Wrong Item,4611.25
311415,9209267,2024-11-18,Late Delivery,5613.01
311416,9209288,2024-04-08,Changed Mind,1511.42
311417,9209291,2024-03-17,Damaged,1078.39
311418,9209301,2025-11-29,Changed Mind,588.77
311419,9209316,2024-04-07,Quality Issue,606.42
311420,9209330,2024-03-15,Changed Mind,1791.44
311421,9209336,2024-03-27,Changed Mind,727.84
311422,9209369,2024-05-07,Late Delivery,38757.82
311423,9209378,2025-02-26,Wrong Item,2237.01
311424,9209396,2025-12-05,Late Delivery,456.88
311425,9209409,2025-11-07,Wrong Item,810.21
311426,9209442,2025-08-15,Quality Issue,697.03
311427,9209449,2025-04-10,Changed Mind,128.26
311428,9209465,2025-08-03,Quality Issue,14361.05
311429,9209479,2024-04-15,Quality Issue,918.94
311430,9209489,2024-10-12,Wrong Item,849.6
311431,9209496,2024-02-20,Changed Mind,3742.56
311432,9209524,2025-06-28,Late Delivery,3060.46
311433,9209532,2024-02-05,Wrong Item,8553.08
311434,9209581,2024-09-07,Wrong Item,1719.69
311435,9209599,2025-03-06,Damaged,1211.15
311436,9209616,2024-07-09,Wrong Item,3701.25
311437,9209621,2025-09-21,Changed Mind,670.78
311438,9209627,2025-05-02,Wrong Item,21117.61
311439,9209654,2024-06-03,Changed Mind,732.3
311440,9209666,2024-03-21,Changed Mind,2243.74
311441,9209671,2024-07-11,Quality Issue,5427.97
311442,9209698,2025-10-19,Late Delivery,1642.13
311443,9209717,2024-03-15,Changed Mind,1713.69
311444,9209719,2024-08-28,Quality Issue,2237.89
311445,9209731,2024-07-01,Damaged,751.27
311446,9209763,2025-02-23,Late Delivery,929.85
311447,9209821,2024-06-07,Late Delivery,378.8
311448,9209885,2025-09-16,Wrong Item,43301.18
311449,9209912,2024-10-15,Late Delivery,2563.08
311450,9209916,2024-05-17,Damaged,10497.5
311451,9209919,2024-02-27,Wrong Item,13286.44
311452,9209928,2024-12-31,Changed Mind,16125.91
311453,9209946,2025-01-01,Late Delivery,44906.09
311454,9210000,2024-01-17,Wrong Item,4185.84
311455,9210010,2025-08-12,Changed Mind,1309.9
311456,9210013,2025-12-15,Changed Mind,1965.26
311457,9210015,2024-02-14,Changed Mind,55524.93
311458,9210025,2024-03-16,Late Delivery,810.71
311459,9210033,2025-12-19,Damaged,507.98
311460,9210036,2024-04-18,Changed Mind,1190.76
311461,9210040,2024-08-30,Wrong Item,4719.68
311462,9210091,2025-04-19,Changed Mind,1505.67
311463,9210095,2025-12-08,Late Delivery,2257.39
311464,9210097,2025-06-03,Wrong Item,2655.4
311465,9210126,2024-03-29,Quality Issue,2149.4
311466,9210127,2025-10-13,Late Delivery,2202.69
311467,9210198,2025-06-14,Late Delivery,130724.85
311468,9210220,2024-05-30,Late Delivery,6120.7
311469,9210248,2025-09-17,Wrong Item,1502.43
311470,9210258,2024-03-06,Changed Mind,1688.08
311471,9210266,2024-09-24,Late Delivery,152.31
311472,9210280,2025-03-18,Changed Mind,537.98
311473,9210296,2025-04-03,Wrong Item,715.57
311474,9210318,2025-11-14,Changed Mind,2250.12
311475,9210335,2025-09-16,Wrong Item,1723.11
311476,9210356,2024-11-23,Wrong Item,792.38
311477,9210371,2024-11-27,Quality Issue,534.54
311478,9210379,2025-01-21,Wrong Item,4253.52
311479,9210382,2024-06-02,Quality Issue,1694.87
311480,9210406,2025-05-30,Damaged,11772.99
311481,9210455,2024-07-23,Quality Issue,1945.53
311482,9210477,2024-09-27,Late Delivery,7218.78
311483,9210511,2024-04-21,Changed Mind,1835.83
311484,9210515,2025-03-27,Quality Issue,1065.77
311485,9210614,2024-09-03,Wrong Item,2383.3
311486,9210627,2025-01-08,Quality Issue,1024.47
311487,9210630,2025-01-31,Changed Mind,3952.67
311488,9210637,2025-10-10,Damaged,6097.79
311489,9210642,2025-09-06,Changed Mind,425.78
311490,9210648,2025-03-06,Late Delivery,869.11
311491,9210651,2024-02-08,Wrong Item,2474.58
311492,9210665,2025-11-30,Quality Issue,1672.0
311493,9210674,2025-11-14,Late Delivery,494.61
311494,9210681,2024-03-18,Changed Mind,5115.8
311495,9210750,2024-07-19,Quality Issue,7156.65
311496,9210768,2024-06-11,Late Delivery,2963.56
311497,9210784,2025-12-27,Quality Issue,1835.83
311498,9210805,2024-03-05,Damaged,30574.53
311499,9210829,2024-05-03,Quality Issue,4563.42
311500,9210858,2025-01-05,Changed Mind,757.14
311501,9210896,2024-03-01,Changed Mind,8930.35
311502,9210923,2025-09-02,Quality Issue,1667.3
311503,9210927,2025-04-10,Quality Issue,4688.89
311504,9210943,2024-02-20,Quality Issue,8551.63
311505,9210951,2024-09-30,Quality Issue,1103.01
311506,9210952,2024-08-21,Changed Mind,5400.01
311507,9210960,2024-11-10,Damaged,3933.36
311508,9210963,2025-07-11,Late Delivery,367.59
311509,9210970,2024-09-06,Damaged,795.23
311510,9210973,2024-11-11,Damaged,1448.8
311511,9210977,2025-11-10,Changed Mind,1097.43
311512,9210985,2025-12-25,Changed Mind,447.16
311513,9210991,2024-04-12,Quality Issue,9284.41
311514,9211002,2025-03-03,Changed Mind,1708.31
311515,9211009,2024-10-31,Damaged,626.25
311516,9211023,2025-03-30,Wrong Item,1713.91
311517,9211025,2025-02-22,Late Delivery,8193.75
311518,9211040,2025-05-08,Wrong Item,901.88
311519,9211056,2025-06-14,Quality Issue,2423.99
311520,9211063,2024-07-16,Changed Mind,748.12
311521,9211071,2025-11-01,Changed Mind,20939.88
311522,9211086,2024-02-15,Quality Issue,4566.37
311523,9211099,2024-08-29,Late Delivery,2683.52
311524,9211141,2024-08-01,Damaged,531.75
311525,9211150,2025-07-06,Quality Issue,1090.21
311526,9211177,2024-10-12,Changed Mind,11440.96
311527,9211183,2024-07-06,Changed Mind,2576.6
311528,9211275,2024-07-05,Changed Mind,365.86
311529,9211284,2025-10-23,Damaged,124970.77
311530,9211325,2025-02-15,Late Delivery,2771.46
311531,9211335,2025-02-05,Wrong Item,18706.64
311532,9211345,2025-06-02,Quality Issue,2166.28
311533,9211390,2025-09-15,Wrong Item,1513.02
311534,9211396,2024-08-16,Late Delivery,2533.83
311535,9211400,2025-10-14,Late Delivery,355.81
311536,9211444,2024-10-24,Late Delivery,1176.43
311537,9211452,2024-09-25,Wrong Item,2137.61
311538,9211473,2025-09-27,Damaged,2016.97
311539,9211485,2024-09-08,Changed Mind,229.1
311540,9211496,2025-03-28,Wrong Item,3111.14
311541,9211506,2025-01-23,Changed Mind,3523.54
311542,9211522,2025-07-12,Damaged,14270.84
311543,9211550,2024-11-24,Damaged,400.19
311544,9211562,2025-12-27,Wrong Item,2847.8
311545,9211569,2025-01-14,Late Delivery,1523.78
311546,9211611,2025-03-12,Quality Issue,486.47
311547,9211649,2025-11-19,Damaged,3779.59
311548,9211652,2024-07-19,Quality Issue,1905.44
311549,9211662,2024-04-22,Late Delivery,699.86
311550,9211727,2024-02-22,Quality Issue,1178.71
311551,9211729,2024-05-14,Changed Mind,361.8
311552,9211736,2025-11-07,Wrong Item,19244.97
311553,9211737,2025-06-23,Changed Mind,1196.65
311554,9211778,2024-04-09,Late Delivery,15029.5
311555,9211792,2024-09-15,Wrong Item,324.52
311556,9211820,2024-05-24,Late Delivery,407.82
311557,9211830,2025-06-27,Quality Issue,858.27
311558,9211891,2025-06-13,Late Delivery,26169.84
311559,9211919,2024-03-12,Late Delivery,992.87
311560,9211931,2025-02-17,Wrong Item,1201.57
311561,9211932,2024-03-26,Wrong Item,2031.48
311562,9211942,2025-07-27,Quality Issue,653.09
311563,9211945,2025-02-28,Quality Issue,1242.75
311564,9211962,2025-02-05,Quality Issue,1522.43
311565,9211979,2024-03-08,Damaged,2224.65
311566,9212039,2025-07-07,Late Delivery,1287.05
311567,9212041,2024-06-15,Late Delivery,1827.38
311568,9212042,2024-05-03,Late Delivery,13849.98
311569,9212077,2025-07-03,Wrong Item,3118.78
311570,9212082,2024-07-03,Damaged,1629.18
311571,9212084,2024-11-01,Wrong Item,12773.55
311572,9212095,2025-12-03,Late Delivery,18888.68
311573,9212100,2024-07-16,Late Delivery,514.06
311574,9212103,2025-01-23,Damaged,1454.59
311575,9212106,2024-09-21,Wrong Item,84.15
311576,9212128,2025-10-23,Wrong Item,4179.51
311577,9212138,2025-06-10,Damaged,2175.77
311578,9212174,2024-11-11,Damaged,1090.89
311579,9212177,2025-03-27,Damaged,605.22
311580,9212194,2025-07-05,Changed Mind,3205.45
311581,9212209,2025-08-13,Wrong Item,2508.32
311582,9212213,2025-01-02,Wrong Item,1428.39
311583,9212232,2025-07-12,Quality Issue,2874.61
311584,9212241,2025-08-15,Wrong Item,628.54
311585,9212257,2024-08-15,Wrong Item,1339.58
311586,9212270,2024-12-25,Late Delivery,17016.81
311587,9212277,2024-04-01,Quality Issue,9486.18
311588,9212291,2025-05-02,Quality Issue,2251.96
311589,9212314,2024-06-05,Quality Issue,584.21
311590,9212330,2025-01-08,Late Delivery,867.29
311591,9212334,2024-03-28,Late Delivery,167.51
311592,9212338,2025-03-29,Changed Mind,2447.61
311593,9212357,2025-12-12,Quality Issue,3516.56
311594,9212374,2025-04-03,Changed Mind,3659.45
311595,9212380,2025-11-06,Wrong Item,2753.78
311596,9212393,2025-05-24,Changed Mind,993.58
311597,9212408,2024-02-12,Wrong Item,73876.21
311598,9212422,2024-08-22,Late Delivery,1525.47
311599,9212431,2025-01-16,Changed Mind,1636.34
311600,9212477,2024-08-12,Quality Issue,932.0
311601,9212486,2024-02-09,Changed Mind,6315.95
311602,9212491,2024-05-10,Quality Issue,1964.96
311603,9212499,2024-06-25,Changed Mind,613.82
311604,9212516,2025-08-06,Quality Issue,1205.74
311605,9212539,2024-08-09,Late Delivery,176.81
311606,9212542,2024-02-06,Late Delivery,3572.96
311607,9212573,2025-02-26,Wrong Item,2963.07
311608,9212586,2026-01-17,Damaged,380.09
311609,9212594,2025-12-10,Late Delivery,401.92
311610,9212618,2024-01-11,Wrong Item,1192.34
311611,9212636,2025-10-26,Changed Mind,1671.36
311612,9212637,2025-05-01,Wrong Item,1423.21
311613,9212649,2025-02-04,Damaged,4776.54
311614,9212679,2024-10-20,Wrong Item,2450.25
311615,9212696,2025-12-20,Changed Mind,285.25
311616,9212700,2025-03-09,Damaged,18085.52
311617,9212721,2025-01-06,Late Delivery,4892.27
311618,9212766,2024-07-29,Quality Issue,5774.29
311619,9212774,2025-08-25,Damaged,1218.64
311620,9212800,2025-01-19,Damaged,3413.74
311621,9212802,2025-07-05,Wrong Item,2502.07
311622,9212805,2025-07-13,Damaged,1708.45
311623,9212809,2024-06-23,Quality Issue,6164.68
311624,9212825,2024-09-24,Wrong Item,508.87
311625,9212874,2024-12-03,Changed Mind,450.18
311626,9212882,2025-08-16,Damaged,36383.44
311627,9212885,2025-10-28,Damaged,1052.4
311628,9212908,2025-06-18,Wrong Item,956.31
311629,9212910,2025-07-09,Late Delivery,5684.24
311630,9212918,2024-10-04,Changed Mind,10043.59
311631,9212933,2025-09-19,Wrong Item,11015.01
311632,9212937,2025-08-23,Wrong Item,2976.84
311633,9212968,2025-07-09,Late Delivery,52623.8
311634,9212975,2025-08-04,Late Delivery,1562.63
311635,9213015,2025-05-01,Wrong Item,3606.45
311636,9213017,2025-12-09,Wrong Item,1660.41
311637,9213027,2024-11-18,Wrong Item,1253.61
311638,9213051,2024-07-26,Late Delivery,2207.27
311639,9213057,2024-03-26,Late Delivery,2440.87
311640,9213063,2024-08-25,Quality Issue,2131.7
311641,9213066,2024-11-19,Changed Mind,904.03
311642,9213101,2024-10-17,Wrong Item,2838.02
311643,9213188,2024-04-19,Damaged,3682.25
311644,9213192,2024-11-10,Wrong Item,5733.07
311645,9213207,2025-12-23,Changed Mind,10508.81
311646,9213241,2025-04-04,Damaged,2127.38
311647,9213244,2024-07-18,Quality Issue,1226.08
311648,9213261,2024-03-22,Quality Issue,1876.61
311649,9213299,2025-04-14,Quality Issue,2576.56
311650,9213303,2025-07-27,Wrong Item,2526.33
311651,9213334,2024-05-18,Changed Mind,822.21
311652,9213336,2026-01-04,Damaged,244.94
311653,9213343,2024-03-17,Quality Issue,1373.63
311654,9213348,2025-05-24,Quality Issue,4771.1
311655,9213349,2025-04-26,Damaged,757.01
311656,9213358,2024-02-22,Quality Issue,17722.08
311657,9213399,2025-07-29,Changed Mind,1158.88
311658,9213400,2025-03-03,Changed Mind,66161.0
311659,9213429,2024-04-24,Wrong Item,5739.66
311660,9213432,2024-07-27,Quality Issue,2210.28
311661,9213448,2024-12-19,Damaged,1614.03
311662,9213469,2024-04-13,Wrong Item,491.86
311663,9213474,2024-07-02,Changed Mind,3195.56
311664,9213498,2025-03-17,Late Delivery,962.42
311665,9213548,2025-04-14,Late Delivery,4580.35
311666,9213556,2025-08-22,Changed Mind,2422.77
311667,9213594,2024-09-03,Damaged,1471.59
311668,9213599,2025-01-21,Wrong Item,2239.55
311669,9213604,2024-12-09,Quality Issue,2250.69
311670,9213607,2024-06-27,Changed Mind,2009.74
311671,9213628,2025-11-23,Wrong Item,4219.14
311672,9213646,2025-03-03,Wrong Item,271.34
311673,9213671,2024-07-27,Changed Mind,894.26
311674,9213675,2025-06-22,Wrong Item,60207.67
311675,9213679,2025-05-03,Wrong Item,406.24
311676,9213683,2024-07-06,Damaged,6975.18
311677,9213707,2025-01-24,Damaged,110.7
311678,9213711,2024-12-27,Late Delivery,1095.95
311679,9213728,2024-07-04,Wrong Item,6398.13
311680,9213737,2024-01-20,Late Delivery,3185.13
311681,9213770,2025-07-18,Quality Issue,26920.75
311682,9213771,2024-10-28,Wrong Item,3714.14
311683,9213774,2024-03-27,Damaged,4134.48
311684,9213778,2025-05-16,Wrong Item,3415.76
311685,9213794,2025-09-18,Wrong Item,761.91
311686,9213819,2024-03-15,Wrong Item,5210.64
311687,9213849,2025-10-31,Changed Mind,934.34
311688,9213879,2025-10-19,Late Delivery,1912.95
311689,9213883,2024-02-02,Wrong Item,1408.68
311690,9213911,2025-02-18,Quality Issue,15859.4
311691,9213959,2024-11-04,Late Delivery,697.03
311692,9213962,2025-07-04,Changed Mind,2973.45
311693,9213991,2025-01-05,Damaged,1089.85
311694,9214000,2024-08-07,Changed Mind,4644.51
311695,9214045,2025-11-10,Late Delivery,1420.25
311696,9214106,2024-02-23,Late Delivery,138.38
311697,9214112,2025-03-10,Wrong Item,456.77
311698,9214113,2025-03-03,Damaged,13616.44
311699,9214117,2024-01-11,Wrong Item,1581.94
311700,9214134,2025-10-25,Damaged,6078.86
311701,9214187,2025-10-04,Changed Mind,99.0
311702,9214190,2025-03-25,Damaged,2027.92
311703,9214192,2024-12-02,Changed Mind,2891.23
311704,9214202,2025-12-06,Wrong Item,7470.27
311705,9214211,2025-12-17,Changed Mind,200.2
311706,9214229,2024-04-21,Late Delivery,54446.16
311707,9214341,2024-03-25,Late Delivery,1785.26
311708,9214342,2025-08-07,Quality Issue,3273.76
311709,9214349,2024-12-26,Damaged,1165.54
311710,9214378,2025-07-29,Late Delivery,4122.31
311711,9214400,2025-01-13,Damaged,2705.68
311712,9214407,2025-07-05,Quality Issue,2386.14
311713,9214425,2024-06-20,Changed Mind,1172.22
311714,9214433,2025-07-04,Late Delivery,3038.55
311715,9214443,2024-03-15,Quality Issue,12849.51
311716,9214462,2025-04-06,Changed Mind,591.61
311717,9214465,2024-11-18,Changed Mind,7624.84
311718,9214528,2024-03-09,Damaged,630.85
311719,9214539,2024-05-07,Wrong Item,538.68
311720,9214595,2025-07-31,Quality Issue,568.27
311721,9214634,2025-03-01,Damaged,1943.64
311722,9214688,2025-12-30,Wrong Item,1279.33
311723,9214695,2025-10-08,Damaged,3037.88
311724,9214698,2026-01-03,Damaged,3379.81
311725,9214714,2025-07-28,Late Delivery,1917.01
311726,9214720,2024-07-24,Quality Issue,806.15
311727,9214730,2024-09-23,Quality Issue,1425.52
311728,9214746,2024-07-24,Changed Mind,5543.82
311729,9214749,2025-05-13,Late Delivery,1786.07
311730,9214754,2025-03-01,Wrong Item,2013.28
311731,9214802,2025-04-19,Late Delivery,495.61
311732,9214817,2025-06-22,Damaged,17449.01
311733,9214822,2025-05-06,Changed Mind,691.52
311734,9214836,2025-06-16,Quality Issue,1225.59
311735,9214842,2025-07-01,Wrong Item,1261.69
311736,9214875,2025-06-15,Changed Mind,2396.19
311737,9214906,2024-06-13,Late Delivery,43556.93
311738,9214937,2025-11-26,Wrong Item,6728.62
311739,9214939,2024-07-30,Late Delivery,5064.32
311740,9214948,2024-11-09,Quality Issue,1234.1
311741,9214966,2025-11-17,Quality Issue,2953.04
311742,9215045,2025-12-22,Changed Mind,63352.83
311743,9215056,2025-09-21,Changed Mind,816.93
311744,9215060,2025-12-30,Wrong Item,5666.88
311745,9215070,2025-06-07,Late Delivery,2021.98
311746,9215086,2024-04-10,Changed Mind,1483.57
311747,9215093,2024-09-28,Changed Mind,3441.4
311748,9215105,2024-12-04,Damaged,2237.89
311749,9215124,2024-02-19,Quality Issue,2351.26
311750,9215129,2024-02-06,Changed Mind,1208.76
311751,9215136,2024-01-17,Late Delivery,1048.03
311752,9215148,2025-12-18,Late Delivery,6195.72
311753,9215169,2025-07-31,Changed Mind,2598.88
311754,9215178,2024-06-10,Late Delivery,996.9
311755,9215197,2025-06-14,Damaged,2206.89
311756,9215228,2024-12-20,Wrong Item,2302.13
311757,9215264,2024-12-15,Late Delivery,870.37
311758,9215266,2025-06-09,Damaged,27855.86
311759,9215289,2024-11-18,Quality Issue,3440.34
311760,9215317,2024-11-17,Late Delivery,1638.6
311761,9215319,2025-03-01,Wrong Item,546.26
311762,9215323,2024-12-28,Damaged,798.12
311763,9215347,2024-09-09,Wrong Item,4283.17
311764,9215367,2025-01-11,Quality Issue,1791.44
311765,9215413,2024-06-20,Changed Mind,14776.11
311766,9215427,2024-08-08,Wrong Item,3337.76
311767,9215438,2025-05-24,Quality Issue,1930.7
311768,9215461,2024-12-23,Quality Issue,634.64
311769,9215483,2025-08-30,Damaged,756.51
311770,9215484,2024-06-06,Damaged,655.42
311771,9215500,2025-12-07,Wrong Item,1365.14
311772,9215507,2026-01-06,Changed Mind,1720.19
311773,9215517,2024-06-16,Damaged,27223.08
311774,9215551,2024-07-30,Late Delivery,933.32
311775,9215569,2024-12-05,Quality Issue,3872.04
311776,9215578,2024-09-12,Damaged,2739.82
311777,9215582,2025-06-25,Damaged,2086.13
311778,9215585,2024-12-22,Changed Mind,2502.07
311779,9215616,2025-05-10,Damaged,3467.02
311780,9215648,2024-02-03,Damaged,1072.4
311781,9215663,2024-05-14,Wrong Item,7682.84
311782,9215685,2024-04-13,Wrong Item,753.12
311783,9215692,2024-06-10,Wrong Item,3354.41
311784,9215716,2024-06-27,Damaged,874.31
311785,9215739,2025-11-17,Wrong Item,1117.24
311786,9215779,2025-09-09,Late Delivery,2325.23
311787,9215807,2026-01-04,Late Delivery,4633.39
311788,9215828,2025-12-26,Wrong Item,1590.64
311789,9215840,2024-10-05,Wrong Item,387.4
311790,9215843,2024-09-26,Wrong Item,5660.8
311791,9215883,2025-04-21,Changed Mind,4033.94
311792,9215891,2025-02-08,Quality Issue,2232.7
311793,9215932,2025-03-07,Changed Mind,7579.53
311794,9215962,2025-01-11,Wrong Item,2355.7
311795,9215997,2024-08-09,Wrong Item,2607.68
311796,9216009,2024-08-09,Wrong Item,641.02
311797,9216033,2025-10-14,Changed Mind,1638.1
311798,9216034,2025-02-23,Changed Mind,6655.57
311799,9216075,2025-03-26,Quality Issue,1146.15
311800,9216089,2025-01-13,Damaged,862.32
311801,9216121,2025-05-20,Quality Issue,1421.77
311802,9216130,2025-07-16,Changed Mind,704.34
311803,9216202,2024-02-27,Changed Mind,2797.41
311804,9216207,2025-09-22,Changed Mind,10071.8
311805,9216216,2024-02-01,Changed Mind,1742.82
311806,9216233,2024-01-25,Changed Mind,15299.14
311807,9216259,2025-07-15,Late Delivery,4085.16
311808,9216266,2024-10-15,Wrong Item,1363.39
311809,9216280,2025-06-14,Wrong Item,915.14
311810,9216282,2025-11-20,Late Delivery,3533.56
311811,9216291,2024-05-12,Changed Mind,3022.84
311812,9216322,2025-02-23,Changed Mind,608.29
311813,9216346,2025-08-27,Late Delivery,7445.65
311814,9216352,2024-01-06,Quality Issue,170.59
311815,9216354,2024-06-19,Damaged,6083.83
311816,9216356,2024-09-08,Quality Issue,373.06
311817,9216373,2025-12-16,Changed Mind,6824.1
311818,9216388,2024-06-20,Quality Issue,12967.13
311819,9216403,2025-06-06,Changed Mind,1357.46
311820,9216444,2024-02-04,Late Delivery,1526.4
311821,9216496,2025-04-13,Damaged,1322.28
311822,9216523,2025-08-16,Damaged,56064.33
311823,9216529,2024-03-04,Changed Mind,4505.22
311824,9216537,2024-08-21,Damaged,1310.52
311825,9216538,2024-05-01,Damaged,1949.66
311826,9216559,2025-08-10,Quality Issue,1094.14
311827,9216562,2025-10-06,Damaged,870.6
311828,9216563,2025-06-10,Quality Issue,1522.32
311829,9216571,2025-12-10,Damaged,678.36
311830,9216593,2025-08-07,Late Delivery,729.94
311831,9216627,2025-12-15,Damaged,20061.73
311832,9216635,2024-08-11,Quality Issue,571.89
311833,9216642,2024-08-26,Wrong Item,1825.02
311834,9216652,2025-11-23,Late Delivery,2403.86
311835,9216693,2025-02-15,Quality Issue,2598.88
311836,9216706,2024-07-28,Late Delivery,1756.74
311837,9216755,2025-09-15,Quality Issue,4377.57
311838,9216780,2025-07-19,Late Delivery,523.69
311839,9216794,2024-04-24,Wrong Item,1742.89
311840,9216800,2026-01-12,Changed Mind,5225.78
311841,9216801,2024-10-24,Late Delivery,1085.59
311842,9216804,2025-07-10,Wrong Item,2847.0
311843,9216843,2024-02-10,Damaged,453.07
311844,9216848,2024-02-28,Wrong Item,1475.64
311845,9216862,2025-09-01,Changed Mind,58388.67
311846,9216878,2025-01-24,Late Delivery,2168.26
311847,9216895,2025-01-12,Quality Issue,10800.99
311848,9216929,2024-02-20,Wrong Item,22288.91
311849,9216933,2025-01-03,Late Delivery,398.02
311850,9216934,2025-11-15,Changed Mind,315.15
311851,9216956,2024-12-15,Late Delivery,1094.53
311852,9216958,2025-10-28,Damaged,879.38
311853,9216978,2025-02-13,Changed Mind,1161.86
311854,9216986,2025-08-07,Damaged,7268.32
311855,9216992,2024-10-22,Damaged,47105.71
311856,9216996,2024-11-25,Late Delivery,1215.09
311857,9217012,2024-01-23,Wrong Item,15000.26
311858,9217018,2024-10-06,Wrong Item,1247.17
311859,9217030,2024-07-17,Damaged,5751.03
311860,9217034,2024-07-08,Wrong Item,34918.3
311861,9217100,2025-12-23,Quality Issue,1429.52
311862,9217140,2024-02-14,Changed Mind,1143.2
311863,9217142,2024-04-13,Late Delivery,894.39
311864,9217200,2025-10-02,Damaged,16015.82
311865,9217207,2024-09-03,Late Delivery,4400.02
311866,9217224,2025-03-09,Changed Mind,1095.91
311867,9217239,2025-07-29,Wrong Item,3080.83
311868,9217261,2024-11-28,Changed Mind,1138.18
311869,9217274,2025-11-03,Changed Mind,13478.02
311870,9217302,2024-05-03,Wrong Item,886.86
311871,9217303,2025-12-14,Wrong Item,14873.6
311872,9217325,2024-06-03,Changed Mind,348.21
311873,9217326,2025-05-11,Changed Mind,3462.56
311874,9217340,2024-12-13,Wrong Item,3855.85
311875,9217346,2025-04-04,Quality Issue,1775.85
311876,9217349,2024-10-07,Quality Issue,2758.28
311877,9217358,2024-02-02,Late Delivery,615.98
311878,9217366,2025-10-29,Wrong Item,1855.78
311879,9217367,2025-10-24,Damaged,1732.7
311880,9217380,2025-11-17,Changed Mind,6179.24
311881,9217398,2025-01-31,Damaged,6285.2
311882,9217429,2024-10-28,Changed Mind,13221.01
311883,9217431,2025-04-24,Changed Mind,1272.78
311884,9217443,2024-11-11,Quality Issue,1102.11
311885,9217451,2025-08-27,Late Delivery,10786.9
311886,9217458,2025-08-09,Changed Mind,3181.84
311887,9217492,2024-11-25,Wrong Item,1279.32
311888,9217503,2024-07-24,Late Delivery,1250.15
311889,9217511,2024-08-09,Wrong Item,2811.8
311890,9217514,2025-03-17,Quality Issue,3751.71
311891,9217526,2025-11-18,Quality Issue,496.58
311892,9217528,2025-12-21,Quality Issue,612.37
311893,9217540,2025-01-27,Damaged,35444.16
311894,9217550,2025-06-28,Late Delivery,7039.33
311895,9217563,2025-01-05,Changed Mind,901.66
311896,9217564,2025-06-26,Damaged,2225.28
311897,9217631,2024-10-12,Changed Mind,4719.64
311898,9217665,2025-11-09,Late Delivery,558.36
311899,9217675,2024-03-26,Changed Mind,323.27
311900,9217681,2025-01-07,Damaged,1368.8
311901,9217691,2024-11-09,Quality Issue,3613.35
311902,9217716,2025-08-20,Late Delivery,884.78
311903,9217723,2024-11-13,Quality Issue,3174.1
311904,9217734,2024-10-01,Wrong Item,1760.0
311905,9217751,2025-11-20,Quality Issue,6479.25
311906,9217760,2024-04-01,Changed Mind,4243.49
311907,9217775,2025-12-15,Changed Mind,1623.09
311908,9217803,2024-05-01,Quality Issue,2334.93
311909,9217808,2024-11-17,Damaged,6921.28
311910,9217822,2025-03-25,Damaged,515.02
311911,9217829,2025-05-18,Quality Issue,1514.51
311912,9217885,2024-10-10,Damaged,2375.66
311913,9217906,2024-11-06,Changed Mind,6221.52
311914,9217943,2025-06-08,Wrong Item,4565.83
311915,9217946,2024-08-04,Late Delivery,5039.45
311916,9217959,2024-05-30,Changed Mind,1825.12
311917,9217965,2024-12-31,Changed Mind,639.68
311918,9217977,2025-01-29,Changed Mind,603.82
311919,9217978,2024-11-18,Late Delivery,9323.4
311920,9217987,2025-11-20,Damaged,1028.74
311921,9218010,2025-08-24,Changed Mind,379.29
311922,9218051,2025-03-17,Changed Mind,2684.98
311923,9218084,2025-01-06,Changed Mind,9682.42
311924,9218098,2025-03-02,Changed Mind,2249.78
311925,9218100,2025-04-10,Wrong Item,5945.18
311926,9218189,2025-09-25,Changed Mind,913.83
311927,9218194,2025-06-08,Changed Mind,44934.1
311928,9218196,2025-01-02,Late Delivery,720.49
311929,9218210,2024-10-24,Changed Mind,1044.26
311930,9218236,2024-05-20,Quality Issue,8432.28
311931,9218272,2024-01-27,Late Delivery,2587.34
311932,9218283,2025-10-20,Damaged,315.65
311933,9218284,2025-03-17,Quality Issue,3226.09
311934,9218318,2024-12-31,Changed Mind,4822.98
311935,9218325,2025-02-25,Wrong Item,1940.45
311936,9218332,2026-01-03,Late Delivery,1520.84
311937,9218352,2024-07-25,Quality Issue,19096.99
311938,9218363,2025-03-05,Wrong Item,3904.25
311939,9218402,2025-05-14,Late Delivery,2061.34
311940,9218418,2024-05-20,Damaged,281.28
311941,9218449,2025-09-11,Quality Issue,413.45
311942,9218480,2025-10-21,Quality Issue,14988.84
311943,9218525,2025-10-06,Damaged,2736.92
311944,9218539,2024-02-26,Late Delivery,727.29
311945,9218582,2025-07-25,Wrong Item,2603.84
311946,9218583,2025-03-07,Damaged,1669.82
311947,9218623,2024-11-08,Changed Mind,2392.46
311948,9218652,2024-05-02,Quality Issue,9422.76
311949,9218664,2024-10-03,Late Delivery,1769.91
311950,9218667,2024-06-13,Quality Issue,3220.21
311951,9218719,2025-05-14,Changed Mind,1519.27
311952,9218741,2025-01-22,Changed Mind,61609.75
311953,9218743,2025-09-02,Changed Mind,765.46
311954,9218829,2025-08-30,Quality Issue,2080.14
311955,9218831,2025-09-05,Late Delivery,1217.68
311956,9218833,2025-05-28,Wrong Item,769.7
311957,9218861,2025-02-25,Wrong Item,2022.3
311958,9218870,2024-08-21,Damaged,8489.31
311959,9218905,2025-04-20,Late Delivery,3196.08
311960,9218915,2025-06-02,Late Delivery,1720.21
311961,9218923,2025-02-05,Quality Issue,4619.1
311962,9218961,2024-10-10,Changed Mind,2175.86
311963,9218981,2025-04-16,Quality Issue,99.0
311964,9219010,2025-01-21,Wrong Item,3089.7
311965,9219012,2024-08-18,Quality Issue,5982.42
311966,9219014,2025-07-07,Late Delivery,488.18
311967,9219027,2024-01-22,Changed Mind,1605.29
311968,9219038,2025-02-27,Late Delivery,429.88
311969,9219044,2024-12-18,Wrong Item,500.2
311970,9219047,2024-07-03,Quality Issue,1581.64
311971,9219054,2024-08-21,Changed Mind,7222.66
311972,9219070,2025-09-23,Quality Issue,2125.11
311973,9219093,2024-07-30,Damaged,4511.74
311974,9219095,2025-05-01,Late Delivery,652.69
311975,9219102,2024-08-13,Damaged,598.19
311976,9219105,2025-10-30,Changed Mind,1461.51
311977,9219106,2024-04-27,Wrong Item,2237.93
311978,9219115,2025-06-19,Changed Mind,892.16
311979,9219123,2024-10-28,Late Delivery,1562.88
311980,9219148,2024-12-13,Quality Issue,501.67
311981,9219156,2025-05-11,Changed Mind,1082.1
311982,9219164,2024-08-12,Changed Mind,21339.21
311983,9219246,2025-08-01,Quality Issue,1099.25
311984,9219267,2025-07-25,Changed Mind,8208.88
311985,9219296,2025-08-09,Damaged,14544.75
311986,9219310,2025-07-23,Changed Mind,9702.21
311987,9219324,2024-11-30,Late Delivery,433.03
311988,9219329,2024-12-23,Wrong Item,3221.25
311989,9219364,2024-02-16,Wrong Item,1314.78
311990,9219393,2025-07-15,Quality Issue,46888.13
311991,9219423,2024-06-18,Quality Issue,2222.7
311992,9219429,2025-05-28,Damaged,1519.59
311993,9219436,2025-08-15,Changed Mind,3391.43
311994,9219441,2025-12-30,Wrong Item,1464.62
311995,9219447,2024-05-16,Quality Issue,1671.16
311996,9219450,2025-02-03,Damaged,1788.45
311997,9219480,2024-12-16,Wrong Item,1899.49
311998,9219494,2025-11-15,Late Delivery,1579.54
311999,9219504,2024-07-19,Damaged,1551.89
312000,9219515,2025-01-21,Late Delivery,702.33
312001,9219569,2025-02-21,Changed Mind,556.66
312002,9219585,2025-11-20,Late Delivery,702.13
312003,9219597,2025-03-13,Wrong Item,594.31
312004,9219609,2025-10-22,Changed Mind,6877.34
312005,9219629,2024-09-04,Late Delivery,1139.12
312006,9219665,2025-08-23,Wrong Item,1228.62
312007,9219675,2024-01-10,Changed Mind,1007.97
312008,9219706,2025-04-28,Damaged,10139.45
312009,9219735,2025-02-04,Changed Mind,2465.78
312010,9219743,2025-02-13,Damaged,27203.54
312011,9219778,2024-07-31,Damaged,2053.31
312012,9219798,2024-05-09,Quality Issue,433.94
312013,9219806,2024-02-24,Quality Issue,1949.51
312014,9219868,2025-11-28,Damaged,6734.73
312015,9219894,2025-06-29,Changed Mind,1297.92
312016,9219910,2024-12-28,Wrong Item,698.15
312017,9219952,2024-12-01,Quality Issue,8264.53
312018,9219973,2024-07-07,Changed Mind,1967.75
312019,9219981,2024-11-23,Late Delivery,2185.67
312020,9220033,2025-04-01,Changed Mind,1218.64
312021,9220061,2024-12-19,Late Delivery,1195.92
312022,9220078,2024-12-20,Quality Issue,2014.36
312023,9220084,2024-04-25,Quality Issue,8890.67
312024,9220085,2024-04-13,Wrong Item,4065.84
312025,9220092,2025-03-08,Quality Issue,4284.06
312026,9220113,2024-06-25,Late Delivery,12967.13
312027,9220124,2024-11-22,Changed Mind,1871.28
312028,9220130,2024-08-13,Damaged,2650.61
312029,9220142,2024-09-21,Late Delivery,276.27
312030,9220188,2025-08-30,Late Delivery,1356.46
312031,9220193,2024-06-17,Quality Issue,4395.72
312032,9220206,2024-12-17,Wrong Item,432.14
312033,9220225,2024-02-05,Damaged,1642.36
312034,9220257,2026-01-08,Late Delivery,2935.14
312035,9220263,2025-04-04,Quality Issue,3915.04
312036,9220279,2024-04-14,Damaged,1841.15
312037,9220284,2024-12-02,Changed Mind,735.76
312038,9220348,2024-05-31,Wrong Item,1440.92
312039,9220376,2024-03-12,Wrong Item,688.45
312040,9220396,2025-11-22,Late Delivery,4764.46
312041,9220399,2025-12-19,Changed Mind,4340.19
312042,9220402,2024-10-11,Late Delivery,4164.4
312043,9220442,2024-06-04,Damaged,6415.92
312044,9220507,2025-06-09,Changed Mind,5479.64
312045,9220515,2025-03-07,Quality Issue,1183.3
312046,9220530,2024-08-01,Late Delivery,947.87
312047,9220538,2024-08-09,Wrong Item,838.6
312048,9220567,2025-07-26,Late Delivery,5338.85
312049,9220603,2024-06-11,Changed Mind,221.59
312050,9220623,2024-07-25,Late Delivery,832.14
312051,9220639,2024-02-29,Wrong Item,528.97
312052,9220676,2025-02-06,Late Delivery,780.96
312053,9220696,2025-08-25,Damaged,2207.96
312054,9220710,2025-03-01,Changed Mind,2745.98
312055,9220742,2024-08-29,Wrong Item,613.04
312056,9220773,2025-01-28,Damaged,949.4
312057,9220774,2024-05-28,Late Delivery,646.69
312058,9220775,2025-01-07,Quality Issue,10091.9
312059,9220796,2025-06-17,Quality Issue,1636.75
312060,9220816,2024-08-15,Damaged,327.54
312061,9220822,2024-01-13,Late Delivery,16543.46
312062,9220838,2024-07-06,Changed Mind,3142.1
312063,9220862,2025-05-14,Wrong Item,1770.8
312064,9220915,2024-07-01,Damaged,1980.89
312065,9220987,2025-09-02,Late Delivery,1524.59
312066,9221029,2024-10-16,Wrong Item,5221.24
312067,9221035,2024-08-15,Quality Issue,1006.35
312068,9221056,2024-03-12,Late Delivery,176.81
312069,9221080,2025-11-25,Wrong Item,641.1
312070,9221123,2024-12-14,Quality Issue,5663.68
312071,9221142,2024-06-04,Damaged,4164.4
312072,9221222,2025-07-05,Late Delivery,800.07
312073,9221230,2025-09-12,Late Delivery,5145.94
312074,9221234,2024-08-04,Damaged,2070.29
312075,9221241,2024-03-24,Late Delivery,4192.32
312076,9221253,2025-08-29,Wrong Item,1304.65
312077,9221268,2025-04-22,Changed Mind,781.54
312078,9221270,2025-01-19,Wrong Item,1267.6
312079,9221274,2025-05-31,Changed Mind,1385.87
312080,9221281,2025-12-18,Late Delivery,10524.76
312081,9221285,2025-03-28,Quality Issue,3207.57
312082,9221296,2025-04-18,Late Delivery,9434.83
312083,9221311,2025-07-30,Damaged,20076.7
312084,9221312,2025-08-04,Quality Issue,1341.91
312085,9221319,2024-01-17,Damaged,757.46
312086,9221321,2025-05-01,Late Delivery,926.68
312087,9221332,2024-11-16,Late Delivery,578.2
312088,9221379,2025-08-23,Wrong Item,1375.38
312089,9221387,2025-06-25,Changed Mind,2638.83
312090,9221390,2025-05-30,Changed Mind,1292.97
312091,9221396,2024-02-24,Damaged,416.88
312092,9221397,2024-04-13,Wrong Item,2452.45
312093,9221402,2024-08-14,Changed Mind,1979.38
312094,9221410,2024-10-14,Quality Issue,4905.35
312095,9221475,2024-06-01,Wrong Item,1604.86
312096,9221486,2024-01-19,Wrong Item,3689.22
312097,9221523,2025-08-07,Quality Issue,485.89
312098,9221567,2024-04-09,Wrong Item,865.39
312099,9221594,2024-07-06,Changed Mind,2175.23
312100,9221622,2025-09-05,Quality Issue,2009.94
312101,9221660,2024-03-30,Quality Issue,297.19
312102,9221665,2025-12-08,Wrong Item,474.07
312103,9221688,2025-06-30,Damaged,1998.29
312104,9221713,2024-10-07,Changed Mind,525.19
312105,9221732,2024-11-06,Wrong Item,820.22
312106,9221739,2024-09-28,Changed Mind,408.37
312107,9221753,2025-02-16,Late Delivery,773.66
312108,9221782,2024-03-03,Damaged,1958.07
312109,9221788,2024-04-14,Changed Mind,2814.34
312110,9221817,2024-01-30,Wrong Item,10606.75
312111,9221828,2025-05-06,Damaged,218.03
312112,9221829,2025-12-08,Damaged,536.27
312113,9221864,2025-10-25,Late Delivery,2039.45
312114,9221890,2024-05-14,Changed Mind,889.08
312115,9221907,2026-01-05,Damaged,519.04
312116,9221918,2025-04-06,Late Delivery,11750.37
312117,9221925,2024-07-21,Quality Issue,3047.19
312118,9221950,2025-02-10,Quality Issue,1059.32
312119,9221958,2025-12-17,Late Delivery,1791.8
312120,9221971,2024-11-02,Quality Issue,157.6
312121,9221981,2025-11-13,Changed Mind,2203.16
312122,9221985,2024-07-31,Quality Issue,2334.22
312123,9221988,2024-08-27,Late Delivery,10579.94
312124,9222027,2025-12-27,Changed Mind,1178.56
312125,9222031,2025-03-17,Wrong Item,1082.1
312126,9222035,2025-04-16,Quality Issue,1700.09
312127,9222048,2025-01-31,Quality Issue,1803.21
312128,9222050,2024-11-22,Quality Issue,4483.7
312129,9222075,2024-09-22,Damaged,992.78
312130,9222085,2024-02-20,Late Delivery,2813.16
312131,9222086,2025-06-03,Late Delivery,1884.11
312132,9222093,2026-01-12,Changed Mind,4492.35
312133,9222099,2025-07-25,Changed Mind,1765.93
312134,9222110,2024-03-19,Wrong Item,535.48
312135,9222142,2025-02-18,Late Delivery,1384.47
312136,9222229,2025-04-02,Damaged,8258.62
312137,9222247,2025-10-28,Quality Issue,1959.38
312138,9222269,2025-02-14,Changed Mind,1834.85
312139,9222310,2025-04-22,Wrong Item,1373.63
312140,9222341,2024-02-13,Damaged,19465.57
312141,9222342,2025-07-13,Wrong Item,4091.66
312142,9222361,2025-05-29,Quality Issue,4796.19
312143,9222365,2024-03-13,Damaged,812.71
312144,9222372,2025-05-08,Changed Mind,485.05
312145,9222374,2024-12-28,Late Delivery,4112.91
312146,9222386,2024-06-06,Wrong Item,1512.6
312147,9222389,2024-10-05,Wrong Item,481.15
312148,9222400,2024-02-26,Damaged,17292.77
312149,9222403,2024-11-10,Changed Mind,3162.06
312150,9222411,2024-07-07,Late Delivery,295.98
312151,9222412,2025-06-02,Wrong Item,4696.48
312152,9222432,2025-02-08,Damaged,692.0
312153,9222481,2025-06-19,Late Delivery,13846.71
312154,9222500,2025-09-23,Quality Issue,425.97
312155,9222507,2024-02-15,Quality Issue,7256.5
312156,9222514,2024-11-15,Changed Mind,1373.23
312157,9222517,2024-06-08,Changed Mind,1479.71
312158,9222521,2024-12-22,Quality Issue,946.05
312159,9222523,2024-02-15,Damaged,48410.67
312160,9222540,2024-06-14,Damaged,10767.88
312161,9222569,2024-07-25,Changed Mind,5561.32
312162,9222607,2024-10-31,Changed Mind,23190.11
312163,9222644,2025-01-12,Quality Issue,218.03
312164,9222667,2025-08-25,Quality Issue,190.5
312165,9222682,2024-06-13,Quality Issue,8060.42
312166,9222691,2024-08-18,Late Delivery,141.22
312167,9222696,2024-01-30,Wrong Item,17719.57
312168,9222704,2024-12-04,Damaged,286.97
312169,9222724,2024-12-06,Late Delivery,1168.42
312170,9222737,2025-02-08,Damaged,1868.25
312171,9222766,2024-07-17,Changed Mind,726.99
312172,9222782,2025-11-16,Changed Mind,4278.1
312173,9222795,2025-06-24,Wrong Item,372.88
312174,9222803,2025-11-23,Quality Issue,4072.55
312175,9222818,2025-05-23,Changed Mind,1425.52
312176,9222824,2024-01-29,Changed Mind,2257.39
312177,9222830,2024-10-24,Wrong Item,687.47
312178,9222838,2025-04-06,Damaged,509.75
312179,9222843,2024-09-10,Changed Mind,1853.87
312180,9222846,2025-01-13,Late Delivery,7855.26
312181,9222847,2024-08-08,Damaged,499.63
312182,9222859,2025-04-04,Late Delivery,18138.33
312183,9222910,2024-05-31,Wrong Item,3020.18
312184,9222914,2024-02-11,Quality Issue,1336.59
312185,9222932,2024-06-23,Quality Issue,557.41
312186,9222969,2025-08-07,Late Delivery,3381.45
312187,9222975,2024-09-24,Quality Issue,1423.21
312188,9222977,2024-04-04,Wrong Item,1598.63
312189,9222978,2025-08-18,Wrong Item,784.69
312190,9222981,2024-09-03,Wrong Item,8410.77
312191,9222992,2025-05-04,Late Delivery,503.32
312192,9222993,2024-11-13,Late Delivery,390.58
312193,9223013,2025-09-01,Late Delivery,68260.78
312194,9223036,2025-08-02,Quality Issue,17688.1
312195,9223039,2024-12-07,Damaged,1012.15
312196,9223062,2025-08-17,Late Delivery,775.91
312197,9223076,2025-05-06,Late Delivery,1675.16
312198,9223079,2024-12-20,Wrong Item,2144.97
312199,9223081,2025-07-12,Quality Issue,940.22
312200,9223099,2025-11-05,Changed Mind,4086.66
312201,9223113,2025-05-22,Damaged,3050.95
312202,9223134,2025-03-09,Late Delivery,639.58
312203,9223137,2025-03-29,Wrong Item,868.54
312204,9223142,2025-03-11,Late Delivery,2478.29
312205,9223145,2025-03-26,Damaged,870.6
312206,9223160,2024-08-07,Damaged,1803.21
312207,9223185,2024-12-30,Quality Issue,1374.9
312208,9223188,2024-04-14,Quality Issue,306.1
312209,9223192,2024-07-02,Late Delivery,6886.8
312210,9223198,2024-06-25,Damaged,861.56
312211,9223209,2024-05-16,Wrong Item,21445.3
312212,9223217,2024-10-01,Late Delivery,53841.5
312213,9223220,2025-05-21,Wrong Item,1979.65
312214,9223223,2024-09-01,Quality Issue,13044.85
312215,9223224,2024-07-11,Wrong Item,680.18
312216,9223280,2025-02-13,Late Delivery,276.99
312217,9223306,2024-10-30,Wrong Item,607.11
312218,9223308,2025-02-17,Changed Mind,1378.9
312219,9223322,2025-01-25,Changed Mind,953.59
312220,9223353,2024-05-19,Changed Mind,5771.11
312221,9223368,2024-01-31,Quality Issue,673.07
312222,9223380,2025-12-24,Quality Issue,3359.32
312223,9223391,2024-04-14,Changed Mind,8719.73
312224,9223408,2025-05-19,Damaged,2710.54
312225,9223444,2024-08-10,Quality Issue,5736.16
312226,9223506,2024-08-29,Damaged,1206.14
312227,9223510,2024-05-28,Damaged,1834.56
312228,9223552,2025-05-25,Changed Mind,1486.37
312229,9223558,2024-01-24,Changed Mind,928.64
312230,9223597,2025-12-19,Changed Mind,431.08
312231,9223632,2024-08-13,Quality Issue,9254.05
312232,9223654,2025-11-18,Late Delivery,1875.46
312233,9223671,2024-07-02,Late Delivery,2637.18
312234,9223689,2025-07-14,Quality Issue,231.53
312235,9223719,2024-11-14,Wrong Item,841.62
312236,9223729,2024-02-28,Changed Mind,1188.48
312237,9223745,2025-10-07,Quality Issue,858.52
312238,9223762,2024-07-11,Damaged,6370.08
312239,9223794,2025-03-22,Quality Issue,5503.5
312240,9223798,2025-11-18,Late Delivery,364.08
312241,9223805,2024-05-30,Late Delivery,1470.76
312242,9223806,2024-04-08,Quality Issue,868.01
312243,9223869,2024-08-27,Damaged,1039.59
312244,9223898,2024-07-26,Late Delivery,4435.25
312245,9223922,2025-08-14,Damaged,7563.38
312246,9223923,2025-09-09,Late Delivery,1472.8
312247,9223933,2025-08-09,Changed Mind,1646.95
312248,9223945,2025-09-25,Changed Mind,1040.91
312249,9223946,2025-03-08,Late Delivery,1575.2
312250,9223968,2025-02-13,Quality Issue,361.61
312251,9223987,2025-11-15,Wrong Item,3486.19
312252,9224043,2025-07-03,Damaged,19140.14
312253,9224053,2024-06-27,Damaged,2522.07
312254,9224055,2025-07-21,Quality Issue,6616.7
312255,9224068,2025-01-17,Damaged,1665.74
312256,9224076,2025-09-12,Late Delivery,2258.78
312257,9224100,2024-09-26,Changed Mind,2633.51
312258,9224115,2025-11-06,Quality Issue,3268.13
312259,9224132,2024-09-30,Damaged,2246.35
312260,9224141,2025-05-07,Quality Issue,2066.22
312261,9224160,2024-08-03,Quality Issue,844.99
312262,9224179,2024-09-04,Late Delivery,3839.29
312263,9224198,2024-02-07,Damaged,272.94
312264,9224203,2024-11-12,Quality Issue,1869.78
312265,9224223,2024-09-08,Late Delivery,6178.71
312266,9224241,2024-03-15,Changed Mind,5160.57
312267,9224256,2025-04-27,Late Delivery,852.57
312268,9224269,2025-03-05,Wrong Item,1006.77
312269,9224274,2025-09-12,Changed Mind,10750.17
312270,9224288,2025-12-14,Changed Mind,4128.46
312271,9224329,2025-04-26,Quality Issue,2691.9
312272,9224337,2024-04-28,Changed Mind,1802.59
312273,9224338,2025-03-30,Quality Issue,1184.98
312274,9224361,2025-09-05,Quality Issue,492.77
312275,9224407,2025-12-04,Damaged,2249.78
312276,9224433,2025-10-25,Late Delivery,1033.73
312277,9224460,2024-05-25,Wrong Item,815.74
312278,9224467,2025-09-12,Changed Mind,4424.08
312279,9224494,2025-09-05,Wrong Item,8526.36
312280,9224520,2025-09-29,Changed Mind,77980.45
312281,9224541,2025-04-13,Wrong Item,2784.42
312282,9224547,2025-10-11,Late Delivery,589.74
312283,9224557,2024-06-13,Quality Issue,7638.42
312284,9224611,2025-08-27,Changed Mind,747.11
312285,9224654,2025-02-23,Changed Mind,2672.93
312286,9224666,2025-01-06,Damaged,2371.14
312287,9224725,2024-01-02,Wrong Item,1718.68
312288,9224728,2025-05-18,Damaged,12238.9
312289,9224734,2024-06-21,Quality Issue,1085.28
312290,9224739,2025-09-12,Damaged,15879.85
312291,9224762,2025-08-12,Damaged,463.09
312292,9224781,2024-03-13,Wrong Item,3570.52
312293,9224790,2024-07-24,Late Delivery,4884.08
312294,9224799,2024-03-24,Changed Mind,683.44
312295,9224802,2025-05-20,Quality Issue,1498.42
312296,9224822,2025-05-21,Wrong Item,2416.14
312297,9224867,2025-11-22,Damaged,456.25
312298,9224879,2025-10-28,Quality Issue,2322.14
312299,9224883,2024-07-16,Quality Issue,892.63
312300,9224894,2024-05-05,Late Delivery,252.45
312301,9224911,2024-08-28,Changed Mind,819.45
312302,9224927,2024-01-27,Wrong Item,1113.97
312303,9224933,2025-08-13,Wrong Item,39553.1
312304,9224963,2025-06-06,Changed Mind,1557.62
312305,9224975,2025-06-26,Late Delivery,4528.27
312306,9224990,2024-08-31,Changed Mind,3381.45
312307,9225008,2024-06-17,Quality Issue,2181.79
312308,9225010,2025-12-03,Wrong Item,809.81
312309,9225021,2025-02-16,Changed Mind,729.64
312310,9225046,2025-02-08,Late Delivery,3839.29
312311,9225048,2026-01-11,Quality Issue,2286.63
312312,9225056,2024-04-20,Late Delivery,1482.11
312313,9225075,2025-12-23,Damaged,811.64
312314,9225095,2025-05-26,Changed Mind,1449.22
312315,9225100,2024-01-16,Late Delivery,28500.49
312316,9225124,2025-10-07,Quality Issue,452.68
312317,9225139,2025-02-13,Late Delivery,822.21
312318,9225160,2025-08-04,Late Delivery,3484.8
312319,9225162,2024-12-07,Quality Issue,919.31
312320,9225164,2025-06-14,Wrong Item,921.49
312321,9225170,2025-09-27,Damaged,1444.35
312322,9225177,2024-06-05,Quality Issue,672.1
312323,9225181,2024-06-16,Wrong Item,6206.22
312324,9225224,2024-06-11,Damaged,5037.41
312325,9225242,2025-11-26,Late Delivery,5865.05
312326,9225250,2024-02-06,Late Delivery,487.75
312327,9225270,2025-06-08,Damaged,932.18
312328,9225302,2025-09-14,Wrong Item,5567.39
312329,9225319,2024-08-30,Changed Mind,32672.18
312330,9225339,2025-08-01,Changed Mind,3694.0
312331,9225345,2025-11-03,Wrong Item,6859.89
312332,9225356,2024-06-23,Late Delivery,1149.93
312333,9225363,2025-04-09,Quality Issue,603.73
312334,9225368,2025-11-18,Quality Issue,1439.22
312335,9225370,2024-02-08,Wrong Item,945.67
312336,9225373,2025-12-06,Quality Issue,1604.29
312337,9225383,2024-08-13,Late Delivery,358.43
312338,9225423,2024-08-10,Wrong Item,1962.38
312339,9225441,2024-09-30,Wrong Item,6167.34
312340,9225449,2024-12-12,Damaged,1602.44
312341,9225498,2024-10-29,Quality Issue,3119.32
312342,9225526,2024-05-20,Wrong Item,4177.52
312343,9225529,2025-05-22,Late Delivery,4175.93
312344,9225531,2025-04-09,Damaged,1485.66
312345,9225533,2024-01-29,Quality Issue,4822.92
312346,9225536,2025-05-11,Wrong Item,70440.92
312347,9225578,2024-08-03,Wrong Item,861.26
312348,9225597,2024-02-15,Damaged,1431.82
312349,9225608,2024-02-19,Late Delivery,622.1
312350,9225652,2024-03-28,Changed Mind,1518.07
312351,9225657,2025-08-20,Wrong Item,720.38
312352,9225686,2024-03-01,Late Delivery,1198.6
312353,9225700,2024-10-03,Late Delivery,1855.18
312354,9225713,2025-05-18,Wrong Item,230.04
312355,9225717,2025-05-02,Wrong Item,2149.4
312356,9225718,2025-11-24,Changed Mind,2720.56
312357,9225738,2025-06-07,Wrong Item,39663.03
312358,9225742,2025-01-07,Changed Mind,2376.97
312359,9225743,2024-12-15,Damaged,3635.53
312360,9225776,2024-06-25,Changed Mind,594.31
312361,9225786,2025-06-27,Late Delivery,1472.45
312362,9225792,2025-08-18,Quality Issue,2151.75
312363,9225819,2024-12-19,Late Delivery,2823.94
312364,9225832,2024-02-25,Quality Issue,2689.97
312365,9225841,2025-11-14,Late Delivery,1292.44
312366,9225882,2024-01-30,Quality Issue,288.08
312367,9225886,2025-11-29,Damaged,1543.36
312368,9225889,2025-01-19,Changed Mind,344.86
312369,9225899,2024-06-18,Changed Mind,322.83
312370,9225910,2025-05-27,Quality Issue,4932.14
312371,9225911,2024-03-09,Damaged,745.33
312372,9225935,2025-08-13,Damaged,3702.26
312373,9225938,2026-01-01,Changed Mind,1123.63
312374,9225951,2025-06-29,Damaged,1440.92
312375,9225960,2025-02-14,Quality Issue,659.04
312376,9225998,2025-06-17,Wrong Item,1365.82
312377,9226020,2024-04-27,Changed Mind,1246.86
312378,9226032,2024-04-09,Late Delivery,1733.6
312379,9226048,2024-10-27,Changed Mind,1305.38
312380,9226053,2025-05-07,Quality Issue,546.99
312381,9226055,2025-05-21,Quality Issue,743.88
312382,9226060,2025-05-11,Damaged,861.84
312383,9226064,2024-08-23,Changed Mind,3342.32
312384,9226070,2025-01-11,Wrong Item,3453.2
312385,9226078,2024-11-01,Late Delivery,304.63
312386,9226080,2024-04-17,Wrong Item,1648.7
312387,9226086,2024-10-26,Changed Mind,1247.96
312388,9226101,2025-08-29,Late Delivery,4350.46
312389,9226111,2025-07-21,Damaged,26920.75
312390,9226120,2024-11-14,Late Delivery,3689.78
312391,9226129,2025-12-04,Changed Mind,514.75
312392,9226152,2024-02-23,Wrong Item,6890.06
312393,9226154,2024-02-06,Damaged,725.96
312394,9226156,2024-04-27,Damaged,436.28
312395,9226172,2025-05-05,Wrong Item,1058.96
312396,9226175,2025-01-13,Late Delivery,566.3
312397,9226198,2024-09-29,Quality Issue,6688.58
312398,9226211,2025-11-09,Late Delivery,1634.18
312399,9226213,2025-08-10,Quality Issue,3230.15
312400,9226216,2024-12-08,Changed Mind,3552.32
312401,9226237,2024-06-29,Late Delivery,838.8
312402,9226269,2024-08-25,Late Delivery,2714.91
312403,9226286,2025-04-10,Quality Issue,1513.02
312404,9226294,2025-02-07,Damaged,6624.2
312405,9226295,2025-05-16,Wrong Item,6937.35
312406,9226323,2025-05-31,Damaged,17359.92
312407,9226353,2025-09-26,Changed Mind,1861.77
312408,9226354,2024-08-03,Changed Mind,10605.84
312409,9226392,2025-04-01,Quality Issue,1285.16
312410,9226432,2024-05-20,Late Delivery,717.72
312411,9226502,2024-03-17,Quality Issue,1347.98
312412,9226560,2024-03-14,Late Delivery,207.74
312413,9226589,2024-04-21,Changed Mind,1001.16
312414,9226594,2024-01-15,Changed Mind,3485.64
312415,9226600,2024-07-03,Wrong Item,4331.16
312416,9226618,2025-03-03,Damaged,499.89
312417,9226620,2025-11-10,Changed Mind,991.42
312418,9226622,2024-12-20,Late Delivery,515.02
312419,9226656,2024-07-18,Late Delivery,856.65
312420,9226657,2025-09-09,Damaged,2219.96
312421,9226710,2024-10-12,Damaged,425.78
312422,9226713,2025-06-09,Wrong Item,856.94
312423,9226716,2025-07-17,Quality Issue,865.39
312424,9226741,2025-11-03,Changed Mind,802.65
312425,9226744,2024-03-15,Damaged,5225.02
312426,9226753,2024-09-12,Damaged,1837.93
312427,9226795,2024-02-27,Damaged,1158.52
312428,9226812,2024-10-05,Damaged,1338.02
312429,9226845,2025-04-05,Damaged,521.75
312430,9226852,2024-04-12,Damaged,6007.85
312431,9226867,2025-09-29,Wrong Item,4099.8
312432,9226908,2024-06-12,Changed Mind,657.82
312433,9226929,2025-11-06,Late Delivery,2096.55
312434,9226948,2025-03-03,Wrong Item,482.14
312435,9226966,2025-01-30,Damaged,568.35
312436,9226981,2024-01-20,Quality Issue,1354.59
312437,9226998,2025-09-20,Late Delivery,2166.12
312438,9227010,2025-02-02,Damaged,4736.43
312439,9227013,2024-06-24,Late Delivery,986.72
312440,9227023,2024-07-05,Wrong Item,789.87
312441,9227031,2025-10-11,Wrong Item,1817.17
312442,9227040,2024-11-30,Damaged,391.69
312443,9227056,2025-08-17,Quality Issue,1224.69
312444,9227061,2025-03-25,Damaged,2342.87
312445,9227067,2025-12-04,Quality Issue,4475.77
312446,9227076,2024-07-07,Quality Issue,520.23
312447,9227118,2025-01-27,Changed Mind,15277.18
312448,9227124,2024-03-30,Wrong Item,35258.98
312449,9227150,2024-03-18,Changed Mind,1433.02
312450,9227152,2025-01-16,Late Delivery,811.89
312451,9227162,2025-05-20,Late Delivery,2503.05
312452,9227172,2025-10-28,Late Delivery,498.58
312453,9227187,2025-01-19,Late Delivery,782.77
312454,9227201,2024-10-29,Quality Issue,34475.03
312455,9227203,2024-03-25,Quality Issue,888.49
312456,9227229,2025-07-22,Changed Mind,7031.57
312457,9227236,2024-10-13,Wrong Item,2441.7
312458,9227262,2025-02-22,Quality Issue,1879.88
312459,9227281,2025-04-19,Wrong Item,754.22
312460,9227292,2025-09-25,Quality Issue,1155.03
312461,9227301,2024-09-21,Late Delivery,678.75
312462,9227308,2025-10-27,Quality Issue,763.72
312463,9227309,2025-06-21,Late Delivery,683.15
312464,9227321,2024-09-27,Damaged,1982.84
312465,9227358,2024-04-01,Late Delivery,463.18
312466,9227360,2025-11-21,Quality Issue,865.68
312467,9227371,2024-07-17,Changed Mind,765.53
312468,9227378,2024-06-04,Quality Issue,207.74
312469,9227388,2024-03-07,Changed Mind,2380.66
312470,9227398,2024-04-28,Late Delivery,1173.88
312471,9227414,2024-11-01,Late Delivery,4925.97
312472,9227435,2025-05-06,Changed Mind,20220.35
312473,9227446,2024-06-02,Damaged,671.86
312474,9227451,2025-05-28,Changed Mind,1229.59
312475,9227495,2024-04-30,Wrong Item,1823.53
312476,9227498,2025-12-07,Changed Mind,4740.32
312477,9227510,2026-01-04,Changed Mind,2980.98
312478,9227534,2024-11-14,Quality Issue,566.3
312479,9227536,2025-09-30,Changed Mind,4240.76
312480,9227548,2024-06-19,Quality Issue,209.54
312481,9227559,2025-01-23,Late Delivery,6944.16
312482,9227577,2024-01-15,Quality Issue,4751.25
312483,9227633,2025-12-08,Changed Mind,959.48
312484,9227687,2025-07-25,Wrong Item,19071.34
312485,9227715,2025-03-06,Late Delivery,1163.36
312486,9227744,2025-12-22,Changed Mind,322.04
312487,9227751,2024-04-06,Damaged,953.39
312488,9227778,2026-01-01,Wrong Item,581.64
312489,9227794,2025-01-07,Changed Mind,96.68
312490,9227811,2024-04-29,Wrong Item,945.44
312491,9227817,2025-06-23,Wrong Item,3159.01
312492,9227844,2025-10-17,Late Delivery,4397.72
312493,9227847,2025-05-04,Damaged,482.93
312494,9227856,2024-06-22,Damaged,41466.86
312495,9227890,2025-05-07,Late Delivery,2497.67
312496,9227920,2024-04-10,Late Delivery,4351.72
312497,9227927,2025-12-31,Changed Mind,658.78
312498,9227955,2025-01-27,Changed Mind,575.31
312499,9227968,2024-12-20,Quality Issue,23614.08
312500,9227980,2024-09-16,Quality Issue,3166.79
312501,9228030,2025-06-02,Damaged,1226.75
312502,9228041,2025-03-24,Damaged,3032.71
312503,9228121,2025-07-08,Wrong Item,652.96
312504,9228144,2025-07-09,Changed Mind,2555.5
312505,9228146,2024-02-13,Late Delivery,4189.21
312506,9228151,2024-06-19,Changed Mind,200.2
312507,9228169,2024-12-29,Wrong Item,2046.08
312508,9228221,2024-02-22,Late Delivery,544.48
312509,9228223,2025-09-18,Damaged,2158.45
312510,9228238,2025-01-31,Wrong Item,624.52
312511,9228249,2024-12-17,Late Delivery,2886.52
312512,9228255,2024-10-24,Quality Issue,810.71
312513,9228345,2025-02-03,Changed Mind,470.42
312514,9228371,2024-09-01,Quality Issue,1019.64
312515,9228372,2025-01-28,Changed Mind,420.2
312516,9228391,2024-09-22,Wrong Item,814.79
312517,9228399,2024-06-24,Changed Mind,2118.57
312518,9228413,2025-11-28,Changed Mind,2332.52
312519,9228457,2024-03-22,Quality Issue,12535.14
312520,9228458,2024-05-15,Quality Issue,73.34
312521,9228472,2025-10-26,Quality Issue,5620.59
312522,9228476,2025-08-07,Wrong Item,32959.24
312523,9228484,2025-10-16,Late Delivery,4634.82
312524,9228501,2024-03-15,Quality Issue,2020.25
312525,9228515,2025-01-19,Late Delivery,823.03
312526,9228541,2025-10-12,Late Delivery,500.2
312527,9228595,2025-12-15,Wrong Item,3455.13
312528,9228628,2025-10-28,Quality Issue,20036.12
312529,9228648,2025-11-29,Changed Mind,369.92
312530,9228656,2025-07-14,Damaged,11868.61
312531,9228662,2024-01-30,Late Delivery,670.21
312532,9228688,2024-12-30,Late Delivery,580.1
312533,9228702,2024-05-06,Wrong Item,365.27
312534,9228709,2025-07-29,Late Delivery,1316.74
312535,9228736,2024-02-19,Changed Mind,1455.68
312536,9228740,2024-02-03,Quality Issue,2479.68
312537,9228767,2025-09-04,Quality Issue,1191.6
312538,9228768,2025-08-05,Wrong Item,6220.04
312539,9228801,2024-11-12,Wrong Item,2164.2
312540,9228813,2024-01-30,Wrong Item,676.35
312541,9228816,2024-06-08,Changed Mind,13551.54
312542,9228828,2024-06-27,Wrong Item,2448.37
312543,9228840,2025-06-15,Changed Mind,1039.59
312544,9228851,2024-08-17,Quality Issue,22467.05
312545,9228865,2025-01-12,Late Delivery,1886.27
312546,9228877,2024-03-28,Quality Issue,1358.24
312547,9228893,2025-06-20,Late Delivery,2823.94
312548,9228909,2025-06-06,Late Delivery,2195.81
312549,9228923,2025-06-24,Quality Issue,1091.79
312550,9228936,2025-08-22,Late Delivery,1343.32
312551,9228952,2025-11-13,Damaged,42499.53
312552,9228957,2025-01-03,Damaged,828.82
312553,9228967,2025-04-09,Wrong Item,878.08
312554,9228996,2024-04-02,Wrong Item,674.86
312555,9229011,2025-06-14,Late Delivery,2055.78
312556,9229019,2024-06-22,Late Delivery,1641.78
312557,9229023,2024-06-26,Wrong Item,258.63
312558,9229033,2026-01-02,Quality Issue,10148.92
312559,9229051,2024-05-03,Quality Issue,411.64
312560,9229114,2025-10-23,Wrong Item,1841.2
312561,9229128,2024-12-17,Quality Issue,1424.62
312562,9229133,2024-10-03,Changed Mind,2386.14
312563,9229140,2025-12-24,Late Delivery,39538.11
312564,9229153,2025-03-27,Damaged,1266.78
312565,9229170,2025-03-05,Wrong Item,859.34
312566,9229185,2024-06-22,Wrong Item,376.14
312567,9229272,2025-02-25,Wrong Item,5259.57
312568,9229283,2025-10-12,Changed Mind,1984.32
312569,9229294,2026-01-07,Damaged,825.53
312570,9229296,2025-10-29,Wrong Item,370.88
312571,9229319,2025-08-22,Wrong Item,4251.12
312572,9229326,2026-01-10,Late Delivery,5280.46
312573,9229363,2025-05-09,Damaged,694.24
312574,9229368,2024-10-05,Late Delivery,1225.62
312575,9229378,2024-09-09,Quality Issue,2381.52
312576,9229406,2025-08-31,Late Delivery,1834.52
312577,9229415,2025-05-09,Damaged,44488.73
312578,9229418,2024-07-03,Late Delivery,4051.41
312579,9229481,2025-11-13,Wrong Item,9680.1
312580,9229500,2025-08-16,Changed Mind,1983.8
312581,9229503,2024-02-20,Wrong Item,9136.8
312582,9229510,2024-03-23,Wrong Item,396.0
312583,9229512,2024-04-06,Changed Mind,1147.7
312584,9229597,2024-10-28,Changed Mind,583.4
312585,9229604,2024-10-30,Damaged,2567.26
312586,9229630,2025-03-07,Wrong Item,16701.62
312587,9229632,2024-07-09,Wrong Item,1296.2
312588,9229635,2025-05-08,Quality Issue,3146.64
312589,9229665,2024-02-07,Quality Issue,2413.99
312590,9229698,2024-11-17,Damaged,2170.26
312591,9229703,2025-02-14,Late Delivery,3584.7
312592,9229705,2024-04-12,Wrong Item,2262.44
312593,9229738,2024-05-18,Wrong Item,11200.1
312594,9229782,2025-06-07,Quality Issue,840.13
312595,9229789,2024-06-09,Damaged,1805.73
312596,9229797,2025-06-10,Wrong Item,4001.83
312597,9229798,2025-03-16,Changed Mind,5925.89
312598,9229824,2025-07-19,Changed Mind,478.55
312599,9229833,2025-10-10,Damaged,1150.33
312600,9229837,2024-07-01,Late Delivery,1285.71
312601,9229849,2025-10-30,Damaged,260.92
312602,9229932,2025-10-13,Damaged,3910.25
312603,9229960,2024-07-05,Wrong Item,1107.23
312604,9229976,2025-09-09,Wrong Item,11384.84
312605,9229988,2025-01-01,Late Delivery,2773.09
312606,9230006,2025-05-22,Changed Mind,1742.42
312607,9230018,2024-07-15,Late Delivery,4294.4
312608,9230023,2025-09-20,Wrong Item,476.44
312609,9230050,2024-08-24,Changed Mind,5886.52
312610,9230067,2024-09-22,Quality Issue,366.48
312611,9230072,2025-04-10,Quality Issue,2121.55
312612,9230107,2024-05-28,Late Delivery,537.14
312613,9230119,2024-10-27,Damaged,1836.22
312614,9230213,2024-07-14,Wrong Item,39382.4
312615,9230222,2025-05-09,Late Delivery,20939.88
312616,9230235,2024-04-09,Changed Mind,1076.91
312617,9230246,2024-12-06,Quality Issue,2807.72
312618,9230255,2025-09-18,Quality Issue,6337.85
312619,9230297,2025-03-13,Changed Mind,1874.76
312620,9230363,2024-01-15,Quality Issue,1401.16
312621,9230371,2026-01-01,Damaged,158.4
312622,9230401,2024-11-19,Late Delivery,4176.56
312623,9230410,2024-01-31,Quality Issue,5902.51
312624,9230431,2024-05-12,Wrong Item,8272.64
312625,9230456,2024-03-13,Late Delivery,1601.28
312626,9230475,2024-02-04,Quality Issue,9233.32
312627,9230491,2024-07-06,Wrong Item,1812.79
312628,9230498,2025-03-12,Quality Issue,14356.01
312629,9230500,2024-01-15,Damaged,401.48
312630,9230501,2024-06-26,Late Delivery,757.14
312631,9230560,2025-09-01,Late Delivery,1720.7
312632,9230578,2025-09-01,Changed Mind,20076.7
312633,9230592,2025-02-26,Quality Issue,3233.52
312634,9230594,2024-03-25,Wrong Item,32031.65
312635,9230598,2025-12-18,Damaged,2806.92
312636,9230616,2024-09-10,Quality Issue,462.18
312637,9230638,2024-01-20,Changed Mind,3062.04
312638,9230650,2024-02-12,Changed Mind,3842.62
312639,9230684,2025-04-11,Wrong Item,456.88
312640,9230688,2024-05-31,Changed Mind,2067.25
312641,9230689,2024-01-22,Quality Issue,19018.79
312642,9230754,2025-04-09,Late Delivery,1890.29
312643,9230756,2025-06-27,Damaged,1856.47
312644,9230799,2025-07-21,Late Delivery,5927.48
312645,9230815,2024-01-25,Changed Mind,450.18
312646,9230836,2025-06-13,Quality Issue,1481.23
312647,9230848,2025-02-10,Quality Issue,5951.21
312648,9230860,2026-01-05,Late Delivery,576.1
312649,9230864,2025-04-02,Late Delivery,1987.9
312650,9230867,2024-08-29,Wrong Item,1501.59
312651,9230933,2025-10-07,Changed Mind,70066.4
312652,9230952,2024-11-19,Wrong Item,1214.75
312653,9230953,2024-11-25,Damaged,36979.49
312654,9230974,2024-02-14,Late Delivery,2175.23
312655,9230986,2025-09-27,Quality Issue,1912.85
312656,9230995,2024-04-15,Quality Issue,2159.64
312657,9231000,2024-05-24,Quality Issue,1607.16
312658,9231005,2025-08-04,Changed Mind,297.0
312659,9231006,2024-11-14,Late Delivery,18425.55
312660,9231029,2024-11-17,Damaged,2320.59
312661,9231041,2025-02-02,Wrong Item,30804.88
312662,9231042,2024-10-14,Quality Issue,17688.1
312663,9231044,2025-05-08,Changed Mind,11864.12
312664,9231066,2024-09-23,Late Delivery,11701.72
312665,9231082,2024-07-16,Damaged,19244.97
312666,9231087,2025-11-20,Late Delivery,2639.18
312667,9231125,2025-03-03,Wrong Item,8889.78
312668,9231126,2025-08-01,Late Delivery,2429.41
312669,9231145,2024-11-08,Damaged,403.54
312670,9231152,2024-05-26,Changed Mind,1514.52
312671,9231218,2025-09-01,Damaged,1611.42
312672,9231237,2025-03-06,Damaged,696.05
312673,9231238,2025-04-24,Changed Mind,7429.86
312674,9231248,2024-10-06,Wrong Item,490.65
312675,9231265,2025-12-13,Changed Mind,2726.02
312676,9231304,2025-02-23,Late Delivery,1265.92
312677,9231307,2025-11-04,Damaged,23126.24
312678,9231335,2025-07-30,Quality Issue,42387.94
312679,9231340,2025-06-16,Quality Issue,1497.01
312680,9231345,2024-06-01,Late Delivery,607.37
312681,9231357,2024-01-09,Quality Issue,6783.12
312682,9231370,2026-01-11,Changed Mind,511.77
312683,9231373,2024-06-18,Quality Issue,1192.26
312684,9231384,2025-03-06,Changed Mind,3230.15
312685,9231397,2024-12-22,Changed Mind,2976.03
312686,9231419,2025-01-16,Late Delivery,3020.31
312687,9231425,2025-11-16,Quality Issue,19497.83
312688,9231435,2024-10-20,Quality Issue,2700.48
312689,9231436,2024-05-16,Damaged,3356.88
312690,9231445,2025-08-16,Damaged,33148.46
312691,9231492,2025-06-19,Quality Issue,1063.73
312692,9231494,2024-08-18,Wrong Item,9887.32
312693,9231507,2025-07-31,Changed Mind,716.85
312694,9231516,2024-04-27,Late Delivery,1290.95
312695,9231525,2025-04-18,Late Delivery,1259.35
312696,9231532,2024-04-01,Changed Mind,110.21
312697,9231548,2024-08-09,Late Delivery,1381.28
312698,9231554,2025-08-31,Quality Issue,668.66
312699,9231617,2025-08-25,Wrong Item,99.0
312700,9231669,2024-12-26,Quality Issue,443.55
312701,9231671,2025-11-22,Quality Issue,4563.07
312702,9231674,2024-08-10,Changed Mind,12740.16
312703,9231675,2024-02-22,Damaged,543.74
312704,9231695,2024-05-25,Damaged,1084.1
312705,9231709,2024-01-29,Changed Mind,2040.34
312706,9231725,2025-03-25,Changed Mind,14618.88
312707,9231737,2024-10-27,Changed Mind,35246.83
312708,9231763,2025-06-23,Damaged,1800.27
312709,9231777,2025-04-27,Damaged,1717.76
312710,9231785,2025-08-12,Wrong Item,3572.7
312711,9231810,2025-04-16,Damaged,1286.6
312712,9231822,2025-11-08,Damaged,838.41
312713,9231842,2024-12-04,Damaged,995.38
312714,9231853,2025-05-26,Damaged,952.87
312715,9231861,2025-11-22,Late Delivery,2423.34
312716,9231937,2025-12-25,Late Delivery,2056.56
312717,9231968,2024-07-23,Changed Mind,1181.03
312718,9231977,2024-07-03,Wrong Item,3681.15
312719,9231987,2025-10-16,Quality Issue,447.77
312720,9231997,2024-03-31,Damaged,1835.57
312721,9232018,2024-11-11,Late Delivery,3391.43
312722,9232023,2024-07-29,Quality Issue,4822.92
312723,9232029,2025-12-29,Wrong Item,1428.39
312724,9232055,2024-08-01,Changed Mind,372.93
312725,9232058,2024-06-05,Wrong Item,48026.88
312726,9232061,2024-10-24,Changed Mind,2295.5
312727,9232095,2024-03-13,Quality Issue,1539.82
312728,9232124,2024-09-22,Changed Mind,1943.64
312729,9232168,2025-08-31,Quality Issue,1933.83
312730,9232180,2025-03-19,Late Delivery,7268.32
312731,9232184,2025-04-25,Damaged,9215.53
312732,9232193,2025-11-26,Changed Mind,9751.48
312733,9232195,2024-03-18,Late Delivery,198.0
312734,9232197,2025-10-31,Damaged,16140.02
312735,9232255,2025-04-10,Late Delivery,4019.48
312736,9232261,2025-04-27,Late Delivery,660.61
312737,9232342,2025-08-13,Wrong Item,3237.39
312738,9232343,2024-04-08,Wrong Item,1933.83
312739,9232357,2025-10-31,Quality Issue,3555.27
312740,9232378,2024-08-17,Late Delivery,477.23
312741,9232393,2024-10-03,Late Delivery,40478.14
312742,9232410,2025-01-11,Damaged,2074.28
312743,9232429,2025-07-22,Damaged,595.32
312744,9232434,2025-06-06,Late Delivery,39420.12
312745,9232513,2025-01-23,Wrong Item,5837.36
312746,9232527,2024-02-06,Quality Issue,1963.26
312747,9232534,2025-02-26,Wrong Item,3874.8
312748,9232552,2024-02-05,Quality Issue,1583.67
312749,9232603,2025-11-19,Damaged,863.3
312750,9232617,2025-06-09,Wrong Item,2220.96
312751,9232638,2024-08-09,Late Delivery,3376.8
312752,9232650,2024-03-31,Quality Issue,13918.02
312753,9232653,2024-12-23,Damaged,390.15
312754,9232677,2024-09-27,Damaged,3551.58
312755,9232705,2025-12-13,Quality Issue,1412.45
312756,9232714,2025-10-07,Late Delivery,8453.96
312757,9232756,2025-07-09,Changed Mind,7020.46
312758,9232808,2025-02-19,Damaged,1688.62
312759,9232883,2024-04-12,Wrong Item,2895.87
312760,9232902,2024-11-18,Late Delivery,809.34
312761,9232907,2024-02-07,Wrong Item,23737.21
312762,9232923,2024-07-16,Quality Issue,291.62
312763,9232927,2024-08-12,Changed Mind,28426.77
312764,9232953,2025-06-14,Quality Issue,1794.64
312765,9232958,2026-01-13,Late Delivery,9877.8
312766,9232976,2025-09-08,Changed Mind,4395.0
312767,9232982,2025-01-02,Wrong Item,1227.47
312768,9232993,2025-09-19,Late Delivery,2154.72
312769,9233017,2025-04-07,Quality Issue,7131.35
312770,9233061,2025-10-02,Quality Issue,1489.78
312771,9233063,2025-03-04,Quality Issue,12920.21
312772,9233070,2025-03-05,Late Delivery,1009.61
312773,9233091,2025-07-06,Late Delivery,682.46
312774,9233092,2025-06-12,Quality Issue,1569.6
312775,9233116,2025-08-29,Quality Issue,19900.06
312776,9233127,2025-02-24,Quality Issue,569.17
312777,9233196,2024-10-25,Damaged,997.49
312778,9233198,2024-12-11,Quality Issue,1297.26
312779,9233224,2024-09-07,Damaged,2595.42
312780,9233251,2025-09-11,Damaged,1886.11
312781,9233272,2024-09-16,Late Delivery,7404.53
312782,9233316,2025-08-29,Changed Mind,477.82
312783,9233328,2025-05-12,Late Delivery,773.66
312784,9233344,2024-01-24,Quality Issue,482.22
312785,9233387,2024-02-08,Changed Mind,2788.07
312786,9233423,2024-04-02,Changed Mind,2888.97
312787,9233428,2025-02-07,Damaged,4240.76
312788,9233447,2024-02-08,Late Delivery,2449.76
312789,9233449,2025-09-13,Wrong Item,825.11
312790,9233476,2024-07-18,Quality Issue,2807.39
312791,9233541,2025-02-27,Wrong Item,16916.2
312792,9233561,2024-11-05,Late Delivery,646.54
312793,9233562,2024-11-10,Wrong Item,13155.95
312794,9233582,2025-11-26,Quality Issue,2307.09
312795,9233583,2024-09-01,Late Delivery,3144.48
312796,9233639,2024-02-22,Wrong Item,1922.88
312797,9233667,2024-10-01,Quality Issue,2055.51
312798,9233705,2025-11-03,Damaged,4535.51
312799,9233734,2025-04-14,Quality Issue,1382.09
312800,9233746,2025-05-14,Changed Mind,3905.77
312801,9233765,2024-06-05,Quality Issue,2437.55
312802,9233781,2025-12-26,Late Delivery,2965.48
312803,9233819,2026-01-03,Wrong Item,3486.19
312804,9233843,2025-09-08,Quality Issue,3108.79
312805,9233858,2024-12-18,Changed Mind,1616.72
312806,9233868,2024-03-01,Damaged,3475.78
312807,9233871,2024-10-20,Wrong Item,9018.34
312808,9233875,2024-08-26,Changed Mind,965.64
312809,9233943,2024-09-13,Wrong Item,1623.13
312810,9233963,2024-12-20,Quality Issue,821.75
312811,9233984,2025-09-27,Damaged,721.41
312812,9234005,2024-10-25,Late Delivery,2989.52
312813,9234009,2024-05-16,Wrong Item,1132.07
312814,9234027,2024-11-23,Changed Mind,4331.16
312815,9234073,2024-06-29,Damaged,2678.47
312816,9234081,2024-11-10,Changed Mind,19265.46
312817,9234082,2025-10-28,Damaged,313.01
312818,9234116,2025-01-08,Late Delivery,4858.81
312819,9234210,2024-08-19,Wrong Item,1875.46
312820,9234212,2024-04-13,Damaged,1951.36
312821,9234233,2024-09-08,Late Delivery,173.02
312822,9234236,2025-07-17,Quality Issue,11364.2
312823,9234258,2025-07-22,Late Delivery,823.03
312824,9234275,2025-01-06,Late Delivery,6971.28
312825,9234308,2025-03-19,Wrong Item,11476.68
312826,9234317,2024-04-24,Damaged,856.83
312827,9234326,2025-10-28,Changed Mind,4100.16
312828,9234338,2025-10-09,Wrong Item,830.32
312829,9234358,2024-08-31,Damaged,3115.77
312830,9234359,2026-01-05,Wrong Item,3174.22
312831,9234422,2024-02-14,Quality Issue,1910.95
312832,9234434,2024-07-24,Quality Issue,1375.99
312833,9234457,2025-08-14,Late Delivery,13459.95
312834,9234458,2025-12-06,Wrong Item,18930.4
312835,9234459,2024-07-23,Damaged,422.89
312836,9234473,2025-08-08,Damaged,514.75
312837,9234499,2024-01-12,Changed Mind,1873.56
312838,9234501,2024-10-03,Quality Issue,1032.62
312839,9234511,2025-03-05,Damaged,463.55
312840,9234540,2024-04-27,Late Delivery,1406.77
312841,9234548,2024-11-02,Changed Mind,4673.6
312842,9234555,2025-11-15,Late Delivery,676.21
312843,9234561,2025-03-23,Changed Mind,3128.2
312844,9234594,2025-02-16,Damaged,2563.27
312845,9234633,2025-10-09,Damaged,3284.26
312846,9234693,2024-08-15,Changed Mind,940.1
312847,9234700,2024-03-16,Damaged,5011.96
312848,9234718,2024-08-28,Damaged,906.42
312849,9234724,2024-09-18,Late Delivery,3596.56
312850,9234750,2025-09-07,Wrong Item,24528.37
312851,9234756,2024-04-08,Damaged,1096.19
312852,9234760,2025-02-27,Late Delivery,1827.84
312853,9234783,2025-04-02,Late Delivery,1744.39
312854,9234813,2025-06-30,Late Delivery,18262.01
312855,9234817,2025-02-08,Wrong Item,19269.89
312856,9234836,2024-08-20,Late Delivery,646.45
312857,9234844,2025-08-10,Quality Issue,8350.5
312858,9234851,2024-04-29,Wrong Item,2819.05
312859,9234856,2025-05-31,Damaged,4375.34
312860,9234866,2024-08-27,Late Delivery,6750.9
312861,9234873,2025-05-23,Wrong Item,750.38
312862,9234896,2025-05-18,Quality Issue,2263.99
312863,9234951,2025-02-23,Damaged,2491.28
312864,9235073,2025-04-29,Damaged,1666.38
312865,9235080,2024-01-19,Wrong Item,17348.91
312866,9235094,2024-06-08,Quality Issue,23499.47
312867,9235106,2024-11-06,Changed Mind,1924.17
312868,9235127,2025-04-10,Wrong Item,640.46
312869,9235151,2024-12-27,Late Delivery,605.32
312870,9235174,2025-11-03,Late Delivery,4048.6
312871,9235191,2025-10-11,Wrong Item,2155.23
312872,9235225,2024-10-04,Damaged,889.5
312873,9235229,2024-10-31,Wrong Item,1001.16
312874,9235238,2025-09-01,Damaged,3905.77
312875,9235278,2024-05-13,Damaged,185.41
312876,9235308,2025-03-27,Quality Issue,686.66
312877,9235369,2024-01-21,Damaged,613.04
312878,9235372,2024-12-27,Quality Issue,1292.71
312879,9235377,2024-11-10,Quality Issue,364.36
312880,9235394,2025-03-04,Late Delivery,3513.84
312881,9235401,2024-06-21,Wrong Item,35030.81
312882,9235415,2025-12-11,Late Delivery,5878.15
312883,9235417,2025-01-05,Quality Issue,2109.7
312884,9235447,2025-01-28,Wrong Item,956.31
312885,9235448,2025-02-16,Wrong Item,25070.27
312886,9235455,2024-08-21,Wrong Item,1176.27
312887,9235472,2025-12-30,Wrong Item,23938.34
312888,9235473,2025-01-03,Changed Mind,4170.99
312889,9235488,2025-09-14,Wrong Item,3650.24
312890,9235495,2024-12-25,Late Delivery,689.57
312891,9235501,2024-12-30,Damaged,767.45
312892,9235507,2025-09-10,Wrong Item,263.14
312893,9235513,2025-05-11,Wrong Item,387.4
312894,9235515,2024-10-15,Quality Issue,926.32
312895,9235529,2024-03-07,Changed Mind,447.46
312896,9235550,2025-09-10,Late Delivery,6137.45
312897,9235567,2024-05-13,Damaged,315.91
312898,9235569,2025-03-01,Quality Issue,1011.0
312899,9235629,2024-12-25,Changed Mind,1149.9
312900,9235650,2024-11-10,Quality Issue,1214.24
312901,9235663,2024-07-22,Quality Issue,3873.08
312902,9235682,2025-03-31,Late Delivery,26311.9
312903,9235708,2024-03-30,Late Delivery,1957.54
312904,9235770,2025-01-01,Late Delivery,944.72
312905,9235772,2025-10-02,Quality Issue,1259.53
312906,9235790,2024-10-31,Wrong Item,4385.83
312907,9235798,2024-09-30,Quality Issue,13024.48
312908,9235800,2025-01-25,Damaged,5789.43
312909,9235822,2024-10-16,Quality Issue,1103.68
312910,9235824,2024-03-03,Quality Issue,186.12
312911,9235855,2025-05-06,Quality Issue,1620.25
312912,9235856,2024-11-15,Wrong Item,2376.82
312913,9235862,2024-12-15,Changed Mind,1006.64
312914,9235863,2025-07-09,Changed Mind,9037.07
312915,9235884,2024-05-18,Quality Issue,12786.95
312916,9235900,2025-04-20,Wrong Item,713.48
312917,9235933,2025-07-07,Damaged,327.35
312918,9236049,2025-10-18,Late Delivery,330.8
312919,9236061,2025-05-27,Late Delivery,466.89
312920,9236094,2025-07-19,Late Delivery,527.82
312921,9236124,2025-02-12,Late Delivery,822.92
312922,9236132,2025-12-16,Damaged,1844.72
312923,9236166,2025-10-24,Wrong Item,501.67
312924,9236183,2025-06-14,Late Delivery,1775.45
312925,9236203,2024-07-23,Wrong Item,895.34
312926,9236204,2025-07-26,Quality Issue,702.86
312927,9236206,2024-01-28,Damaged,20394.25
312928,9236266,2025-11-25,Changed Mind,3997.08
312929,9236270,2025-05-23,Wrong Item,4269.3
312930,9236271,2026-01-16,Damaged,709.53
312931,9236278,2025-04-19,Changed Mind,1250.89
312932,9236299,2024-06-13,Quality Issue,3440.41
312933,9236343,2025-04-28,Damaged,6125.82
312934,9236353,2025-08-26,Late Delivery,2995.2
312935,9236365,2025-07-18,Quality Issue,1073.71
312936,9236368,2024-09-23,Late Delivery,6682.32
312937,9236399,2024-04-21,Damaged,2067.06
312938,9236424,2024-06-25,Wrong Item,3321.61
312939,9236460,2024-05-14,Late Delivery,94.29
312940,9236472,2025-03-14,Quality Issue,2122.33
312941,9236535,2025-02-22,Wrong Item,674.78
312942,9236555,2024-05-14,Quality Issue,4807.72
312943,9236556,2025-09-12,Wrong Item,685.27
312944,9236567,2025-05-10,Damaged,1905.74
312945,9236569,2024-05-05,Quality Issue,91408.29
312946,9236581,2024-12-19,Changed Mind,349.63
312947,9236587,2025-08-23,Late Delivery,1848.78
312948,9236601,2025-04-08,Wrong Item,1307.19
312949,9236615,2025-05-03,Late Delivery,1634.06
312950,9236632,2025-03-19,Damaged,2696.43
312951,9236636,2025-06-08,Wrong Item,656.78
312952,9236641,2024-06-03,Wrong Item,667.35
312953,9236651,2024-02-18,Changed Mind,2581.05
312954,9236675,2024-07-10,Wrong Item,20515.69
312955,9236692,2026-01-02,Wrong Item,385.12
312956,9236711,2025-12-18,Late Delivery,576.92
312957,9236724,2024-10-05,Wrong Item,1739.81
312958,9236736,2025-12-15,Damaged,3309.57
312959,9236758,2025-10-07,Late Delivery,639.42
312960,9236796,2024-05-12,Quality Issue,1611.68
312961,9236826,2025-04-19,Quality Issue,35200.48
312962,9236860,2025-03-03,Damaged,2169.99
312963,9236906,2025-08-24,Damaged,1172.37
312964,9236917,2024-09-05,Quality Issue,6178.71
312965,9236920,2024-03-14,Wrong Item,539.07
312966,9236945,2025-06-03,Late Delivery,549.32
312967,9236962,2024-11-16,Quality Issue,30449.16
312968,9237006,2025-10-09,Wrong Item,484.26
312969,9237017,2025-12-15,Quality Issue,12000.21
312970,9237029,2024-08-26,Damaged,1106.42
312971,9237030,2024-12-25,Changed Mind,1036.83
312972,9237039,2025-05-08,Wrong Item,816.21
312973,9237060,2024-08-06,Damaged,795.64
312974,9237080,2024-12-13,Quality Issue,23784.74
312975,9237113,2026-01-16,Changed Mind,26442.02
312976,9237116,2024-06-15,Damaged,5789.24
312977,9237127,2024-07-29,Late Delivery,5603.3
312978,9237148,2024-04-06,Late Delivery,321.11
312979,9237197,2024-09-02,Wrong Item,797.75
312980,9237205,2024-02-10,Quality Issue,6586.44
312981,9237219,2024-04-06,Damaged,2525.64
312982,9237250,2024-12-14,Damaged,1728.1
312983,9237275,2025-05-04,Changed Mind,750.68
312984,9237277,2024-08-17,Wrong Item,3204.88
312985,9237279,2025-02-26,Damaged,8481.52
312986,9237321,2025-08-15,Changed Mind,1040.69
312987,9237333,2025-04-15,Damaged,1911.31
312988,9237336,2025-12-24,Damaged,1504.76
312989,9237343,2024-12-07,Quality Issue,1498.42
312990,9237377,2024-12-15,Late Delivery,728.46
312991,9237381,2025-04-03,Quality Issue,723.2
312992,9237402,2024-08-01,Damaged,377.84
312993,9237403,2024-09-04,Late Delivery,987.87
312994,9237411,2025-12-14,Wrong Item,6143.69
312995,9237426,2025-03-12,Late Delivery,195.08
312996,9237427,2025-10-08,Changed Mind,931.79
312997,9237429,2024-08-07,Quality Issue,1126.31
312998,9237465,2025-11-19,Changed Mind,3236.74
312999,9237466,2025-06-06,Damaged,4696.15
313000,9237470,2025-08-27,Changed Mind,1055.0
313001,9237474,2024-02-06,Changed Mind,1292.97
313002,9237480,2024-02-01,Damaged,16479.62
313003,9237484,2025-01-12,Damaged,89.1
313004,9237493,2024-03-27,Changed Mind,1022.33
313005,9237494,2025-03-30,Quality Issue,1294.52
313006,9237538,2025-01-30,Late Delivery,358.43
313007,9237652,2024-11-17,Damaged,2098.26
313008,9237659,2024-09-29,Wrong Item,644.15
313009,9237667,2024-07-14,Late Delivery,1841.2
313010,9237682,2024-07-06,Late Delivery,727.84
313011,9237695,2024-08-09,Wrong Item,2056.91
313012,9237717,2024-07-05,Quality Issue,3677.51
313013,9237725,2025-05-06,Wrong Item,963.65
313014,9237753,2025-05-29,Damaged,1554.57
313015,9237755,2024-07-30,Changed Mind,20276.86
313016,9237764,2024-09-28,Damaged,5827.25
313017,9237783,2025-02-09,Late Delivery,5058.9
313018,9237791,2025-09-12,Wrong Item,23266.53
313019,9237815,2024-08-29,Late Delivery,6862.36
313020,9237819,2025-08-21,Changed Mind,5205.66
313021,9237827,2024-06-25,Changed Mind,3192.33
313022,9237830,2024-03-28,Wrong Item,19072.86
313023,9237834,2025-07-31,Damaged,3649.35
313024,9237852,2025-10-26,Late Delivery,32856.26
313025,9237902,2024-12-27,Quality Issue,11886.97
313026,9237947,2024-07-28,Wrong Item,2685.16
313027,9237959,2025-05-17,Changed Mind,1103.98
313028,9237961,2025-05-13,Damaged,16230.96
313029,9237966,2025-12-13,Damaged,16357.27
313030,9237971,2025-02-20,Late Delivery,296.08
313031,9237980,2024-07-28,Damaged,813.1
313032,9237999,2025-02-28,Changed Mind,1024.47
313033,9238007,2025-10-01,Damaged,3606.43
313034,9238025,2025-03-05,Changed Mind,13427.53
313035,9238039,2024-02-16,Quality Issue,2455.52
313036,9238045,2025-12-09,Changed Mind,2240.6
313037,9238085,2024-01-18,Changed Mind,628.54
313038,9238126,2025-05-09,Quality Issue,2091.85
313039,9238150,2024-05-08,Quality Issue,1966.26
313040,9238187,2024-02-09,Late Delivery,2235.8
313041,9238193,2025-09-17,Quality Issue,3896.26
313042,9238218,2025-07-20,Late Delivery,5376.31
313043,9238219,2024-12-04,Wrong Item,1943.9
313044,9238228,2024-07-27,Changed Mind,2336.57
313045,9238264,2024-08-27,Late Delivery,1271.52
313046,9238297,2025-03-05,Late Delivery,485.64
313047,9238299,2024-02-17,Wrong Item,1266.88
313048,9238321,2024-03-29,Damaged,9581.98
313049,9238343,2025-09-28,Changed Mind,1540.08
313050,9238370,2025-06-03,Changed Mind,1483.05
313051,9238379,2025-03-02,Wrong Item,8302.09
313052,9238396,2024-02-18,Damaged,1134.33
313053,9238422,2024-10-12,Damaged,31403.81
313054,9238425,2024-11-05,Wrong Item,696.32
313055,9238489,2024-08-04,Wrong Item,327.54
313056,9238526,2024-04-04,Damaged,2908.63
313057,9238553,2024-04-08,Damaged,1775.85
313058,9238565,2024-01-07,Quality Issue,2334.92
313059,9238594,2025-10-25,Changed Mind,20036.12
313060,9238619,2025-11-16,Late Delivery,11960.45
313061,9238628,2025-03-19,Damaged,32359.66
313062,9238666,2024-03-27,Quality Issue,2013.54
313063,9238728,2024-03-17,Late Delivery,1245.5
313064,9238854,2025-01-31,Changed Mind,978.23
313065,9238864,2025-04-13,Quality Issue,515.46
313066,9238865,2025-06-06,Late Delivery,738.2
313067,9238873,2024-06-29,Changed Mind,2720.16
313068,9238893,2024-05-24,Damaged,18191.72
313069,9238895,2024-07-18,Changed Mind,8551.63
313070,9238907,2025-02-12,Quality Issue,1017.54
313071,9238919,2024-12-28,Changed Mind,2638.83
313072,9238922,2025-07-16,Changed Mind,1197.9
313073,9238976,2025-07-08,Late Delivery,2028.63
313074,9238987,2025-05-19,Wrong Item,1569.6
313075,9238994,2024-02-15,Changed Mind,3924.16
313076,9239015,2024-08-24,Damaged,11472.33
313077,9239019,2025-08-17,Quality Issue,1450.77
313078,9239055,2024-02-04,Late Delivery,195.28
313079,9239074,2025-01-10,Damaged,1638.16
313080,9239078,2025-04-15,Quality Issue,805.1
313081,9239088,2025-10-16,Quality Issue,498.37
313082,9239100,2024-03-18,Quality Issue,6000.03
313083,9239109,2024-05-26,Changed Mind,17623.42
313084,9239129,2024-10-02,Late Delivery,3022.33
313085,9239148,2024-11-23,Late Delivery,5684.22
313086,9239162,2024-12-02,Late Delivery,1778.65
313087,9239250,2025-10-11,Late Delivery,1801.14
313088,9239256,2024-08-03,Late Delivery,714.81
313089,9239308,2026-01-04,Late Delivery,1686.42
313090,9239310,2024-04-23,Late Delivery,1742.8
313091,9239344,2024-04-25,Changed Mind,1072.14
313092,9239385,2025-01-29,Changed Mind,1631.19
313093,9239399,2024-06-06,Damaged,1060.98
313094,9239417,2025-09-23,Quality Issue,867.87
313095,9239477,2025-11-16,Quality Issue,8825.35
313096,9239487,2025-07-16,Damaged,2265.2
313097,9239497,2025-12-18,Quality Issue,8428.64
313098,9239505,2024-03-09,Late Delivery,1019.34
313099,9239510,2025-12-27,Wrong Item,803.52
313100,9239520,2025-11-13,Damaged,8860.05
313101,9239543,2025-10-05,Quality Issue,22842.85
313102,9239552,2025-12-19,Changed Mind,1348.88
313103,9239578,2025-08-29,Damaged,4494.0
313104,9239596,2025-05-19,Late Delivery,343.44
313105,9239601,2025-03-15,Changed Mind,310.69
313106,9239616,2024-03-18,Damaged,237.2
313107,9239643,2024-03-29,Quality Issue,2894.62
313108,9239655,2024-11-15,Changed Mind,10549.87
313109,9239666,2024-07-16,Quality Issue,6173.19
313110,9239671,2025-10-14,Quality Issue,18109.0
313111,9239684,2024-01-15,Late Delivery,2416.92
313112,9239733,2025-06-19,Wrong Item,672.22
313113,9239734,2024-04-24,Quality Issue,2688.25
313114,9239745,2024-11-05,Changed Mind,5082.08
313115,9239784,2024-04-17,Quality Issue,31280.54
313116,9239794,2025-07-19,Quality Issue,1485.6
313117,9239797,2024-10-09,Quality Issue,811.64
313118,9239837,2024-02-26,Wrong Item,797.75
313119,9239840,2025-07-19,Damaged,2175.04
313120,9239881,2024-11-26,Quality Issue,7016.26
313121,9239907,2024-10-17,Damaged,3490.65
313122,9239912,2024-12-21,Quality Issue,813.63
313123,9239920,2025-01-09,Quality Issue,926.37
313124,9239934,2024-08-15,Damaged,3248.62
313125,9239939,2025-07-29,Changed Mind,536.2
313126,9239976,2025-12-20,Wrong Item,2440.88
313127,9240025,2024-07-23,Changed Mind,1562.26
313128,9240043,2025-01-19,Changed Mind,692.94
313129,9240107,2024-07-17,Changed Mind,1105.06
313130,9240167,2024-12-14,Changed Mind,889.76
313131,9240193,2025-01-05,Late Delivery,763.17
313132,9240205,2025-05-28,Late Delivery,1029.89
313133,9240207,2025-05-20,Wrong Item,620.02
313134,9240230,2025-01-13,Late Delivery,16786.96
313135,9240233,2024-02-15,Changed Mind,432.75
313136,9240254,2024-05-21,Damaged,2700.0
313137,9240281,2024-02-14,Damaged,9878.52
313138,9240291,2024-03-20,Late Delivery,3472.96
313139,9240292,2024-04-14,Late Delivery,24500.77
313140,9240309,2025-02-03,Quality Issue,18017.8
313141,9240316,2024-04-01,Wrong Item,857.58
313142,9240329,2025-03-22,Late Delivery,21403.35
313143,9240331,2025-01-03,Changed Mind,1258.21
313144,9240356,2024-08-28,Late Delivery,2155.68
313145,9240375,2025-04-18,Late Delivery,926.37
313146,9240421,2025-03-22,Changed Mind,504.42
313147,9240429,2025-04-22,Late Delivery,1924.22
313148,9240448,2024-06-01,Damaged,322.22
313149,9240475,2024-03-27,Changed Mind,991.42
313150,9240521,2025-09-06,Changed Mind,4057.74
313151,9240533,2025-09-13,Changed Mind,3321.61
313152,9240550,2024-12-22,Quality Issue,3444.97
313153,9240593,2025-08-07,Damaged,6599.22
313154,9240634,2024-03-04,Quality Issue,1436.62
313155,9240644,2024-09-22,Wrong Item,6648.58
313156,9240659,2024-10-11,Damaged,178.76
313157,9240666,2025-07-21,Quality Issue,4835.97
313158,9240677,2025-03-30,Quality Issue,424.8
313159,9240690,2024-01-26,Changed Mind,2813.16
313160,9240709,2025-01-23,Changed Mind,3455.13
313161,9240710,2024-10-16,Quality Issue,3600.33
313162,9240727,2025-11-19,Late Delivery,5396.25
313163,9240749,2025-09-30,Late Delivery,4099.76
313164,9240750,2025-12-17,Quality Issue,812.59
313165,9240757,2025-11-20,Quality Issue,5174.53
313166,9240767,2024-01-14,Damaged,12230.0
313167,9240775,2024-07-21,Late Delivery,363.93
313168,9240781,2025-04-25,Changed Mind,7490.46
313169,9240799,2024-10-12,Changed Mind,2716.09
313170,9240811,2025-07-22,Quality Issue,813.99
313171,9240828,2025-08-15,Wrong Item,2642.47
313172,9240844,2025-05-19,Quality Issue,2437.22
313173,9240847,2025-08-19,Damaged,414.25
313174,9240864,2024-12-21,Wrong Item,807.68
313175,9240873,2025-09-07,Quality Issue,138.38
313176,9240903,2025-05-30,Late Delivery,1596.25
313177,9240949,2024-05-17,Damaged,975.59
313178,9240979,2025-09-24,Wrong Item,453.04
313179,9240983,2024-07-10,Quality Issue,600.44
313180,9240985,2024-12-11,Quality Issue,1255.68
313181,9240995,2025-06-29,Damaged,607.78
313182,9241012,2025-02-17,Wrong Item,708.97
313183,9241052,2024-06-21,Wrong Item,1855.78
313184,9241057,2025-07-04,Quality Issue,29681.12
313185,9241066,2025-10-19,Late Delivery,634.2
313186,9241078,2025-10-25,Quality Issue,8619.29
313187,9241109,2024-04-10,Wrong Item,769.93
313188,9241123,2025-04-27,Late Delivery,2700.0
313189,9241124,2025-05-17,Damaged,687.54
313190,9241144,2025-06-11,Late Delivery,978.4
313191,9241172,2025-10-08,Quality Issue,40680.88
313192,9241182,2024-05-24,Damaged,2976.84
313193,9241314,2025-06-19,Damaged,43870.12
313194,9241330,2025-05-29,Quality Issue,2140.61
313195,9241333,2024-04-09,Late Delivery,274.84
313196,9241366,2024-03-17,Changed Mind,2278.65
313197,9241373,2024-09-20,Changed Mind,902.86
313198,9241400,2025-11-17,Wrong Item,688.28
313199,9241454,2026-01-01,Late Delivery,3893.34
313200,9241472,2025-12-12,Late Delivery,981.19
313201,9241482,2024-08-17,Quality Issue,2166.03
313202,9241487,2024-08-24,Damaged,79004.48
313203,9241488,2024-04-16,Wrong Item,405.13
313204,9241491,2024-11-26,Damaged,5030.95
313205,9241498,2024-01-30,Wrong Item,1094.76
313206,9241531,2025-03-13,Late Delivery,4128.28
313207,9241552,2024-07-13,Late Delivery,3508.13
313208,9241554,2025-02-06,Damaged,4664.39
313209,9241560,2024-01-30,Late Delivery,1982.84
313210,9241576,2024-02-05,Damaged,543.02
313211,9241585,2024-10-24,Quality Issue,1084.84
313212,9241588,2025-08-05,Late Delivery,7698.17
313213,9241618,2024-05-27,Quality Issue,614.1
313214,9241626,2025-02-03,Late Delivery,920.85
313215,9241646,2024-09-03,Changed Mind,565.16
313216,9241647,2025-04-07,Quality Issue,33949.28
313217,9241648,2025-02-22,Changed Mind,1047.66
313218,9241670,2024-07-17,Damaged,1511.42
313219,9241705,2024-12-06,Changed Mind,1717.66
313220,9241748,2024-10-12,Quality Issue,12014.9
313221,9241781,2025-05-12,Late Delivery,666.81
313222,9241795,2024-05-25,Changed Mind,6593.58
313223,9241799,2024-04-27,Quality Issue,3939.69
313224,9241820,2024-10-23,Damaged,1757.6
313225,9241822,2024-02-10,Wrong Item,2426.91
313226,9241825,2024-02-14,Damaged,1387.99
313227,9241828,2024-05-14,Wrong Item,1072.43
313228,9241837,2025-07-03,Quality Issue,2495.94
313229,9241839,2025-07-09,Damaged,907.04
313230,9241852,2024-11-03,Late Delivery,8787.69
313231,9241903,2024-06-21,Wrong Item,2149.4
313232,9241917,2025-03-09,Quality Issue,461.06
313233,9241918,2024-02-02,Damaged,874.35
313234,9241919,2024-06-14,Quality Issue,1187.63
313235,9241931,2024-12-27,Damaged,725.08
313236,9241936,2024-09-05,Changed Mind,389.25
313237,9241943,2025-05-08,Wrong Item,2166.28
313238,9241953,2025-12-22,Late Delivery,647.01
313239,9241990,2025-05-29,Changed Mind,606.27
313240,9241991,2025-01-20,Damaged,2684.22
313241,9242013,2024-08-13,Quality Issue,461.55
313242,9242039,2024-12-04,Quality Issue,1881.11
313243,9242044,2025-05-05,Changed Mind,312.45
313244,9242079,2025-05-12,Quality Issue,1525.47
313245,9242091,2025-12-21,Late Delivery,843.8
313246,9242101,2025-12-18,Late Delivery,13019.94
313247,9242102,2025-09-03,Late Delivery,2485.99
313248,9242108,2025-05-17,Changed Mind,13256.35
313249,9242133,2025-04-15,Wrong Item,3765.27
313250,9242140,2024-08-26,Quality Issue,1828.01
313251,9242148,2025-03-02,Damaged,1096.2
313252,9242151,2025-09-14,Quality Issue,859.8
313253,9242183,2024-08-21,Wrong Item,3872.04
313254,9242197,2024-06-21,Wrong Item,3093.11
313255,9242206,2025-07-17,Quality Issue,18786.88
313256,9242229,2025-10-20,Changed Mind,1164.54
313257,9242239,2024-09-20,Changed Mind,2186.08
313258,9242240,2024-04-18,Quality Issue,314.9
313259,9242242,2024-05-19,Damaged,2596.77
313260,9242245,2024-02-08,Damaged,2586.82
313261,9242255,2024-07-03,Quality Issue,954.78
313262,9242281,2025-02-10,Quality Issue,46969.26
313263,9242328,2024-11-14,Quality Issue,2241.32
313264,9242339,2025-12-25,Late Delivery,1221.76
313265,9242347,2025-04-10,Late Delivery,2018.85
313266,9242369,2024-10-28,Wrong Item,3444.86
313267,9242384,2025-08-11,Late Delivery,1537.45
313268,9242408,2024-01-17,Wrong Item,19462.89
313269,9242455,2025-07-09,Changed Mind,28856.89
313270,9242477,2024-07-30,Late Delivery,8639.54
313271,9242508,2025-05-10,Quality Issue,560.81
313272,9242517,2025-09-07,Wrong Item,7593.5
313273,9242547,2024-02-21,Quality Issue,884.03
313274,9242555,2025-09-19,Late Delivery,1684.36
313275,9242585,2024-02-11,Changed Mind,3065.6
313276,9242613,2025-02-09,Late Delivery,5843.07
313277,9242621,2024-10-26,Late Delivery,1465.16
313278,9242631,2024-12-18,Late Delivery,1359.12
313279,9242636,2024-01-16,Changed Mind,1267.14
313280,9242655,2024-07-22,Changed Mind,902.72
313281,9242673,2025-03-10,Changed Mind,1311.64
313282,9242677,2025-04-01,Damaged,443.55
313283,9242683,2025-03-19,Changed Mind,1077.29
313284,9242684,2025-03-25,Late Delivery,39257.82
313285,9242711,2024-01-16,Damaged,984.86
313286,9242747,2024-08-21,Changed Mind,1389.46
313287,9242769,2024-12-21,Late Delivery,485.7
313288,9242770,2024-04-05,Late Delivery,324.52
313289,9242779,2024-11-09,Quality Issue,2431.37
313290,9242788,2025-10-30,Damaged,383.54
313291,9242800,2024-08-25,Changed Mind,28953.38
313292,9242834,2025-03-31,Wrong Item,1814.57
313293,9242852,2025-08-31,Quality Issue,819.05
313294,9242854,2024-10-15,Changed Mind,926.91
313295,9242885,2024-02-24,Damaged,1331.79
313296,9242890,2025-09-29,Wrong Item,2923.81
313297,9242896,2025-08-18,Damaged,17357.09
313298,9242927,2024-02-12,Quality Issue,2149.4
313299,9242936,2025-03-28,Damaged,644.55
313300,9242956,2024-11-08,Damaged,2501.83
313301,9242998,2025-08-09,Changed Mind,2013.54
313302,9243006,2025-08-13,Wrong Item,32004.16
313303,9243008,2025-08-29,Late Delivery,992.01
313304,9243010,2025-04-13,Quality Issue,537.71
313305,9243011,2024-07-18,Damaged,521.69
313306,9243017,2025-05-12,Late Delivery,6317.01
313307,9243033,2024-07-28,Changed Mind,463.63
313308,9243044,2024-09-13,Damaged,2147.42
313309,9243065,2025-11-11,Damaged,1546.05
313310,9243074,2024-02-14,Damaged,4797.14
313311,9243111,2025-05-03,Quality Issue,2214.78
313312,9243113,2026-01-02,Wrong Item,2573.35
313313,9243140,2025-02-06,Quality Issue,14401.87
313314,9243149,2024-07-05,Late Delivery,1069.68
313315,9243198,2025-08-18,Wrong Item,4337.99
313316,9243202,2025-02-27,Wrong Item,2063.1
313317,9243232,2024-11-30,Quality Issue,1572.34
313318,9243238,2024-10-02,Late Delivery,1178.56
313319,9243248,2024-09-02,Late Delivery,4351.99
313320,9243255,2024-02-16,Damaged,2138.86
313321,9243266,2024-05-25,Damaged,868.01
313322,9243289,2024-05-16,Quality Issue,82614.77
313323,9243308,2025-02-07,Damaged,1279.32
313324,9243319,2025-05-29,Quality Issue,695.38
313325,9243332,2024-12-08,Changed Mind,436.84
313326,9243362,2025-05-07,Damaged,913.97
313327,9243370,2024-11-05,Late Delivery,36981.67
313328,9243410,2025-07-05,Wrong Item,1541.73
313329,9243437,2025-04-15,Wrong Item,8487.49
313330,9243449,2025-05-05,Changed Mind,6717.03
313331,9243455,2025-05-07,Late Delivery,1109.47
313332,9243467,2025-08-23,Changed Mind,9623.88
313333,9243494,2024-12-19,Changed Mind,2701.86
313334,9243500,2025-04-18,Damaged,1786.07
313335,9243503,2024-05-15,Late Delivery,963.65
313336,9243508,2025-06-25,Damaged,1546.96
313337,9243531,2025-08-27,Damaged,1280.34
313338,9243534,2025-12-12,Changed Mind,1863.62
313339,9243562,2024-08-20,Late Delivery,4933.1
313340,9243618,2025-03-08,Changed Mind,2703.9
313341,9243628,2025-12-28,Damaged,670.33
313342,9243642,2024-11-11,Quality Issue,765.53
313343,9243648,2024-09-22,Quality Issue,344.46
313344,9243649,2024-07-12,Late Delivery,3577.02
313345,9243661,2025-05-04,Wrong Item,13187.34
313346,9243669,2024-10-09,Damaged,2199.74
313347,9243686,2025-05-03,Damaged,2180.07
313348,9243697,2024-06-20,Late Delivery,877.73
313349,9243701,2025-03-19,Quality Issue,566.07
313350,9243729,2024-02-19,Damaged,2341.03
313351,9243738,2024-08-13,Quality Issue,16667.3
313352,9243769,2025-01-02,Wrong Item,15854.35
313353,9243771,2025-06-06,Wrong Item,1760.76
313354,9243772,2025-08-06,Quality Issue,2743.93
313355,9243773,2024-12-26,Quality Issue,3084.15
313356,9243798,2025-01-08,Changed Mind,1371.84
313357,9243829,2024-09-05,Changed Mind,1620.54
313358,9243840,2024-01-30,Late Delivery,8789.68
313359,9243864,2024-10-15,Changed Mind,352.11
313360,9243866,2024-09-23,Changed Mind,598.48
313361,9243874,2025-11-17,Quality Issue,2895.87
313362,9243878,2024-05-24,Damaged,258.63
313363,9243881,2025-01-07,Changed Mind,481.6
313364,9243920,2024-05-20,Quality Issue,2391.38
313365,9243939,2025-01-22,Late Delivery,1081.62
313366,9243944,2024-08-31,Wrong Item,2975.7
313367,9243968,2024-10-29,Changed Mind,1232.89
313368,9244007,2024-03-15,Wrong Item,16125.26
313369,9244025,2024-06-16,Late Delivery,684.38
313370,9244075,2025-12-30,Changed Mind,534.07
313371,9244097,2025-09-03,Wrong Item,19072.86
313372,9244100,2024-11-30,Late Delivery,7119.7
313373,9244119,2025-07-14,Wrong Item,6688.6
313374,9244123,2024-12-03,Changed Mind,1842.3
313375,9244150,2026-01-08,Wrong Item,7714.5
313376,9244156,2025-08-25,Quality Issue,17292.77
313377,9244175,2025-07-25,Late Delivery,592.4
313378,9244227,2024-10-03,Damaged,1250.15
313379,9244241,2025-04-21,Late Delivery,1104.72
313380,9244248,2024-06-15,Wrong Item,798.12
313381,9244267,2024-12-01,Late Delivery,1367.3
313382,9244287,2025-05-09,Changed Mind,1641.78
313383,9244306,2024-05-23,Quality Issue,748.0
313384,9244335,2025-05-10,Wrong Item,2292.48
313385,9244340,2024-07-16,Changed Mind,3991.07
313386,9244343,2024-09-10,Quality Issue,1936.95
313387,9244346,2024-12-01,Changed Mind,2061.21
313388,9244356,2024-11-12,Late Delivery,4406.15
313389,9244358,2025-09-29,Changed Mind,1857.57
313390,9244363,2024-07-25,Changed Mind,755.43
313391,9244397,2024-07-26,Wrong Item,1050.74
313392,9244401,2025-06-14,Quality Issue,1256.37
313393,9244407,2024-05-26,Late Delivery,751.3
313394,9244408,2024-06-14,Damaged,770.56
313395,9244412,2024-06-10,Wrong Item,1258.28
313396,9244417,2025-06-03,Late Delivery,446.58
313397,9244428,2025-11-25,Wrong Item,2068.16
313398,9244431,2025-08-29,Changed Mind,3604.59
313399,9244432,2024-12-14,Damaged,823.03
313400,9244457,2024-11-23,Changed Mind,5001.32
313401,9244460,2025-12-11,Wrong Item,19269.89
313402,9244517,2025-03-31,Damaged,18076.8
313403,9244524,2025-09-14,Damaged,1497.01
313404,9244541,2025-03-07,Late Delivery,2458.13
313405,9244556,2025-10-17,Wrong Item,429.38
313406,9244570,2025-07-23,Damaged,2873.37
313407,9244576,2024-12-17,Damaged,919.04
313408,9244579,2024-04-02,Wrong Item,4962.0
313409,9244666,2025-08-01,Wrong Item,429.9
313410,9244700,2024-06-07,Changed Mind,3073.41
313411,9244729,2024-04-10,Quality Issue,724.68
313412,9244730,2025-09-24,Wrong Item,7655.11
313413,9244740,2024-12-03,Late Delivery,3174.22
313414,9244741,2025-07-02,Wrong Item,1657.98
313415,9244742,2025-06-16,Late Delivery,1646.06
313416,9244772,2024-02-06,Quality Issue,580.86
313417,9244783,2025-12-03,Changed Mind,3655.74
313418,9244786,2025-07-28,Damaged,6008.56
313419,9244787,2024-09-09,Late Delivery,1623.38
313420,9244803,2024-06-05,Wrong Item,19224.94
313421,9244819,2025-03-25,Damaged,1016.35
313422,9244823,2025-08-26,Quality Issue,848.88
313423,9244853,2025-07-09,Late Delivery,2953.35
313424,9244854,2024-12-01,Late Delivery,1561.14
313425,9244877,2024-02-27,Quality Issue,6859.63
313426,9244917,2025-05-03,Changed Mind,2990.71
313427,9244943,2024-10-02,Late Delivery,428.85
313428,9244951,2024-11-01,Damaged,2537.15
313429,9245025,2025-03-08,Changed Mind,2168.5
313430,9245041,2024-04-12,Wrong Item,855.64
313431,9245088,2024-10-30,Wrong Item,15400.32
313432,9245111,2025-02-18,Changed Mind,890.73
313433,9245121,2024-09-01,Damaged,607.78
313434,9245181,2024-04-27,Changed Mind,394.65
313435,9245200,2024-01-24,Quality Issue,1414.69
313436,9245206,2024-12-21,Quality Issue,866.35
313437,9245212,2025-07-31,Late Delivery,1680.26
313438,9245233,2025-08-27,Quality Issue,18358.97
313439,9245256,2024-05-25,Quality Issue,5481.4
313440,9245265,2025-01-29,Damaged,1001.33
313441,9245291,2025-08-26,Quality Issue,610.83
313442,9245299,2025-12-08,Damaged,1401.16
313443,9245349,2024-06-04,Wrong Item,980.82
313444,9245358,2024-08-09,Late Delivery,952.87
313445,9245380,2025-03-29,Changed Mind,1029.5
313446,9245382,2025-05-17,Wrong Item,2065.95
313447,9245422,2024-05-07,Quality Issue,936.05
313448,9245477,2024-12-16,Quality Issue,2841.74
313449,9245483,2025-11-09,Damaged,2686.9
313450,9245506,2024-02-17,Late Delivery,3944.51
313451,9245515,2024-06-28,Wrong Item,899.25
313452,9245528,2024-07-18,Changed Mind,14698.85
313453,9245534,2024-11-23,Quality Issue,2016.55
313454,9245539,2024-12-10,Changed Mind,3242.98
313455,9245544,2025-01-22,Quality Issue,230.04
313456,9245563,2024-08-26,Quality Issue,2596.27
313457,9245575,2024-03-14,Damaged,605.32
313458,9245589,2024-05-13,Quality Issue,8525.57
313459,9245590,2025-05-14,Changed Mind,974.3
313460,9245649,2024-08-27,Wrong Item,2726.36
313461,9245703,2025-08-07,Late Delivery,2128.59
313462,9245705,2024-05-10,Quality Issue,3060.35
313463,9245714,2025-12-02,Late Delivery,16028.9
313464,9245731,2024-09-06,Wrong Item,3615.36
313465,9245746,2024-11-30,Wrong Item,388.11
313466,9245749,2025-07-05,Damaged,3228.15
313467,9245756,2025-03-09,Damaged,1138.67
313468,9245757,2024-08-06,Wrong Item,702.02
313469,9245783,2024-12-28,Late Delivery,3519.58
313470,9245788,2024-08-01,Changed Mind,1578.6
313471,9245803,2024-03-28,Changed Mind,2759.36
313472,9245813,2024-09-28,Late Delivery,500.2
313473,9245842,2025-08-02,Changed Mind,3111.14
313474,9245843,2024-06-16,Damaged,33573.92
313475,9245844,2025-01-30,Quality Issue,4970.14
313476,9245853,2025-12-28,Damaged,351.06
313477,9245854,2025-04-30,Damaged,436.33
313478,9245878,2024-08-04,Damaged,1380.54
313479,9245901,2025-10-07,Wrong Item,20291.26
313480,9245955,2024-06-25,Late Delivery,2363.64
313481,9245962,2025-11-07,Damaged,443.55
313482,9246029,2024-09-17,Quality Issue,4615.11
313483,9246043,2025-09-28,Late Delivery,852.58
313484,9246047,2024-01-14,Damaged,516.88
313485,9246064,2024-08-07,Wrong Item,2028.05
313486,9246070,2025-02-18,Changed Mind,830.0
313487,9246100,2025-06-21,Quality Issue,6143.69
313488,9246103,2024-07-29,Quality Issue,9110.46
313489,9246201,2025-02-11,Changed Mind,12230.0
313490,9246214,2025-09-18,Late Delivery,6612.46
313491,9246217,2024-10-30,Changed Mind,648.63
313492,9246239,2025-06-11,Late Delivery,1832.13
313493,9246246,2025-09-22,Wrong Item,1607.46
313494,9246248,2024-09-22,Damaged,3071.84
313495,9246268,2024-12-10,Late Delivery,6078.86
313496,9246272,2024-08-05,Quality Issue,448.74
313497,9246277,2024-09-04,Damaged,2295.5
313498,9246314,2024-12-18,Changed Mind,11390.34
313499,9246360,2025-03-05,Wrong Item,394.94
313500,9246368,2024-03-25,Damaged,8936.95
313501,9246378,2025-05-28,Late Delivery,589.56
313502,9246381,2024-06-20,Wrong Item,2824.76
313503,9246425,2025-08-17,Damaged,302.66
313504,9246455,2024-05-02,Wrong Item,9861.69
313505,9246483,2025-07-31,Late Delivery,3760.83
313506,9246498,2024-06-08,Late Delivery,1821.16
313507,9246511,2025-09-09,Quality Issue,20839.17
313508,9246521,2024-07-18,Damaged,2799.42
313509,9246528,2025-02-12,Late Delivery,251.92
313510,9246549,2025-06-24,Changed Mind,715.85
313511,9246555,2026-01-06,Wrong Item,7985.1
313512,9246567,2024-11-03,Damaged,2290.38
313513,9246602,2024-01-15,Damaged,48830.41
313514,9246638,2024-10-16,Damaged,903.07
313515,9246649,2024-02-06,Wrong Item,988.1
313516,9246665,2025-06-07,Wrong Item,589.56
313517,9246676,2025-10-21,Quality Issue,2822.64
313518,9246690,2025-02-18,Changed Mind,8719.73
313519,9246691,2024-12-14,Wrong Item,1737.99
313520,9246699,2025-06-20,Changed Mind,3167.02
313521,9246703,2025-11-01,Quality Issue,1704.91
313522,9246723,2025-07-21,Quality Issue,1631.83
313523,9246735,2025-11-09,Quality Issue,860.35
313524,9246747,2025-07-31,Wrong Item,489.27
313525,9246751,2024-01-14,Changed Mind,497.41
313526,9246760,2024-10-28,Damaged,932.05
313527,9246776,2024-03-03,Changed Mind,2751.36
313528,9246812,2024-02-26,Late Delivery,1057.32
313529,9246815,2025-08-17,Changed Mind,351.06
313530,9246817,2025-02-19,Late Delivery,2202.39
313531,9246826,2024-02-26,Wrong Item,5257.05
313532,9246831,2024-01-10,Changed Mind,3487.12
313533,9246833,2025-08-06,Late Delivery,1580.12
313534,9246869,2025-09-19,Late Delivery,1437.73
313535,9246898,2024-12-11,Late Delivery,1638.16
313536,9246904,2025-05-12,Wrong Item,1983.8
313537,9246938,2025-10-04,Damaged,2286.63
313538,9246945,2025-02-21,Quality Issue,1956.64
313539,9246958,2024-06-30,Quality Issue,7318.14
313540,9246962,2024-09-23,Wrong Item,279.7
313541,9246972,2024-05-19,Damaged,1462.6
313542,9247002,2024-07-31,Damaged,522.28
313543,9247024,2025-05-17,Late Delivery,2531.56
313544,9247025,2024-06-07,Late Delivery,889.08
313545,9247035,2025-11-11,Quality Issue,2773.24
313546,9247040,2024-11-13,Damaged,1837.89
313547,9247055,2024-11-17,Changed Mind,1900.7
313548,9247074,2024-01-08,Damaged,42806.7
313549,9247087,2024-04-10,Wrong Item,1179.47
313550,9247089,2025-03-15,Late Delivery,3124.87
313551,9247111,2024-03-15,Damaged,14049.74
313552,9247114,2025-06-13,Changed Mind,1398.38
313553,9247117,2024-01-13,Late Delivery,678.73
313554,9247122,2024-08-17,Quality Issue,10780.23
313555,9247134,2024-05-10,Late Delivery,5653.61
313556,9247135,2024-03-07,Damaged,952.87
313557,9247148,2025-04-12,Damaged,1184.81
313558,9247166,2024-05-05,Wrong Item,3564.86
313559,9247205,2024-07-01,Changed Mind,557.41
313560,9247206,2025-01-09,Wrong Item,1846.51
313561,9247209,2025-04-20,Wrong Item,2094.6
313562,9247222,2024-11-13,Late Delivery,3675.49
313563,9247257,2024-07-23,Damaged,8537.56
313564,9247289,2025-06-22,Damaged,489.66
313565,9247293,2025-01-10,Damaged,1221.66
313566,9247295,2024-12-22,Changed Mind,2038.68
313567,9247299,2024-05-02,Changed Mind,1002.01
313568,9247321,2025-02-01,Damaged,195.28
313569,9247340,2024-04-15,Late Delivery,991.87
313570,9247344,2025-02-17,Quality Issue,2059.41
313571,9247359,2025-11-06,Quality Issue,1068.07
313572,9247369,2024-05-17,Late Delivery,47760.16
313573,9247449,2024-06-20,Wrong Item,682.08
313574,9247452,2025-09-02,Late Delivery,8264.06
313575,9247490,2025-03-15,Quality Issue,37413.28
313576,9247529,2024-12-20,Damaged,3070.75
313577,9247534,2025-06-04,Wrong Item,1001.84
313578,9247550,2025-12-14,Changed Mind,157.58
313579,9247631,2024-11-21,Changed Mind,11296.34
313580,9247673,2025-11-12,Changed Mind,1931.96
313581,9247676,2025-05-16,Quality Issue,3161.48
313582,9247687,2024-11-08,Damaged,1078.74
313583,9247722,2025-04-10,Quality Issue,8607.4
313584,9247728,2024-06-24,Quality Issue,4663.78
313585,9247729,2025-06-26,Quality Issue,1458.88
313586,9247731,2024-02-13,Damaged,6084.09
313587,9247742,2025-11-18,Quality Issue,1103.11
313588,9247759,2025-10-20,Quality Issue,9077.01
313589,9247786,2024-04-05,Quality Issue,1775.31
313590,9247794,2024-09-20,Quality Issue,1466.65
313591,9247820,2024-07-02,Quality Issue,30355.17
313592,9247821,2024-06-17,Changed Mind,425.97
313593,9247823,2025-11-05,Wrong Item,1530.23
313594,9247825,2025-12-18,Damaged,1407.8
313595,9247834,2024-03-27,Changed Mind,2171.19
313596,9247835,2025-11-28,Changed Mind,2784.42
313597,9247914,2024-11-01,Late Delivery,9400.46
313598,9247923,2025-06-11,Damaged,3676.71
313599,9247928,2025-10-21,Quality Issue,583.0
313600,9247939,2025-01-20,Quality Issue,434.44
313601,9247957,2025-05-22,Changed Mind,1179.79
313602,9247987,2025-01-21,Quality Issue,2784.37
313603,9247997,2025-03-08,Wrong Item,314.91
313604,9248033,2025-06-01,Damaged,428.76
313605,9248035,2025-05-12,Late Delivery,2122.33
313606,9248040,2025-09-12,Quality Issue,2445.11
313607,9248066,2025-09-22,Late Delivery,1435.74
313608,9248070,2025-09-02,Late Delivery,1625.98
313609,9248091,2024-09-14,Quality Issue,2180.42
313610,9248094,2025-09-17,Quality Issue,1955.12
313611,9248095,2024-02-04,Late Delivery,15066.43
313612,9248096,2024-04-13,Damaged,706.45
313613,9248153,2024-10-22,Damaged,1839.71
313614,9248194,2025-07-13,Wrong Item,1085.34
313615,9248199,2024-06-29,Late Delivery,932.05
313616,9248222,2025-08-30,Changed Mind,792.2
313617,9248249,2024-04-27,Late Delivery,1312.97
313618,9248265,2024-02-18,Damaged,444.37
313619,9248303,2025-03-16,Changed Mind,16729.72
313620,9248312,2025-08-29,Damaged,1847.0
313621,9248360,2024-11-30,Late Delivery,1179.47
313622,9248379,2024-06-01,Changed Mind,947.5
313623,9248399,2025-03-13,Damaged,10658.2
313624,9248451,2024-09-05,Changed Mind,7704.1
313625,9248458,2024-06-13,Changed Mind,2691.52
313626,9248496,2025-10-19,Changed Mind,1317.47
313627,9248511,2025-10-01,Damaged,9815.93
313628,9248523,2024-06-22,Damaged,390.58
313629,9248548,2025-10-10,Damaged,756.12
313630,9248562,2024-10-09,Changed Mind,1955.5
313631,9248568,2025-11-29,Quality Issue,620.59
313632,9248570,2024-11-03,Wrong Item,17446.56
313633,9248598,2025-06-02,Late Delivery,991.87
313634,9248608,2025-09-09,Wrong Item,730.01
313635,9248616,2024-03-14,Wrong Item,6097.79
313636,9248631,2024-09-30,Late Delivery,1216.48
313637,9248681,2024-05-24,Damaged,7787.66
313638,9248705,2025-09-29,Wrong Item,451.56
313639,9248706,2024-09-07,Damaged,1121.65
313640,9248720,2024-01-23,Wrong Item,267.3
313641,9248721,2025-03-27,Late Delivery,1228.53
313642,9248761,2025-04-12,Damaged,611.7
313643,9248777,2024-06-18,Quality Issue,7590.8
313644,9248787,2025-03-20,Late Delivery,1956.69
313645,9248802,2024-11-29,Quality Issue,2672.04
313646,9248825,2025-12-05,Changed Mind,1278.83
313647,9248826,2024-08-01,Changed Mind,44206.41
313648,9248875,2025-10-01,Changed Mind,1421.77
313649,9248887,2024-05-06,Wrong Item,1650.89
313650,9248904,2025-09-17,Damaged,421.39
313651,9248915,2024-02-04,Quality Issue,226.29
313652,9248930,2024-02-02,Late Delivery,1332.36
313653,9248997,2025-07-14,Changed Mind,880.0
313654,9249006,2024-04-09,Quality Issue,9544.42
313655,9249042,2024-07-08,Changed Mind,537.71
313656,9249043,2024-02-02,Wrong Item,471.28
313657,9249064,2025-04-23,Wrong Item,882.78
313658,9249066,2025-10-25,Quality Issue,12685.73
313659,9249111,2024-05-25,Wrong Item,90119.36
313660,9249119,2025-05-26,Quality Issue,8771.65
313661,9249187,2024-09-13,Damaged,1949.61
313662,9249189,2025-06-23,Damaged,5998.97
313663,9249211,2024-01-21,Damaged,2910.17
313664,9249254,2024-01-16,Wrong Item,1250.64
313665,9249255,2025-01-07,Wrong Item,4385.83
313666,9249265,2025-06-26,Changed Mind,498.55
313667,9249267,2025-11-04,Changed Mind,244.69
313668,9249270,2024-07-31,Damaged,528.42
313669,9249289,2025-02-03,Damaged,1850.36
313670,9249339,2025-11-15,Quality Issue,542.58
313671,9249365,2025-05-05,Changed Mind,4326.39
313672,9249403,2025-12-27,Late Delivery,3452.2
313673,9249413,2024-09-20,Late Delivery,41835.38
313674,9249485,2024-05-17,Late Delivery,1275.51
313675,9249508,2025-03-03,Damaged,610.63
313676,9249509,2024-08-05,Quality Issue,922.02
313677,9249512,2025-06-05,Late Delivery,2068.16
313678,9249543,2024-11-25,Damaged,15257.07
313679,9249566,2025-09-14,Wrong Item,712.27
313680,9249576,2024-11-11,Wrong Item,16974.64
313681,9249578,2024-11-12,Quality Issue,1540.87
313682,9249655,2025-06-10,Changed Mind,887.88
313683,9249702,2025-11-14,Damaged,1846.13
313684,9249727,2024-02-24,Changed Mind,813.63
313685,9249745,2025-09-29,Changed Mind,2775.77
313686,9249763,2024-08-31,Wrong Item,6675.51
313687,9249764,2025-10-05,Quality Issue,4004.23
313688,9249776,2024-12-24,Changed Mind,3456.82
313689,9249780,2024-04-30,Late Delivery,1541.73
313690,9249785,2024-06-28,Late Delivery,4037.99
313691,9249786,2024-09-17,Damaged,1200.56
313692,9249789,2024-06-02,Changed Mind,10166.71
313693,9249801,2025-06-10,Late Delivery,2452.62
313694,9249837,2025-03-09,Quality Issue,4857.04
313695,9249875,2025-04-16,Damaged,1633.5
313696,9249880,2025-12-08,Wrong Item,12376.37
313697,9249922,2024-12-23,Wrong Item,1708.52
313698,9249951,2025-05-26,Quality Issue,20333.41
313699,9249974,2024-06-22,Quality Issue,1514.52
313700,9249998,2024-11-28,Late Delivery,322.04
313701,9250028,2024-06-27,Wrong Item,322.69
313702,9250043,2026-01-07,Wrong Item,2189.28
313703,9250053,2025-08-06,Quality Issue,108.15
313704,9250056,2025-04-11,Late Delivery,3895.15
313705,9250070,2025-06-16,Quality Issue,895.1
313706,9250089,2025-01-13,Changed Mind,5015.22
313707,9250134,2024-08-26,Wrong Item,1340.23
313708,9250143,2024-12-03,Changed Mind,51000.88
313709,9250171,2024-03-26,Quality Issue,1048.39
313710,9250172,2025-06-15,Quality Issue,12912.75
313711,9250237,2025-09-07,Damaged,1776.98
313712,9250251,2024-04-03,Late Delivery,2505.87
313713,9250253,2024-08-21,Changed Mind,663.92
313714,9250279,2025-11-09,Damaged,581.68
313715,9250302,2025-12-07,Quality Issue,5519.9
313716,9250306,2024-06-18,Changed Mind,496.17
313717,9250312,2025-07-11,Damaged,7719.24
313718,9250320,2024-11-29,Wrong Item,7855.26
313719,9250338,2024-07-26,Damaged,31312.84
313720,9250342,2025-10-13,Late Delivery,1002.01
313721,9250377,2024-12-26,Wrong Item,1419.01
313722,9250397,2025-09-17,Changed Mind,694.33
313723,9250410,2024-10-03,Wrong Item,385.12
313724,9250433,2025-09-15,Quality Issue,814.5
313725,9250434,2024-02-08,Wrong Item,925.06
313726,9250451,2025-08-03,Quality Issue,4144.94
313727,9250465,2024-02-05,Changed Mind,21453.18
313728,9250468,2025-03-29,Late Delivery,893.52
313729,9250470,2024-06-06,Damaged,589.13
313730,9250491,2025-11-11,Changed Mind,4025.97
313731,9250500,2024-10-18,Quality Issue,303.28
313732,9250516,2024-01-25,Changed Mind,926.32
313733,9250524,2024-06-22,Wrong Item,3080.83
313734,9250587,2025-01-17,Late Delivery,1218.29
313735,9250649,2025-09-10,Changed Mind,142.62
313736,9250665,2024-04-01,Late Delivery,5466.28
313737,9250668,2025-04-23,Damaged,3185.04
313738,9250681,2025-06-17,Late Delivery,54786.03
313739,9250735,2024-01-25,Changed Mind,1408.39
313740,9250759,2025-03-07,Wrong Item,3745.04
313741,9250783,2025-11-11,Quality Issue,1993.01
313742,9250819,2025-02-19,Quality Issue,2088.99
313743,9250846,2024-08-06,Damaged,394.94
313744,9250861,2025-06-03,Wrong Item,1670.4
313745,9250875,2025-01-07,Wrong Item,15395.08
313746,9250880,2024-02-07,Changed Mind,2835.87
313747,9250888,2025-01-01,Late Delivery,1028.42
313748,9250921,2024-06-19,Damaged,3359.55
313749,9250925,2025-01-08,Changed Mind,6750.9
313750,9250926,2024-06-26,Damaged,87813.54
313751,9250933,2024-11-19,Quality Issue,859.34
313752,9250936,2025-08-01,Changed Mind,2858.0
313753,9250945,2025-05-12,Quality Issue,1273.66
313754,9250952,2025-01-04,Changed Mind,1690.22
313755,9250974,2024-07-10,Quality Issue,734.63
313756,9251063,2025-06-27,Quality Issue,18457.72
313757,9251069,2024-05-07,Wrong Item,2302.47
313758,9251073,2025-01-15,Wrong Item,2274.15
313759,9251130,2025-06-28,Changed Mind,446.78
313760,9251131,2025-07-29,Wrong Item,460.66
313761,9251136,2025-10-25,Changed Mind,340.2
313762,9251150,2024-01-30,Damaged,462.18
313763,9251166,2025-03-21,Late Delivery,2334.93
313764,9251193,2025-07-20,Late Delivery,2113.91
313765,9251198,2024-09-07,Damaged,5214.32
313766,9251248,2024-12-18,Quality Issue,1123.82
313767,9251256,2024-02-18,Wrong Item,19269.89
313768,9251261,2024-12-13,Quality Issue,622.1
313769,9251300,2025-07-19,Quality Issue,1119.63
313770,9251301,2025-02-03,Late Delivery,3939.69
313771,9251303,2025-10-18,Quality Issue,367.33
313772,9251321,2024-11-06,Damaged,1431.87
313773,9251327,2025-12-03,Quality Issue,87280.48
313774,9251342,2024-12-17,Damaged,13249.03
313775,9251364,2025-01-25,Damaged,649.56
313776,9251380,2024-05-14,Late Delivery,1810.62
313777,9251384,2025-07-25,Late Delivery,10786.9
313778,9251402,2025-09-21,Wrong Item,1052.4
313779,9251411,2025-05-07,Damaged,16549.9
313780,9251438,2024-05-23,Damaged,4339.98
313781,9251464,2025-11-15,Damaged,514.75
313782,9251468,2025-12-16,Quality Issue,1671.16
313783,9251475,2025-07-13,Quality Issue,615.85
313784,9251481,2024-03-26,Changed Mind,443.94
313785,9251485,2025-04-09,Changed Mind,8063.12
313786,9251513,2025-01-20,Late Delivery,4109.25
313787,9251539,2024-11-04,Quality Issue,1605.29
313788,9251556,2025-06-23,Late Delivery,2863.64
313789,9251565,2024-04-19,Late Delivery,1943.9
313790,9251604,2024-07-09,Wrong Item,4142.8
313791,9251609,2024-11-03,Wrong Item,6804.65
313792,9251645,2024-06-15,Changed Mind,2017.42
313793,9251652,2025-10-07,Changed Mind,1423.74
313794,9251655,2025-02-21,Damaged,5774.29
313795,9251665,2024-12-30,Late Delivery,564.23
313796,9251684,2025-03-13,Changed Mind,4736.6
313797,9251695,2024-06-07,Quality Issue,712.05
313798,9251731,2025-05-20,Late Delivery,753.46
313799,9251752,2024-07-25,Damaged,2826.85
313800,9251756,2024-08-17,Late Delivery,100629.56
313801,9251767,2025-05-02,Wrong Item,1716.54
313802,9251780,2025-09-13,Quality Issue,424.25
313803,9251863,2024-04-01,Damaged,1055.67
313804,9251891,2026-01-03,Wrong Item,5928.0
313805,9251904,2025-11-27,Changed Mind,10458.85
313806,9251917,2025-02-24,Damaged,408.95
313807,9251931,2024-08-30,Changed Mind,1004.97
313808,9251935,2024-08-04,Wrong Item,10373.72
313809,9251941,2024-12-11,Wrong Item,682.46
313810,9251951,2025-05-26,Changed Mind,9590.84
313811,9251983,2025-08-14,Wrong Item,1531.74
313812,9251999,2024-06-15,Quality Issue,19462.89
313813,9252012,2025-05-05,Late Delivery,5332.91
313814,9252038,2025-05-26,Late Delivery,4943.66
313815,9252041,2025-01-28,Wrong Item,3750.99
313816,9252061,2025-04-28,Late Delivery,1380.54
313817,9252073,2025-10-31,Wrong Item,2026.29
313818,9252097,2025-01-17,Late Delivery,2172.86
313819,9252100,2025-02-21,Late Delivery,415.48
313820,9252161,2024-04-11,Late Delivery,1748.45
313821,9252167,2025-10-05,Changed Mind,2482.85
313822,9252175,2025-07-05,Wrong Item,14961.46
313823,9252176,2024-10-19,Changed Mind,2250.41
313824,9252189,2024-08-24,Late Delivery,75554.72
313825,9252213,2024-05-11,Damaged,710.18
313826,9252260,2025-09-09,Late Delivery,4970.14
313827,9252264,2024-05-14,Late Delivery,399.79
313828,9252277,2025-09-12,Late Delivery,883.36
313829,9252284,2025-01-18,Changed Mind,587.54
313830,9252287,2024-07-30,Wrong Item,6189.4
313831,9252307,2025-10-16,Changed Mind,992.87
313832,9252325,2025-03-03,Quality Issue,306.1
313833,9252326,2024-10-18,Quality Issue,1224.72
313834,9252338,2024-05-03,Late Delivery,2478.19
313835,9252349,2024-10-29,Late Delivery,2394.42
313836,9252351,2024-07-12,Quality Issue,1869.46
313837,9252365,2025-07-17,Changed Mind,1043.38
313838,9252377,2025-02-05,Quality Issue,2324.28
313839,9252401,2025-02-24,Changed Mind,3130.34
313840,9252424,2024-02-29,Late Delivery,20849.11
313841,9252432,2024-09-09,Damaged,3903.66
313842,9252444,2025-06-03,Quality Issue,3421.47
313843,9252464,2024-04-12,Damaged,3779.28
313844,9252468,2025-05-22,Wrong Item,5210.49
313845,9252470,2024-06-28,Late Delivery,2286.4
313846,9252502,2024-03-08,Late Delivery,2154.59
313847,9252513,2024-12-21,Damaged,2010.5
313848,9252554,2025-03-27,Changed Mind,5599.37
313849,9252560,2024-03-21,Late Delivery,514.85
313850,9252591,2024-11-18,Damaged,930.18
313851,9252592,2025-12-03,Late Delivery,620.06
313852,9252596,2024-09-20,Quality Issue,18578.03
313853,9252616,2024-08-22,Changed Mind,2812.63
313854,9252624,2025-05-02,Damaged,1226.37
313855,9252653,2024-10-15,Damaged,1289.71
313856,9252682,2026-01-05,Damaged,382.73
313857,9252687,2025-05-15,Late Delivery,1906.69
313858,9252716,2024-11-11,Quality Issue,1420.25
313859,9252719,2025-12-25,Late Delivery,14293.38
313860,9252720,2025-09-21,Damaged,3579.84
313861,9252736,2025-12-21,Damaged,757.67
313862,9252782,2024-05-02,Wrong Item,2353.22
313863,9252795,2025-03-09,Quality Issue,3929.5
313864,9252796,2024-06-04,Changed Mind,2036.95
313865,9252808,2025-11-28,Late Delivery,1821.12
313866,9252833,2025-03-09,Changed Mind,5800.61
313867,9252836,2024-08-01,Quality Issue,408.46
313868,9252845,2024-04-02,Quality Issue,1800.27
313869,9252901,2024-08-16,Damaged,473.8
313870,9252917,2025-02-26,Damaged,1685.03
313871,9252926,2025-11-23,Quality Issue,543.71
313872,9252973,2024-04-11,Changed Mind,4065.39
313873,9252983,2025-06-18,Late Delivery,542.67
313874,9252984,2025-03-26,Changed Mind,2986.4
313875,9252996,2025-07-08,Late Delivery,645.26
313876,9253031,2024-08-10,Quality Issue,10070.65
313877,9253074,2025-02-02,Damaged,24086.99
313878,9253085,2024-07-06,Changed Mind,52623.8
313879,9253093,2025-02-17,Wrong Item,272.08
313880,9253100,2025-06-14,Changed Mind,1054.89
313881,9253107,2024-07-02,Damaged,2961.0
313882,9253110,2025-10-12,Changed Mind,1833.12
313883,9253117,2025-10-21,Wrong Item,23095.84
313884,9253134,2024-09-05,Quality Issue,3626.81
313885,9253147,2024-03-08,Late Delivery,477.23
313886,9253150,2025-10-10,Damaged,1113.68
313887,9253175,2025-04-01,Wrong Item,274.94
313888,9253176,2024-06-21,Late Delivery,2088.17
313889,9253185,2025-08-21,Damaged,552.55
313890,9253189,2024-04-02,Damaged,499.89
313891,9253198,2024-04-27,Changed Mind,1758.29
313892,9253214,2024-04-05,Changed Mind,2348.24
313893,9253243,2024-05-29,Damaged,1563.08
313894,9253250,2025-09-13,Changed Mind,2080.91
313895,9253251,2025-09-20,Damaged,2455.52
313896,9253256,2024-09-15,Changed Mind,1754.01
313897,9253265,2025-10-05,Quality Issue,2342.87
313898,9253283,2024-04-25,Quality Issue,10154.36
313899,9253308,2024-11-20,Quality Issue,465.57
313900,9253324,2025-03-07,Changed Mind,4899.29
313901,9253350,2025-09-14,Changed Mind,881.26
313902,9253372,2024-02-07,Late Delivery,559.09
313903,9253374,2024-08-07,Damaged,751.79
313904,9253381,2024-12-02,Late Delivery,21842.77
313905,9253408,2025-02-20,Damaged,1557.74
313906,9253418,2025-06-17,Changed Mind,489.66
313907,9253486,2025-07-14,Quality Issue,1185.28
313908,9253499,2025-05-06,Late Delivery,20508.58
313909,9253503,2024-02-12,Late Delivery,1690.44
313910,9253512,2024-06-12,Changed Mind,397.61
313911,9253547,2025-10-08,Wrong Item,14542.12
313912,9253584,2024-05-28,Damaged,749.06
313913,9253590,2025-05-19,Quality Issue,3076.06
313914,9253623,2024-06-07,Quality Issue,1800.1
313915,9253667,2025-06-01,Wrong Item,2086.13
313916,9253673,2024-09-21,Late Delivery,526.2
313917,9253678,2025-01-21,Late Delivery,964.6
313918,9253691,2025-01-06,Quality Issue,1247.96
313919,9253695,2025-11-22,Changed Mind,460.17
313920,9253698,2024-04-17,Damaged,711.17
313921,9253700,2024-09-05,Wrong Item,964.6
313922,9253730,2025-04-20,Quality Issue,3919.79
313923,9253754,2024-05-04,Quality Issue,2268.18
313924,9253790,2024-10-17,Late Delivery,2092.27
313925,9253797,2024-11-05,Changed Mind,673.74
313926,9253828,2024-11-03,Quality Issue,4813.72
313927,9253849,2024-06-17,Damaged,9544.57
313928,9253910,2024-12-08,Quality Issue,795.02
313929,9253915,2024-12-25,Damaged,742.55
313930,9253971,2025-10-29,Damaged,642.37
313931,9253974,2025-10-12,Changed Mind,2357.42
313932,9253976,2025-03-11,Quality Issue,576.99
313933,9253981,2024-08-18,Late Delivery,687.11
313934,9253994,2025-05-06,Wrong Item,751.27
313935,9254003,2024-07-07,Changed Mind,647.78
313936,9254042,2025-04-11,Late Delivery,2528.62
313937,9254055,2024-05-05,Late Delivery,711.87
313938,9254073,2024-04-05,Wrong Item,5185.92
313939,9254119,2025-09-02,Late Delivery,2862.51
313940,9254149,2025-05-01,Late Delivery,353.3
313941,9254153,2024-04-10,Quality Issue,898.75
313942,9254192,2025-11-18,Wrong Item,2092.53
313943,9254199,2024-07-08,Quality Issue,753.82
313944,9254220,2025-01-12,Changed Mind,528.23
313945,9254251,2025-08-11,Damaged,2114.29
313946,9254269,2024-09-08,Wrong Item,7637.18
313947,9254343,2024-02-21,Changed Mind,1094.62
313948,9254354,2024-11-03,Changed Mind,337.0
313949,9254374,2025-12-23,Quality Issue,4492.36
313950,9254378,2025-09-18,Changed Mind,2441.3
313951,9254408,2024-02-05,Quality Issue,800.38
313952,9254419,2025-02-14,Late Delivery,3127.64
313953,9254443,2025-07-04,Changed Mind,1214.13
313954,9254467,2025-11-22,Quality Issue,336.81
313955,9254478,2024-09-02,Changed Mind,2368.53
313956,9254501,2025-04-19,Wrong Item,599.81
313957,9254515,2024-06-13,Damaged,1146.46
313958,9254525,2025-05-23,Late Delivery,460.08
313959,9254530,2024-12-22,Wrong Item,1199.01
313960,9254548,2025-05-30,Late Delivery,3650.72
313961,9254695,2025-10-19,Changed Mind,6080.25
313962,9254722,2025-01-27,Damaged,428.98
313963,9254723,2024-06-11,Quality Issue,1488.45
313964,9254744,2024-08-04,Changed Mind,581.68
313965,9254754,2025-09-26,Late Delivery,1239.09
313966,9254756,2024-09-02,Changed Mind,1913.19
313967,9254794,2025-02-23,Late Delivery,503.74
313968,9254802,2024-03-16,Changed Mind,3613.35
313969,9254805,2025-05-27,Quality Issue,613.04
313970,9254813,2025-02-19,Damaged,2912.32
313971,9254817,2024-03-01,Quality Issue,193.37
313972,9254836,2025-10-08,Wrong Item,4318.21
313973,9254839,2024-06-18,Late Delivery,19071.34
313974,9254855,2024-02-24,Wrong Item,714.45
313975,9254908,2024-04-15,Quality Issue,1106.97
313976,9254929,2024-08-03,Damaged,188.59
313977,9254944,2024-09-20,Changed Mind,543.36
313978,9254945,2025-05-01,Wrong Item,324.11
313979,9254957,2024-06-26,Damaged,817.33
313980,9254968,2025-04-08,Late Delivery,525.79
313981,9254984,2024-04-28,Wrong Item,3880.96
313982,9254989,2025-02-03,Wrong Item,1604.29
313983,9255013,2025-11-26,Late Delivery,460.43
313984,9255022,2024-08-20,Late Delivery,5004.26
313985,9255026,2025-07-02,Wrong Item,260.93
313986,9255044,2025-09-17,Wrong Item,2047.9
313987,9255057,2025-02-22,Damaged,415.14
313988,9255059,2024-04-27,Quality Issue,3689.78
313989,9255060,2024-06-15,Damaged,37114.72
313990,9255134,2025-09-23,Changed Mind,3081.74
313991,9255152,2024-05-10,Wrong Item,2017.17
313992,9255170,2025-09-02,Quality Issue,1002.02
313993,9255173,2025-06-29,Wrong Item,558.62
313994,9255191,2024-10-15,Quality Issue,3075.52
313995,9255202,2024-01-23,Wrong Item,7044.22
313996,9255208,2024-04-28,Late Delivery,1482.7
313997,9255214,2024-07-26,Changed Mind,2810.3
313998,9255217,2025-07-27,Wrong Item,1757.71
313999,9255232,2024-07-19,Quality Issue,1074.76
314000,9255240,2025-02-19,Wrong Item,450.83
314001,9255248,2025-12-08,Quality Issue,3364.99
314002,9255255,2024-06-07,Changed Mind,183.86
314003,9255284,2025-07-20,Changed Mind,2415.79
314004,9255298,2025-12-17,Late Delivery,4572.25
314005,9255301,2024-08-09,Late Delivery,10524.76
314006,9255308,2025-04-09,Quality Issue,538.77
314007,9255319,2024-09-01,Late Delivery,2299.86
314008,9255355,2024-09-26,Wrong Item,3496.87
314009,9255363,2024-05-02,Late Delivery,757.46
314010,9255397,2024-03-06,Damaged,1393.28
314011,9255402,2024-01-28,Changed Mind,491.28
314012,9255404,2025-07-20,Changed Mind,8381.25
314013,9255418,2024-12-16,Damaged,6842.94
314014,9255422,2025-03-02,Quality Issue,15305.66
314015,9255425,2024-07-20,Late Delivery,810.71
314016,9255442,2025-04-01,Changed Mind,2162.5
314017,9255443,2025-07-12,Wrong Item,1995.47
314018,9255452,2025-04-07,Damaged,4160.63
314019,9255466,2025-11-01,Wrong Item,918.44
314020,9255479,2025-10-22,Late Delivery,1579.54
314021,9255496,2024-07-24,Damaged,1471.26
314022,9255504,2025-05-04,Damaged,89.1
314023,9255547,2025-11-06,Quality Issue,1416.79
314024,9255555,2025-07-07,Changed Mind,35850.72
314025,9255585,2025-01-18,Late Delivery,1850.82
314026,9255636,2024-03-20,Changed Mind,1093.08
314027,9255643,2025-07-28,Quality Issue,1839.03
314028,9255656,2025-11-23,Late Delivery,50048.86
314029,9255665,2025-07-29,Late Delivery,1132.01
314030,9255676,2024-02-29,Damaged,1200.88
314031,9255679,2024-11-28,Late Delivery,2220.96
314032,9255686,2025-08-06,Late Delivery,2136.76
314033,9255709,2024-09-28,Wrong Item,1874.76
314034,9255727,2024-10-03,Late Delivery,2713.0
314035,9255741,2025-09-04,Damaged,555.14
314036,9255747,2025-03-14,Late Delivery,2646.4
314037,9255758,2024-05-03,Late Delivery,1010.97
314038,9255769,2025-07-05,Quality Issue,5185.68
314039,9255800,2024-03-30,Late Delivery,828.5
314040,9255809,2025-09-16,Damaged,912.42
314041,9255835,2025-02-06,Damaged,615.98
314042,9255845,2024-08-25,Quality Issue,44305.2
314043,9255859,2024-05-10,Quality Issue,5186.21
314044,9255863,2024-06-10,Quality Issue,3222.02
314045,9255884,2025-03-19,Changed Mind,10604.6
314046,9255888,2024-02-12,Changed Mind,779.21
314047,9255893,2024-06-08,Quality Issue,1006.64
314048,9255904,2024-08-10,Wrong Item,1959.21
314049,9255938,2025-08-31,Damaged,3731.96
314050,9255948,2025-12-27,Late Delivery,2569.79
314051,9255949,2024-02-05,Changed Mind,4381.66
314052,9255975,2025-02-15,Late Delivery,2031.7
314053,9255982,2025-06-23,Quality Issue,3691.53
314054,9256060,2024-08-03,Quality Issue,11892.37
314055,9256063,2025-11-20,Changed Mind,918.94
314056,9256094,2024-09-16,Quality Issue,661.14
314057,9256102,2025-06-24,Damaged,1803.76
314058,9256106,2024-12-18,Damaged,555.03
314059,9256111,2024-07-15,Quality Issue,2181.5
314060,9256144,2024-06-29,Changed Mind,72168.63
314061,9256183,2024-08-04,Quality Issue,5932.39
314062,9256192,2025-05-02,Damaged,4026.11
314063,9256200,2026-01-02,Quality Issue,748.0
314064,9256203,2024-01-10,Changed Mind,35660.9
314065,9256295,2024-08-08,Changed Mind,4083.88
314066,9256321,2024-05-14,Late Delivery,2856.78
314067,9256338,2025-07-31,Quality Issue,644.44
314068,9256358,2025-07-09,Damaged,970.1
314069,9256439,2024-03-31,Damaged,3222.02
314070,9256469,2025-11-24,Changed Mind,5583.18
314071,9256475,2025-06-21,Late Delivery,7036.88
314072,9256483,2024-04-03,Late Delivery,3830.51
314073,9256497,2024-07-24,Quality Issue,2189.34
314074,9256504,2025-07-23,Quality Issue,620.06
314075,9256507,2024-05-30,Wrong Item,113350.52
314076,9256508,2024-06-15,Changed Mind,3655.75
314077,9256512,2024-05-01,Quality Issue,2025.8
314078,9256566,2024-12-01,Wrong Item,1471.26
314079,9256585,2024-10-26,Quality Issue,1547.06
314080,9256593,2025-02-16,Late Delivery,1116.6
314081,9256605,2025-03-03,Quality Issue,11207.25
314082,9256607,2024-11-09,Quality Issue,749.06
314083,9256634,2024-06-01,Quality Issue,1631.83
314084,9256663,2024-02-03,Quality Issue,34107.49
314085,9256681,2024-07-19,Quality Issue,4483.7
314086,9256700,2025-05-02,Damaged,4027.08
314087,9256723,2024-01-15,Changed Mind,889.04
314088,9256728,2024-02-05,Late Delivery,5167.45
314089,9256768,2024-11-11,Wrong Item,9790.76
314090,9256780,2025-11-25,Damaged,3438.67
314091,9256812,2024-02-01,Damaged,1048.78
314092,9256817,2025-02-16,Changed Mind,404.62
314093,9256823,2024-01-21,Quality Issue,1814.57
314094,9256842,2025-01-10,Changed Mind,6222.28
314095,9256870,2024-08-23,Late Delivery,5057.23
314096,9256892,2024-05-12,Quality Issue,2762.78
314097,9256895,2024-06-22,Changed Mind,981.63
314098,9256914,2024-04-28,Wrong Item,2090.31
314099,9256922,2025-09-24,Damaged,2518.24
314100,9256930,2024-09-02,Wrong Item,634.69
314101,9256962,2025-09-18,Quality Issue,1636.39
314102,9256966,2025-05-03,Changed Mind,3181.18
314103,9256971,2024-03-10,Wrong Item,2809.42
314104,9256975,2024-11-01,Quality Issue,979.32
314105,9257002,2024-03-02,Late Delivery,6154.97
314106,9257013,2025-01-09,Damaged,10663.32
314107,9257058,2025-10-28,Changed Mind,3249.3
314108,9257072,2025-09-24,Late Delivery,1022.52
314109,9257087,2025-07-01,Changed Mind,942.97
314110,9257104,2024-01-18,Quality Issue,3181.47
314111,9257115,2025-01-14,Changed Mind,774.79
314112,9257191,2025-05-17,Changed Mind,1490.68
314113,9257205,2024-12-09,Wrong Item,460.66
314114,9257247,2025-06-03,Wrong Item,1986.2
314115,9257249,2024-08-16,Changed Mind,1549.15
314116,9257259,2025-10-01,Quality Issue,635.76
314117,9257286,2025-06-08,Late Delivery,10252.88
314118,9257307,2025-10-15,Damaged,3056.4
314119,9257308,2024-06-05,Changed Mind,1732.82
314120,9257324,2025-04-19,Changed Mind,1765.51
314121,9257388,2025-08-08,Changed Mind,3303.78
314122,9257395,2025-11-19,Changed Mind,11305.2
314123,9257398,2024-12-22,Damaged,1095.91
314124,9257443,2024-06-02,Wrong Item,551.74
314125,9257454,2024-07-19,Quality Issue,1610.22
314126,9257462,2024-02-03,Quality Issue,10445.95
314127,9257468,2025-07-12,Quality Issue,3932.51
314128,9257473,2024-04-07,Quality Issue,10967.25
314129,9257486,2025-09-12,Changed Mind,723.5
314130,9257566,2025-02-03,Wrong Item,1025.17
314131,9257568,2025-03-06,Late Delivery,4155.41
314132,9257575,2025-05-31,Wrong Item,353.3
314133,9257589,2024-06-19,Wrong Item,57420.41
314134,9257591,2024-04-10,Changed Mind,5615.44
314135,9257607,2025-06-27,Damaged,925.62
314136,9257626,2025-10-16,Late Delivery,992.81
314137,9257628,2025-09-21,Changed Mind,19378.91
314138,9257632,2024-07-21,Changed Mind,1293.67
314139,9257634,2024-03-27,Late Delivery,8538.6
314140,9257643,2024-04-24,Changed Mind,512.12
314141,9257658,2025-05-06,Quality Issue,7892.96
314142,9257660,2025-04-09,Changed Mind,2165.58
314143,9257661,2024-02-16,Late Delivery,514.11
314144,9257721,2024-04-26,Changed Mind,4255.92
314145,9257723,2026-01-05,Quality Issue,307.53
314146,9257755,2025-11-01,Changed Mind,735.76
314147,9257760,2025-02-03,Changed Mind,746.4
314148,9257770,2025-04-03,Quality Issue,3206.65
314149,9257803,2025-01-26,Changed Mind,3650.72
314150,9257805,2025-10-31,Late Delivery,2016.97
314151,9257808,2024-07-14,Changed Mind,2134.31
314152,9257815,2024-11-30,Damaged,342.58
314153,9257831,2025-10-28,Late Delivery,13500.23
314154,9257851,2025-10-12,Wrong Item,2286.94
314155,9257863,2025-02-25,Changed Mind,1541.13
314156,9257864,2024-07-29,Wrong Item,568.28
314157,9257897,2025-12-08,Damaged,717.87
314158,9257909,2024-03-25,Damaged,450.83
314159,9257918,2024-06-07,Late Delivery,1924.07
314160,9257926,2024-11-19,Quality Issue,6944.16
314161,9257928,2024-08-07,Quality Issue,3745.04
314162,9257932,2025-08-27,Quality Issue,8550.62
314163,9257946,2024-09-01,Changed Mind,2014.59
314164,9257956,2025-04-16,Changed Mind,7246.2
314165,9257975,2025-09-11,Damaged,3163.28
314166,9258008,2025-05-11,Changed Mind,1158.96
314167,9258011,2024-09-19,Late Delivery,1465.46
314168,9258024,2025-03-27,Changed Mind,2340.15
314169,9258051,2024-08-17,Wrong Item,3805.89
314170,9258066,2025-06-06,Quality Issue,1191.59
314171,9258082,2025-09-27,Changed Mind,5824.64
314172,9258129,2024-06-25,Quality Issue,315.65
314173,9258137,2024-05-03,Late Delivery,828.85
314174,9258143,2024-11-25,Quality Issue,23680.71
314175,9258161,2025-09-29,Quality Issue,813.07
314176,9258166,2024-10-19,Wrong Item,1053.86
314177,9258211,2024-10-30,Quality Issue,571.27
314178,9258215,2025-10-02,Quality Issue,399.06
314179,9258217,2024-03-02,Changed Mind,1265.18
314180,9258243,2024-03-16,Wrong Item,790.53
314181,9258251,2025-04-20,Late Delivery,545.24
314182,9258296,2024-01-17,Changed Mind,2057.73
314183,9258320,2024-03-11,Damaged,2796.26
314184,9258322,2024-02-12,Late Delivery,1441.9
314185,9258337,2024-03-05,Changed Mind,1956.81
314186,9258344,2025-08-13,Late Delivery,9877.8
314187,9258346,2025-08-30,Changed Mind,5295.21
314188,9258363,2024-09-05,Late Delivery,12498.15
314189,9258380,2024-04-27,Late Delivery,3494.24
314190,9258382,2024-01-22,Wrong Item,886.86
314191,9258387,2024-07-29,Damaged,3674.28
314192,9258414,2025-12-20,Quality Issue,20939.88
314193,9258417,2025-07-06,Late Delivery,4850.28
314194,9258426,2025-10-23,Late Delivery,23095.84
314195,9258439,2024-05-24,Changed Mind,197.66
314196,9258441,2025-07-20,Changed Mind,703.39
314197,9258442,2025-04-13,Damaged,3604.59
314198,9258444,2024-09-12,Damaged,478.4
314199,9258453,2024-02-04,Wrong Item,722.81
314200,9258475,2025-06-19,Late Delivery,625.23
314201,9258482,2024-02-16,Damaged,973.39
314202,9258485,2024-10-02,Wrong Item,800.07
314203,9258501,2024-12-03,Changed Mind,923.17
314204,9258511,2025-06-21,Late Delivery,1108.54
314205,9258537,2024-09-12,Quality Issue,779.32
314206,9258545,2024-10-23,Wrong Item,2609.84
314207,9258561,2024-11-04,Damaged,15773.76
314208,9258566,2024-03-31,Damaged,1949.09
314209,9258573,2024-11-06,Damaged,607.5
314210,9258598,2024-11-22,Quality Issue,635.81
314211,9258626,2024-12-28,Damaged,3518.44
314212,9258631,2024-01-31,Changed Mind,5501.03
314213,9258655,2024-02-10,Late Delivery,544.92
314214,9258675,2025-02-04,Changed Mind,521.69
314215,9258682,2025-06-15,Late Delivery,1646.56
314216,9258695,2024-09-11,Changed Mind,1855.18
314217,9258715,2025-11-18,Quality Issue,3939.42
314218,9258748,2025-02-15,Wrong Item,84.15
314219,9258757,2025-03-06,Wrong Item,1110.0
314220,9258856,2025-01-27,Wrong Item,2855.49
314221,9258857,2025-01-02,Damaged,3555.68
314222,9258862,2025-05-11,Wrong Item,3185.64
314223,9258910,2024-03-11,Late Delivery,1629.18
314224,9258921,2024-02-07,Changed Mind,1128.47
314225,9258928,2025-06-04,Damaged,7550.04
314226,9258945,2024-09-15,Late Delivery,1869.46
314227,9258979,2024-12-21,Late Delivery,3230.41
314228,9258984,2025-09-05,Quality Issue,1358.04
314229,9258995,2025-08-24,Wrong Item,2773.02
314230,9259019,2024-06-30,Quality Issue,18489.75
314231,9259022,2024-05-20,Damaged,33475.04
314232,9259070,2025-03-15,Wrong Item,938.53
314233,9259077,2024-06-17,Late Delivery,1801.45
314234,9259089,2024-01-23,Quality Issue,746.39
314235,9259100,2024-07-15,Damaged,1927.98
314236,9259132,2025-10-08,Wrong Item,2495.92
314237,9259202,2025-08-26,Damaged,1839.89
314238,9259212,2024-11-16,Wrong Item,1137.6
314239,9259240,2025-01-31,Quality Issue,433.89
314240,9259264,2025-02-04,Quality Issue,1891.34
314241,9259349,2025-07-04,Damaged,6557.0
314242,9259369,2025-10-02,Damaged,25070.27
314243,9259386,2025-06-03,Damaged,9763.68
314244,9259388,2024-03-23,Damaged,426.48
314245,9259423,2025-10-12,Quality Issue,3178.97
314246,9259435,2024-05-20,Late Delivery,460.08
314247,9259499,2024-11-30,Damaged,4838.56
314248,9259516,2024-03-16,Changed Mind,1871.28
314249,9259519,2024-02-04,Late Delivery,5779.89
314250,9259533,2025-04-26,Wrong Item,753.37
314251,9259534,2024-09-21,Wrong Item,109401.35
314252,9259535,2024-02-24,Changed Mind,1401.46
314253,9259538,2024-03-16,Changed Mind,1349.72
314254,9259591,2025-05-14,Quality Issue,1185.57
314255,9259600,2025-07-15,Quality Issue,5869.77
314256,9259631,2025-04-15,Wrong Item,18488.48
314257,9259641,2024-03-06,Quality Issue,169.34
314258,9259643,2025-07-30,Late Delivery,2557.37
314259,9259675,2024-11-17,Quality Issue,251.92
314260,9259688,2025-12-09,Late Delivery,381.01
314261,9259727,2025-06-28,Quality Issue,1123.82
314262,9259771,2025-01-03,Changed Mind,818.5
314263,9259792,2025-12-18,Late Delivery,3848.47
314264,9259809,2025-05-19,Wrong Item,3161.49
314265,9259820,2025-08-17,Late Delivery,1726.13
314266,9259831,2024-09-11,Damaged,1696.77
314267,9259856,2025-01-12,Damaged,15328.26
314268,9259875,2024-12-23,Changed Mind,41324.02
314269,9259893,2025-05-19,Late Delivery,1875.86
314270,9259897,2025-01-08,Wrong Item,4055.89
314271,9259902,2024-05-02,Changed Mind,32833.87
314272,9259912,2025-06-30,Changed Mind,1848.6
314273,9259925,2024-07-12,Changed Mind,2759.35
314274,9259939,2024-09-28,Quality Issue,268.72
314275,9259993,2024-05-23,Changed Mind,375.69
314276,9260019,2024-02-29,Wrong Item,1012.15
314277,9260038,2025-04-16,Changed Mind,7838.67
314278,9260039,2024-10-21,Changed Mind,591.61
314279,9260042,2024-03-17,Damaged,499.89
314280,9260113,2025-06-23,Wrong Item,659.78
314281,9260120,2025-01-20,Late Delivery,2997.52
314282,9260122,2025-11-11,Late Delivery,730.55
314283,9260168,2026-01-05,Changed Mind,948.13
314284,9260179,2024-11-17,Changed Mind,1540.87
314285,9260184,2024-07-01,Changed Mind,7093.2
314286,9260192,2024-04-11,Wrong Item,1046.5
314287,9260202,2024-10-17,Quality Issue,5977.48
314288,9260206,2024-05-13,Damaged,1171.44
314289,9260211,2025-02-06,Late Delivery,2690.3
314290,9260271,2025-09-14,Wrong Item,5737.8
314291,9260289,2025-09-24,Changed Mind,38298.36
314292,9260314,2025-05-02,Quality Issue,3159.01
314293,9260328,2025-11-05,Wrong Item,531.45
314294,9260337,2025-06-27,Changed Mind,8432.28
314295,9260348,2025-05-07,Changed Mind,3568.37
314296,9260354,2025-08-07,Wrong Item,2788.1
314297,9260358,2024-09-16,Late Delivery,2155.4
314298,9260362,2025-04-18,Damaged,48987.03
314299,9260367,2025-03-25,Changed Mind,46533.06
314300,9260429,2024-11-28,Quality Issue,12984.6
314301,9260442,2025-04-10,Wrong Item,349.65
314302,9260443,2024-09-28,Changed Mind,1418.08
314303,9260460,2024-08-11,Late Delivery,647.44
314304,9260466,2024-04-25,Late Delivery,6474.93
314305,9260482,2025-03-07,Late Delivery,2257.14
314306,9260489,2025-11-09,Damaged,5062.64
314307,9260494,2024-09-06,Changed Mind,555.68
314308,9260504,2025-02-22,Quality Issue,601.24
314309,9260506,2024-10-27,Wrong Item,3850.2
314310,9260532,2024-09-19,Wrong Item,593.17
314311,9260588,2025-12-28,Damaged,2530.66
314312,9260622,2024-03-01,Wrong Item,1481.8
314313,9260652,2024-03-24,Changed Mind,1184.28
314314,9260679,2025-12-12,Damaged,3772.26
314315,9260711,2025-06-01,Wrong Item,2133.42
314316,9260714,2025-09-07,Quality Issue,858.27
314317,9260715,2025-06-04,Damaged,714.45
314318,9260722,2024-06-10,Changed Mind,6655.58
314319,9260734,2024-06-23,Changed Mind,372.03
314320,9260735,2024-08-27,Damaged,447.58
314321,9260749,2025-11-27,Late Delivery,1115.86
314322,9260800,2025-01-04,Damaged,1251.45
314323,9260806,2024-08-08,Wrong Item,3386.08
314324,9260807,2025-05-25,Quality Issue,1552.7
314325,9260820,2024-09-16,Quality Issue,2829.22
314326,9260843,2024-06-16,Changed Mind,1288.88
314327,9260864,2025-03-24,Wrong Item,1247.96
314328,9260871,2024-05-01,Wrong Item,2882.86
314329,9260880,2025-10-26,Changed Mind,3923.8
314330,9260903,2024-10-01,Damaged,4483.7
314331,9260904,2024-08-06,Damaged,335.02
314332,9260959,2024-07-28,Quality Issue,579.74
314333,9261000,2025-08-28,Quality Issue,18369.26
314334,9261002,2024-04-03,Changed Mind,2315.48
314335,9261028,2024-08-29,Damaged,1412.64
314336,9261043,2024-11-20,Wrong Item,29716.51
314337,9261052,2025-10-11,Changed Mind,553.27
314338,9261067,2024-12-09,Wrong Item,666.78
314339,9261078,2025-01-28,Late Delivery,3207.94
314340,9261080,2024-11-27,Damaged,2195.93
314341,9261090,2024-06-24,Wrong Item,11679.89
314342,9261101,2025-10-08,Late Delivery,1469.28
314343,9261154,2025-12-13,Quality Issue,1690.22
314344,9261180,2025-06-01,Quality Issue,1238.64
314345,9261192,2025-10-23,Changed Mind,1178.71
314346,9261195,2024-03-25,Damaged,1431.82
314347,9261208,2025-09-05,Changed Mind,355.76
314348,9261247,2025-10-28,Late Delivery,1618.69
314349,9261251,2025-08-14,Wrong Item,792.02
314350,9261265,2025-12-14,Changed Mind,430.44
314351,9261287,2025-10-23,Changed Mind,968.27
314352,9261307,2024-12-11,Damaged,967.33
314353,9261316,2025-03-24,Damaged,683.03
314354,9261322,2025-11-13,Late Delivery,2334.18
314355,9261325,2024-03-24,Changed Mind,1298.38
314356,9261326,2025-04-28,Wrong Item,386.44
314357,9261396,2024-04-17,Quality Issue,1041.75
314358,9261399,2024-11-29,Quality Issue,15404.16
314359,9261414,2025-03-01,Damaged,14120.38
314360,9261425,2024-07-27,Late Delivery,3885.41
314361,9261432,2025-12-01,Late Delivery,2184.32
314362,9261435,2024-06-22,Damaged,2091.85
314363,9261444,2024-05-23,Wrong Item,4397.73
314364,9261447,2025-01-01,Quality Issue,3847.97
314365,9261461,2025-03-31,Quality Issue,3017.86
314366,9261467,2024-05-14,Damaged,12728.64
314367,9261508,2024-03-12,Damaged,5279.38
314368,9261542,2025-03-10,Quality Issue,3281.36
314369,9261557,2024-11-25,Changed Mind,592.53
314370,9261590,2025-08-05,Changed Mind,2697.46
314371,9261619,2024-07-01,Wrong Item,533.7
314372,9261663,2025-05-09,Damaged,1085.28
314373,9261673,2024-04-10,Quality Issue,574.75
314374,9261674,2025-12-16,Quality Issue,1200.03
314375,9261683,2025-10-17,Wrong Item,5217.94
314376,9261684,2025-10-09,Quality Issue,25915.61
314377,9261694,2025-03-18,Wrong Item,2741.5
314378,9261705,2025-06-17,Damaged,512.82
314379,9261737,2025-07-29,Quality Issue,1546.16
314380,9261744,2024-11-12,Late Delivery,1370.35
314381,9261752,2024-03-08,Wrong Item,266.45
314382,9261762,2024-12-13,Changed Mind,69836.61
314383,9261791,2025-02-10,Quality Issue,1753.7
314384,9261810,2025-03-25,Changed Mind,4696.48
314385,9261824,2025-07-09,Damaged,471.06
314386,9261836,2024-05-03,Late Delivery,14250.25
314387,9261837,2025-04-05,Changed Mind,4856.63
314388,9261846,2024-07-14,Late Delivery,2518.09
314389,9261848,2025-04-24,Quality Issue,7714.5
314390,9261869,2024-10-29,Late Delivery,30862.71
314391,9261888,2024-03-05,Late Delivery,2998.91
314392,9261914,2025-03-08,Quality Issue,1658.49
314393,9261936,2024-07-25,Damaged,3054.4
314394,9261963,2025-05-03,Wrong Item,2502.9
314395,9261973,2024-09-10,Quality Issue,3163.88
314396,9261984,2025-01-02,Changed Mind,2607.34
314397,9261997,2025-09-21,Late Delivery,26533.42
314398,9262003,2025-02-12,Late Delivery,4214.32
314399,9262013,2025-03-19,Changed Mind,497.96
314400,9262033,2024-11-09,Wrong Item,3317.63
314401,9262052,2024-11-02,Changed Mind,20019.78
314402,9262055,2025-10-03,Changed Mind,857.78
314403,9262069,2025-09-03,Late Delivery,811.64
314404,9262074,2024-08-25,Changed Mind,2350.12
314405,9262077,2024-06-02,Changed Mind,35444.16
314406,9262112,2024-05-31,Changed Mind,2912.32
314407,9262137,2024-02-21,Quality Issue,1141.49
314408,9262153,2025-12-22,Wrong Item,1102.8
314409,9262165,2025-07-06,Damaged,1126.75
314410,9262199,2025-11-24,Quality Issue,29365.72
314411,9262218,2025-07-16,Wrong Item,593.98
314412,9262222,2024-05-09,Quality Issue,5063.65
314413,9262256,2025-12-13,Quality Issue,1501.59
314414,9262309,2024-02-03,Late Delivery,463.41
314415,9262316,2025-06-11,Damaged,21266.82
314416,9262341,2024-10-13,Late Delivery,926.91
314417,9262350,2025-07-31,Changed Mind,1836.1
314418,9262362,2025-11-29,Late Delivery,9385.78
314419,9262379,2025-05-10,Changed Mind,75286.35
314420,9262386,2024-08-23,Wrong Item,7285.56
314421,9262410,2024-09-24,Late Delivery,974.3
314422,9262414,2024-07-30,Changed Mind,2030.87
314423,9262433,2024-02-19,Wrong Item,2847.58
314424,9262457,2026-01-13,Wrong Item,2045.83
314425,9262481,2024-11-21,Damaged,20917.69
314426,9262507,2024-01-15,Late Delivery,968.27
314427,9262528,2024-07-23,Changed Mind,3577.86
314428,9262543,2024-05-01,Changed Mind,2661.7
314429,9262555,2025-07-24,Wrong Item,1380.35
314430,9262556,2025-12-01,Wrong Item,3596.56
314431,9262559,2025-08-12,Late Delivery,1053.86
314432,9262565,2024-06-23,Quality Issue,2044.65
314433,9262580,2024-01-21,Wrong Item,1629.1
314434,9262601,2024-05-29,Wrong Item,1002.02
314435,9262606,2024-10-14,Changed Mind,2864.34
314436,9262611,2025-12-16,Damaged,2026.75
314437,9262615,2025-04-30,Changed Mind,3334.14
314438,9262621,2024-09-30,Late Delivery,4233.96
314439,9262622,2025-12-12,Changed Mind,5057.73
314440,9262629,2024-01-25,Damaged,424.2
314441,9262640,2025-05-13,Quality Issue,1087.42
314442,9262644,2025-05-07,Quality Issue,891.9
314443,9262660,2025-10-14,Damaged,6699.82
314444,9262663,2025-07-11,Damaged,2577.14
314445,9262673,2025-11-24,Changed Mind,408.98
314446,9262709,2025-11-20,Changed Mind,802.22
314447,9262712,2025-12-08,Late Delivery,782.5
314448,9262715,2025-05-03,Damaged,3927.63
314449,9262724,2024-01-18,Late Delivery,521.33
314450,9262738,2025-03-19,Changed Mind,795.02
314451,9262769,2024-11-20,Wrong Item,8057.44
314452,9262785,2025-07-18,Quality Issue,3878.91
314453,9262790,2026-01-05,Wrong Item,1626.91
314454,9262822,2025-02-26,Wrong Item,2979.81
314455,9262850,2025-02-17,Damaged,885.78
314456,9262862,2024-09-04,Changed Mind,924.35
314457,9262875,2025-09-10,Damaged,17698.8
314458,9262883,2025-09-29,Late Delivery,1653.21
314459,9262928,2025-11-04,Quality Issue,7533.22
314460,9262958,2025-06-21,Changed Mind,2155.85
314461,9262960,2024-11-07,Late Delivery,1457.23
314462,9262973,2025-02-03,Wrong Item,2463.52
314463,9262985,2024-08-28,Damaged,879.02
314464,9263031,2025-02-03,Changed Mind,3431.18
314465,9263035,2024-10-30,Damaged,936.05
314466,9263042,2024-11-18,Damaged,1765.56
314467,9263052,2024-12-02,Changed Mind,485.89
314468,9263056,2024-09-29,Quality Issue,1801.66
314469,9263063,2024-09-19,Late Delivery,1722.48
314470,9263069,2024-05-07,Changed Mind,2901.99
314471,9263078,2025-12-25,Quality Issue,648.22
314472,9263079,2024-04-14,Quality Issue,3662.55
314473,9263093,2024-03-15,Late Delivery,663.02
314474,9263096,2024-10-30,Quality Issue,5789.43
314475,9263145,2024-11-10,Damaged,3965.53
314476,9263153,2024-05-25,Quality Issue,1762.93
314477,9263162,2025-09-03,Wrong Item,1285.16
314478,9263163,2025-05-18,Damaged,1116.32
314479,9263173,2025-11-26,Wrong Item,5333.54
314480,9263190,2025-11-14,Late Delivery,3095.96
314481,9263197,2025-02-21,Changed Mind,6571.3
314482,9263237,2025-05-16,Wrong Item,549.32
314483,9263245,2025-09-21,Wrong Item,412.31
314484,9263246,2024-12-02,Damaged,2733.14
314485,9263257,2025-08-27,Wrong Item,1116.06
314486,9263266,2024-02-16,Damaged,3137.57
314487,9263273,2025-03-21,Damaged,980.47
314488,9263291,2024-01-26,Damaged,4334.39
314489,9263298,2025-05-04,Wrong Item,3159.01
314490,9263300,2025-06-16,Changed Mind,3052.25
314491,9263310,2024-08-02,Damaged,2278.91
314492,9263338,2024-03-18,Wrong Item,1142.22
314493,9263362,2024-09-21,Quality Issue,2823.94
314494,9263371,2025-07-02,Late Delivery,727.89
314495,9263374,2025-12-17,Changed Mind,442.26
314496,9263382,2024-06-02,Wrong Item,1653.21
314497,9263407,2024-08-24,Wrong Item,9146.52
314498,9263432,2024-03-22,Changed Mind,1361.64
314499,9263466,2025-03-31,Changed Mind,514.38
314500,9263470,2025-08-30,Late Delivery,423.85
314501,9263477,2024-04-27,Damaged,2375.5
314502,9263494,2025-12-25,Quality Issue,3791.52
314503,9263508,2024-10-24,Wrong Item,4963.77
314504,9263538,2025-06-13,Quality Issue,1894.23
314505,9263542,2025-01-13,Wrong Item,758.73
314506,9263565,2024-12-25,Quality Issue,1406.31
314507,9263569,2025-02-13,Quality Issue,6092.62
314508,9263581,2025-05-05,Damaged,3279.59
314509,9263632,2025-09-19,Changed Mind,511.73
314510,9263652,2025-06-17,Damaged,1871.28
314511,9263664,2025-02-24,Changed Mind,970.55
314512,9263708,2025-10-16,Damaged,3610.87
314513,9263713,2025-03-11,Changed Mind,91.93
314514,9263716,2024-12-15,Damaged,2967.14
314515,9263717,2025-10-03,Late Delivery,2165.58
314516,9263735,2024-07-21,Damaged,522.15
314517,9263745,2025-05-20,Quality Issue,6035.77
314518,9263774,2024-08-25,Changed Mind,11296.34
314519,9263775,2025-02-27,Damaged,2685.16
314520,9263803,2024-06-30,Damaged,23680.71
314521,9263828,2024-08-30,Changed Mind,259.57
314522,9263829,2024-08-22,Changed Mind,3379.81
314523,9263833,2025-04-12,Damaged,2384.68
314524,9263877,2025-09-17,Damaged,12498.15
314525,9263887,2024-04-09,Damaged,1186.48
314526,9263895,2024-03-06,Late Delivery,805.69
314527,9263900,2025-02-04,Changed Mind,8682.58
314528,9263916,2024-11-18,Changed Mind,3773.68
314529,9263935,2025-08-08,Changed Mind,5776.75
314530,9263937,2024-04-24,Damaged,1285.96
314531,9263947,2024-02-06,Wrong Item,34396.34
314532,9263963,2025-06-15,Changed Mind,497.28
314533,9264012,2025-03-16,Damaged,729.3
314534,9264014,2024-11-21,Wrong Item,1332.34
314535,9264035,2025-02-15,Late Delivery,1785.62
314536,9264039,2025-06-12,Late Delivery,515.02
314537,9264062,2025-07-12,Changed Mind,1223.88
314538,9264097,2025-07-10,Wrong Item,816.81
314539,9264103,2025-03-08,Changed Mind,3523.82
314540,9264125,2024-12-30,Changed Mind,1788.52
314541,9264128,2026-01-04,Quality Issue,646.54
314542,9264167,2024-07-25,Late Delivery,976.77
314543,9264181,2024-07-16,Late Delivery,6699.82
314544,9264187,2024-08-13,Wrong Item,1159.41
314545,9264195,2024-08-14,Damaged,1063.41
314546,9264197,2024-03-09,Damaged,645.48
314547,9264198,2025-09-25,Late Delivery,3000.11
314548,9264213,2024-09-09,Damaged,27855.86
314549,9264220,2024-04-06,Damaged,7209.18
314550,9264282,2025-03-08,Changed Mind,2752.27
314551,9264283,2024-09-15,Changed Mind,1499.52
314552,9264284,2024-03-10,Changed Mind,38489.94
314553,9264290,2025-10-12,Damaged,433.56
314554,9264300,2024-03-06,Late Delivery,4330.66
314555,9264311,2024-10-18,Quality Issue,5267.9
314556,9264350,2025-10-31,Quality Issue,74645.36
314557,9264360,2024-01-08,Wrong Item,3166.12
314558,9264364,2025-03-31,Wrong Item,842.18
314559,9264377,2024-07-07,Changed Mind,287.43
314560,9264384,2025-07-28,Damaged,12075.78
314561,9264386,2024-01-25,Changed Mind,5292.8
314562,9264387,2025-05-31,Damaged,7943.61
314563,9264405,2025-09-04,Changed Mind,108.77
314564,9264426,2024-01-25,Late Delivery,776.35
314565,9264436,2025-01-09,Wrong Item,2759.35
314566,9264438,2024-09-16,Late Delivery,377.93
314567,9264440,2024-08-20,Damaged,1094.56
314568,9264446,2024-07-30,Damaged,20809.53
314569,9264467,2025-05-25,Changed Mind,1800.27
314570,9264468,2025-09-05,Quality Issue,13286.44
314571,9264469,2025-05-24,Wrong Item,2379.01
314572,9264486,2024-02-06,Late Delivery,3601.3
314573,9264506,2024-04-19,Late Delivery,1086.89
314574,9264527,2025-06-21,Late Delivery,1268.75
314575,9264543,2025-01-14,Changed Mind,1997.68
314576,9264588,2024-07-06,Damaged,2555.08
314577,9264602,2025-11-06,Damaged,1898.12
314578,9264607,2024-02-09,Changed Mind,364.36
314579,9264618,2025-06-28,Damaged,2273.42
314580,9264626,2025-12-24,Damaged,9581.98
314581,9264644,2024-09-20,Quality Issue,1121.5
314582,9264657,2025-11-05,Wrong Item,3406.55
314583,9264665,2025-08-16,Changed Mind,2372.85
314584,9264680,2025-01-11,Damaged,70804.35
314585,9264694,2025-03-20,Changed Mind,4339.98
314586,9264695,2025-05-14,Changed Mind,1341.3
314587,9264700,2025-08-21,Wrong Item,3819.21
314588,9264706,2025-03-15,Wrong Item,1456.53
314589,9264723,2025-01-20,Quality Issue,4829.9
314590,9264746,2025-01-17,Wrong Item,801.84
314591,9264748,2024-12-11,Damaged,1447.21
314592,9264855,2025-12-02,Damaged,9098.8
314593,9264866,2025-06-12,Late Delivery,654.91
314594,9264891,2024-12-25,Quality Issue,783.58
314595,9264920,2024-10-08,Damaged,700.81
314596,9264935,2025-03-10,Damaged,946.94
314597,9264961,2025-02-05,Late Delivery,4381.66
314598,9264985,2024-10-11,Quality Issue,2713.48
314599,9265002,2024-10-03,Wrong Item,661.62
314600,9265015,2024-03-14,Wrong Item,263.27
314601,9265020,2025-11-17,Wrong Item,12985.0
314602,9265029,2024-08-30,Late Delivery,923.87
314603,9265039,2024-05-30,Changed Mind,3197.56
314604,9265063,2024-01-25,Late Delivery,3450.62
314605,9265064,2025-11-06,Quality Issue,55326.48
314606,9265078,2025-05-20,Quality Issue,2324.28
314607,9265089,2024-08-25,Quality Issue,820.34
314608,9265093,2024-05-31,Damaged,94.05
314609,9265105,2025-12-28,Late Delivery,4532.83
314610,9265106,2025-10-28,Late Delivery,2474.02
314611,9265144,2025-09-30,Wrong Item,4223.52
314612,9265173,2024-02-18,Wrong Item,26264.11
314613,9265182,2025-02-04,Changed Mind,796.16
314614,9265187,2025-08-05,Damaged,1213.78
314615,9265194,2024-04-10,Damaged,5375.5
314616,9265207,2024-09-04,Late Delivery,2454.29
314617,9265213,2025-01-18,Changed Mind,681.59
314618,9265220,2025-01-29,Late Delivery,1029.48
314619,9265227,2024-01-24,Wrong Item,3593.55
314620,9265269,2024-06-08,Quality Issue,3642.19
314621,9265276,2024-07-12,Late Delivery,802.74
314622,9265312,2025-08-13,Changed Mind,3200.86
314623,9265320,2024-02-08,Late Delivery,3702.26
314624,9265330,2025-11-17,Quality Issue,6323.63
314625,9265337,2025-04-07,Changed Mind,693.85
314626,9265353,2024-05-28,Damaged,923.17
314627,9265447,2024-08-31,Damaged,2352.87
314628,9265476,2025-08-16,Damaged,561.25
314629,9265486,2025-09-11,Late Delivery,2025.37
314630,9265505,2024-12-01,Quality Issue,751.3
314631,9265514,2025-11-26,Wrong Item,1786.4
314632,9265519,2025-07-30,Wrong Item,14203.03
314633,9265533,2024-09-05,Late Delivery,468.13
314634,9265544,2025-11-18,Late Delivery,2034.75
314635,9265546,2024-08-29,Quality Issue,737.34
314636,9265555,2024-04-09,Damaged,2152.76
314637,9265575,2025-04-28,Late Delivery,812.71
314638,9265583,2025-02-18,Changed Mind,747.33
314639,9265609,2024-05-15,Damaged,336.73
314640,9265620,2025-03-09,Late Delivery,2370.16
314641,9265648,2024-10-13,Damaged,1339.74
314642,9265657,2025-12-11,Wrong Item,1047.0
314643,9265661,2024-11-19,Wrong Item,2206.24
314644,9265679,2025-10-14,Late Delivery,4306.54
314645,9265708,2025-10-19,Changed Mind,364.08
314646,9265761,2025-04-18,Wrong Item,333.18
314647,9265762,2024-09-16,Changed Mind,2332.93
314648,9265869,2024-03-20,Late Delivery,156.22
314649,9265875,2024-04-07,Late Delivery,476.07
314650,9265879,2024-06-28,Changed Mind,357.42
314651,9265889,2024-04-02,Wrong Item,20261.34
314652,9265893,2024-10-03,Wrong Item,548.1
314653,9265904,2024-07-10,Damaged,3954.93
314654,9265946,2025-12-31,Changed Mind,2020.42
314655,9266006,2025-02-22,Wrong Item,2828.34
314656,9266045,2024-01-31,Damaged,1039.59
314657,9266049,2025-01-13,Changed Mind,19045.7
314658,9266096,2025-04-28,Changed Mind,1805.66
314659,9266098,2025-04-25,Damaged,985.1
314660,9266104,2025-05-24,Changed Mind,923.06
314661,9266108,2024-11-25,Wrong Item,362.29
314662,9266132,2025-06-03,Wrong Item,3124.87
314663,9266152,2024-05-24,Changed Mind,910.49
314664,9266155,2024-05-03,Late Delivery,1793.64
314665,9266158,2025-03-19,Quality Issue,2083.5
314666,9266193,2024-10-22,Quality Issue,538.71
314667,9266206,2024-07-12,Changed Mind,1257.52
314668,9266254,2024-04-23,Quality Issue,1003.02
314669,9266265,2025-02-03,Changed Mind,2179.7
314670,9266309,2024-12-14,Wrong Item,1224.12
314671,9266346,2026-01-01,Late Delivery,3375.42
314672,9266401,2026-01-04,Wrong Item,671.37
314673,9266422,2025-02-10,Quality Issue,710.02
314674,9266436,2024-01-25,Changed Mind,887.09
314675,9266439,2025-08-12,Changed Mind,169.34
314676,9266440,2024-01-22,Damaged,523.98
314677,9266452,2025-11-15,Quality Issue,515.02
314678,9266491,2024-08-11,Late Delivery,6322.95
314679,9266514,2024-01-30,Quality Issue,1396.26
314680,9266516,2024-11-23,Quality Issue,821.18
314681,9266519,2024-04-07,Wrong Item,1119.77
314682,9266540,2025-03-05,Wrong Item,10758.24
314683,9266565,2024-09-08,Changed Mind,2125.11
314684,9266566,2024-10-31,Changed Mind,821.23
314685,9266651,2025-07-19,Damaged,6104.57
314686,9266656,2025-04-06,Damaged,507.83
314687,9266663,2024-04-01,Quality Issue,1606.19
314688,9266700,2024-02-01,Damaged,2183.29
314689,9266716,2025-06-22,Damaged,7357.34
314690,9266717,2024-03-09,Changed Mind,1272.96
314691,9266729,2025-10-22,Quality Issue,391.25
314692,9266747,2024-01-26,Late Delivery,565.38
314693,9266779,2024-03-23,Late Delivery,1801.24
314694,9266794,2025-03-01,Late Delivery,2089.14
314695,9266802,2024-10-18,Damaged,8302.09
314696,9266804,2025-11-01,Quality Issue,2516.63
314697,9266817,2024-12-16,Quality Issue,684.51
314698,9266848,2025-03-21,Wrong Item,5358.27
314699,9266888,2024-12-15,Changed Mind,470.04
314700,9266891,2024-12-04,Wrong Item,3632.9
314701,9266894,2024-07-25,Late Delivery,2370.98
314702,9266910,2024-07-31,Wrong Item,2626.18
314703,9266919,2024-07-08,Wrong Item,2472.48
314704,9266952,2025-01-13,Quality Issue,12045.82
314705,9266960,2025-12-01,Changed Mind,1257.08
314706,9266962,2024-06-12,Damaged,870.6
314707,9266963,2024-10-09,Changed Mind,944.82
314708,9266965,2025-08-20,Late Delivery,810.71
314709,9266973,2024-02-06,Damaged,1033.01
314710,9266974,2024-02-28,Damaged,1356.6
314711,9267004,2025-05-15,Wrong Item,702.33
314712,9267060,2024-03-12,Wrong Item,4695.6
314713,9267088,2025-09-05,Late Delivery,1497.02
314714,9267094,2026-01-04,Wrong Item,6035.6
314715,9267106,2025-08-19,Wrong Item,18418.4
314716,9267125,2024-02-27,Quality Issue,2949.52
314717,9267137,2025-12-10,Quality Issue,1110.28
314718,9267145,2024-03-29,Changed Mind,581.68
314719,9267166,2025-06-23,Late Delivery,1750.68
314720,9267193,2024-09-20,Late Delivery,3818.59
314721,9267232,2025-03-23,Changed Mind,2233.45
314722,9267265,2025-08-02,Wrong Item,30656.52
314723,9267305,2024-04-08,Damaged,997.74
314724,9267307,2024-06-12,Damaged,2250.81
314725,9267321,2024-11-28,Wrong Item,812.3
314726,9267323,2024-07-30,Wrong Item,2629.68
314727,9267336,2025-11-27,Quality Issue,1851.57
314728,9267379,2025-02-17,Wrong Item,855.59
314729,9267382,2025-02-15,Late Delivery,6552.96
314730,9267397,2024-06-26,Late Delivery,4535.51
314731,9267413,2025-02-07,Damaged,5660.8
314732,9267436,2024-04-29,Late Delivery,769.25
314733,9267445,2024-05-24,Quality Issue,1297.26
314734,9267447,2024-03-01,Late Delivery,5210.32
314735,9267450,2025-04-23,Late Delivery,2244.29
314736,9267451,2024-06-09,Quality Issue,1381.39
314737,9267452,2025-06-18,Wrong Item,2122.33
314738,9267453,2025-09-02,Wrong Item,5586.41
314739,9267507,2025-06-29,Quality Issue,2249.78
314740,9267508,2025-04-05,Damaged,2914.77
314741,9267512,2025-02-13,Damaged,804.98
314742,9267516,2024-03-07,Late Delivery,6030.18
314743,9267528,2024-04-20,Wrong Item,578.68
314744,9267550,2024-03-31,Damaged,7797.71
314745,9267600,2025-09-13,Quality Issue,2839.76
314746,9267603,2025-08-25,Damaged,3630.8
314747,9267614,2025-07-29,Late Delivery,15522.71
314748,9267622,2024-03-21,Quality Issue,3861.69
314749,9267631,2024-10-19,Quality Issue,22727.4
314750,9267633,2024-12-19,Damaged,1119.38
314751,9267637,2024-09-21,Late Delivery,2913.07
314752,9267642,2024-12-19,Late Delivery,1297.02
314753,9267645,2024-03-22,Damaged,992.87
314754,9267652,2024-12-06,Wrong Item,2436.74
314755,9267666,2025-08-20,Damaged,1089.85
314756,9267694,2025-12-05,Damaged,1126.06
314757,9267700,2025-08-15,Late Delivery,1723.95
314758,9267739,2025-06-21,Wrong Item,462.42
314759,9267783,2024-12-23,Late Delivery,3320.16
314760,9267808,2024-08-29,Damaged,2518.71
314761,9267850,2025-06-25,Changed Mind,1775.31
314762,9267899,2025-09-06,Changed Mind,456.25
314763,9267947,2025-03-17,Late Delivery,1054.89
314764,9267973,2024-09-14,Changed Mind,4269.3
314765,9267977,2025-03-21,Changed Mind,3972.4
314766,9267981,2025-09-06,Changed Mind,5369.97
314767,9267983,2024-06-18,Wrong Item,839.69
314768,9267998,2024-06-14,Late Delivery,1761.02
314769,9268010,2025-12-02,Late Delivery,3373.36
314770,9268022,2025-06-18,Quality Issue,2629.59
314771,9268085,2025-01-04,Late Delivery,656.49
314772,9268092,2024-03-31,Wrong Item,930.16
314773,9268114,2025-11-25,Late Delivery,2829.38
314774,9268129,2025-11-21,Damaged,819.1
314775,9268136,2024-09-04,Quality Issue,1533.61
314776,9268166,2024-03-25,Wrong Item,303.06
314777,9268183,2024-07-12,Quality Issue,1399.51
314778,9268203,2025-01-28,Damaged,1001.1
314779,9268224,2024-07-10,Changed Mind,8180.25
314780,9268276,2024-06-19,Quality Issue,1345.12
314781,9268287,2024-05-21,Damaged,9023.48
314782,9268296,2024-06-28,Quality Issue,446.58
314783,9268299,2025-12-21,Late Delivery,151.64
314784,9268322,2025-06-14,Wrong Item,763.7
314785,9268351,2025-08-07,Late Delivery,75.71
314786,9268362,2025-06-22,Damaged,2250.81
314787,9268372,2025-04-06,Damaged,26415.48
314788,9268417,2024-03-27,Changed Mind,8427.23
314789,9268422,2025-07-10,Quality Issue,2610.87
314790,9268449,2024-02-13,Changed Mind,2075.63
314791,9268483,2024-09-20,Quality Issue,835.32
314792,9268501,2025-10-27,Quality Issue,458.8
314793,9268513,2024-01-27,Late Delivery,38410.58
314794,9268544,2024-04-01,Changed Mind,820.73
314795,9268551,2024-01-19,Damaged,1142.73
314796,9268569,2025-01-12,Changed Mind,811.12
314797,9268584,2024-12-28,Late Delivery,514.75
314798,9268600,2024-04-20,Damaged,834.74
314799,9268606,2025-03-31,Wrong Item,61609.75
314800,9268626,2024-02-14,Damaged,1414.69
314801,9268627,2026-01-01,Damaged,72168.63
314802,9268638,2024-06-11,Late Delivery,14141.12
314803,9268687,2025-01-08,Late Delivery,21740.73
314804,9268688,2024-09-01,Wrong Item,15066.43
314805,9268692,2026-01-06,Quality Issue,10419.58
314806,9268696,2024-07-08,Late Delivery,15177.58
314807,9268705,2024-12-23,Changed Mind,3864.64
314808,9268740,2025-05-23,Wrong Item,30800.65
314809,9268752,2024-07-31,Damaged,444.92
314810,9268765,2024-03-04,Damaged,3922.2
314811,9268812,2025-07-05,Late Delivery,5585.89
314812,9268831,2024-11-09,Wrong Item,621.68
314813,9268835,2025-07-16,Changed Mind,2569.79
314814,9268838,2024-03-09,Damaged,565.55
314815,9268860,2024-07-13,Wrong Item,17516.6
314816,9268865,2025-12-18,Damaged,7829.11
314817,9268889,2025-05-19,Changed Mind,288.46
314818,9268898,2024-12-18,Changed Mind,2219.56
314819,9268920,2025-04-03,Changed Mind,504.42
314820,9268926,2025-11-24,Wrong Item,136.28
314821,9268938,2025-02-12,Changed Mind,1176.04
314822,9268940,2024-01-07,Changed Mind,5778.08
314823,9268978,2025-05-13,Late Delivery,1522.32
314824,9268997,2024-04-21,Wrong Item,8157.7
314825,9268999,2024-12-30,Quality Issue,16435.81
314826,9269000,2024-10-11,Changed Mind,835.1
314827,9269005,2025-02-20,Late Delivery,2322.12
314828,9269006,2025-11-07,Wrong Item,589.35
314829,9269014,2024-11-24,Damaged,9157.32
314830,9269015,2025-11-30,Quality Issue,344.86
314831,9269018,2024-04-13,Damaged,2127.96
314832,9269041,2025-06-21,Damaged,1021.02
314833,9269069,2025-03-22,Damaged,349.9
314834,9269072,2025-11-23,Damaged,454.56
314835,9269090,2025-05-15,Wrong Item,1047.19
314836,9269130,2024-07-25,Wrong Item,4719.68
314837,9269147,2024-11-22,Changed Mind,274.66
314838,9269149,2026-01-11,Damaged,935.26
314839,9269157,2024-09-06,Wrong Item,1699.21
314840,9269190,2025-06-27,Wrong Item,4395.0
314841,9269209,2024-08-18,Late Delivery,2617.49
314842,9269231,2025-06-28,Quality Issue,5652.6
314843,9269271,2024-04-01,Damaged,2796.26
314844,9269281,2025-12-02,Damaged,8578.08
314845,9269294,2025-12-23,Late Delivery,722.5
314846,9269303,2025-02-09,Wrong Item,2646.68
314847,9269309,2025-12-27,Quality Issue,1617.21
314848,9269314,2024-09-19,Late Delivery,426.41
314849,9269317,2024-05-18,Changed Mind,2440.07
314850,9269365,2025-08-31,Damaged,1950.73
314851,9269390,2025-08-30,Wrong Item,1593.2
314852,9269419,2025-11-08,Late Delivery,2439.79
314853,9269424,2025-07-09,Damaged,44884.38
314854,9269451,2025-03-15,Wrong Item,3071.88
314855,9269469,2024-01-25,Damaged,4125.46
314856,9269486,2025-11-03,Wrong Item,3662.55
314857,9269516,2025-10-21,Damaged,3000.01
314858,9269550,2025-04-26,Changed Mind,1087.91
314859,9269555,2025-08-12,Late Delivery,2340.12
314860,9269621,2024-05-16,Wrong Item,9346.64
314861,9269641,2025-09-24,Changed Mind,3167.54
314862,9269650,2025-10-23,Wrong Item,55107.78
314863,9269677,2025-11-18,Changed Mind,1302.47
314864,9269678,2025-06-15,Quality Issue,2748.49
314865,9269697,2025-10-26,Damaged,8953.93
314866,9269738,2024-06-22,Quality Issue,440.69
314867,9269766,2025-04-19,Damaged,1481.8
314868,9269772,2025-09-02,Damaged,99.53
314869,9269795,2024-10-12,Wrong Item,35516.22
314870,9269831,2025-08-08,Quality Issue,2014.36
314871,9269849,2025-08-02,Quality Issue,4185.06
314872,9269881,2024-05-14,Wrong Item,2561.82
314873,9269884,2024-06-07,Wrong Item,1267.81
314874,9269888,2024-05-06,Quality Issue,7049.84
314875,9269898,2025-09-02,Damaged,3921.32
314876,9269916,2025-02-18,Wrong Item,18786.88
314877,9269926,2024-02-02,Late Delivery,482.0
314878,9269945,2024-09-13,Damaged,12373.26
314879,9269948,2025-12-19,Damaged,1672.34
314880,9269959,2025-02-16,Wrong Item,192.25
314881,9269968,2024-10-05,Damaged,1458.14
314882,9270005,2024-03-20,Changed Mind,1183.59
314883,9270025,2024-06-22,Damaged,4153.41
314884,9270026,2025-05-24,Quality Issue,536.2
314885,9270040,2025-05-21,Quality Issue,11421.42
314886,9270048,2025-01-15,Late Delivery,2212.04
314887,9270071,2025-06-18,Damaged,614.35
314888,9270086,2025-04-11,Late Delivery,2239.7
314889,9270106,2025-12-27,Quality Issue,549.36
314890,9270128,2025-03-17,Damaged,505.93
314891,9270138,2025-01-30,Quality Issue,33080.5
314892,9270156,2025-10-01,Damaged,394.22
314893,9270181,2025-02-10,Late Delivery,5607.18
314894,9270182,2025-12-14,Wrong Item,25157.39
314895,9270216,2024-06-19,Changed Mind,3179.03
314896,9270217,2025-12-26,Changed Mind,720.46
314897,9270270,2024-12-29,Damaged,1868.23
314898,9270275,2024-08-24,Wrong Item,756.3
314899,9270308,2025-12-06,Wrong Item,5440.22
314900,9270312,2025-04-17,Late Delivery,673.85
314901,9270327,2025-09-12,Quality Issue,2556.3
314902,9270346,2024-04-12,Late Delivery,1996.41
314903,9270379,2024-04-13,Quality Issue,1168.4
314904,9270388,2024-04-05,Damaged,3692.25
314905,9270389,2024-07-16,Changed Mind,18369.26
314906,9270395,2025-09-05,Late Delivery,4132.27
314907,9270396,2024-06-12,Late Delivery,2813.48
314908,9270418,2024-07-24,Damaged,2006.08
314909,9270428,2024-05-10,Quality Issue,11559.77
314910,9270496,2025-02-21,Wrong Item,3084.59
314911,9270515,2024-04-29,Wrong Item,12788.81
314912,9270528,2025-09-18,Late Delivery,2796.26
314913,9270537,2024-01-18,Wrong Item,1323.67
314914,9270539,2025-07-09,Changed Mind,12887.43
314915,9270549,2024-12-29,Wrong Item,846.48
314916,9270564,2024-04-12,Quality Issue,2202.85
314917,9270594,2025-11-11,Late Delivery,522.13
314918,9270612,2024-04-16,Quality Issue,1603.3
314919,9270649,2025-06-06,Wrong Item,1037.24
314920,9270664,2025-09-14,Changed Mind,829.03
314921,9270668,2025-05-22,Late Delivery,8432.28
314922,9270671,2025-09-14,Changed Mind,628.43
314923,9270710,2025-11-01,Wrong Item,1925.1
314924,9270739,2025-11-27,Damaged,1944.11
314925,9270756,2025-11-20,Damaged,7640.3
314926,9270763,2024-04-26,Damaged,770.86
314927,9270775,2024-07-30,Wrong Item,257.83
314928,9270804,2024-09-22,Wrong Item,2888.26
314929,9270822,2024-12-05,Late Delivery,38218.16
314930,9270837,2024-06-05,Changed Mind,2811.84
314931,9270850,2025-11-27,Wrong Item,1095.46
314932,9270863,2024-02-03,Wrong Item,1331.1
314933,9270945,2026-01-08,Quality Issue,506.95
314934,9270986,2024-09-21,Quality Issue,2409.68
314935,9270993,2025-06-16,Damaged,3626.35
314936,9271000,2024-10-19,Changed Mind,6497.23
314937,9271005,2025-02-27,Quality Issue,526.73
314938,9271050,2024-10-19,Wrong Item,667.77
314939,9271060,2024-10-01,Quality Issue,1244.73
314940,9271120,2025-02-05,Quality Issue,15569.25
314941,9271127,2025-06-27,Changed Mind,406.4
314942,9271130,2025-05-04,Changed Mind,1307.4
314943,9271146,2025-01-23,Wrong Item,1134.33
314944,9271154,2025-06-11,Late Delivery,788.01
314945,9271193,2025-04-06,Late Delivery,248.64
314946,9271226,2024-02-09,Wrong Item,995.2
314947,9271231,2025-01-04,Changed Mind,5789.24
314948,9271244,2024-04-02,Quality Issue,1609.58
314949,9271265,2024-08-10,Quality Issue,144.3
314950,9271292,2024-04-04,Quality Issue,3626.28
314951,9271300,2024-08-21,Wrong Item,338.21
314952,9271320,2025-02-23,Changed Mind,198.0
314953,9271325,2024-11-04,Late Delivery,1801.32
314954,9271326,2025-05-20,Late Delivery,2967.14
314955,9271347,2026-01-08,Damaged,17983.88
314956,9271352,2025-06-26,Quality Issue,1368.87
314957,9271354,2024-09-23,Quality Issue,799.07
314958,9271357,2024-08-22,Late Delivery,1057.95
314959,9271358,2025-06-10,Quality Issue,3249.3
314960,9271382,2026-01-04,Late Delivery,2451.18
314961,9271395,2024-02-02,Damaged,409.82
314962,9271399,2024-09-04,Quality Issue,968.27
314963,9271404,2025-09-25,Changed Mind,10591.94
314964,9271443,2024-10-04,Changed Mind,8791.44
314965,9271447,2024-05-04,Damaged,1699.21
314966,9271451,2025-11-28,Late Delivery,391.69
314967,9271469,2024-02-19,Quality Issue,13048.52
314968,9271544,2025-12-02,Damaged,82614.77
314969,9271606,2025-12-04,Damaged,1755.09
314970,9271608,2025-02-05,Changed Mind,21117.61
314971,9271630,2025-05-19,Late Delivery,22467.05
314972,9271658,2025-07-30,Changed Mind,1212.09
314973,9271672,2024-03-31,Quality Issue,6098.5
314974,9271706,2024-10-01,Changed Mind,913.55
314975,9271731,2024-04-05,Wrong Item,711.17
314976,9271786,2024-11-28,Quality Issue,720.48
314977,9271791,2025-12-21,Wrong Item,2082.92
314978,9271796,2024-04-04,Late Delivery,1004.97
314979,9271814,2025-05-24,Wrong Item,2563.9
314980,9271836,2024-06-16,Quality Issue,2373.71
314981,9271837,2025-07-31,Damaged,7792.53
314982,9271847,2025-12-12,Late Delivery,69.3
314983,9271859,2024-02-02,Late Delivery,1945.7
314984,9271863,2024-01-22,Late Delivery,6827.48
314985,9271876,2024-06-17,Late Delivery,3338.49
314986,9271893,2024-12-07,Quality Issue,44234.29
314987,9271936,2025-09-22,Quality Issue,542.67
314988,9271969,2024-06-29,Damaged,1086.39
314989,9271976,2024-06-10,Late Delivery,2310.68
314990,9271993,2025-12-18,Late Delivery,935.84
314991,9271999,2025-07-09,Late Delivery,7547.35
314992,9272018,2024-03-29,Changed Mind,370.54
314993,9272021,2024-06-02,Late Delivery,15208.51
314994,9272028,2024-07-24,Damaged,3031.85
314995,9272044,2024-09-13,Quality Issue,1020.92
314996,9272143,2024-05-30,Changed Mind,800.07
314997,9272146,2024-10-15,Quality Issue,2201.42
314998,9272156,2024-04-21,Late Delivery,1973.26
314999,9272171,2024-12-06,Quality Issue,303.04
315000,9272177,2025-01-21,Late Delivery,1021.02
315001,9272197,2024-05-22,Quality Issue,976.62
315002,9272209,2025-09-13,Late Delivery,1907.41
315003,9272223,2026-01-13,Changed Mind,9262.4
315004,9272234,2025-11-08,Wrong Item,6535.95
315005,9272240,2025-04-28,Changed Mind,477.23
315006,9272266,2024-12-15,Changed Mind,1819.72
315007,9272307,2025-03-27,Late Delivery,1363.99
315008,9272346,2024-02-23,Wrong Item,5696.16
315009,9272350,2025-08-06,Wrong Item,312.05
315010,9272356,2024-02-18,Damaged,2340.15
315011,9272358,2024-06-04,Damaged,7466.74
315012,9272375,2025-04-10,Late Delivery,1017.61
315013,9272384,2024-10-05,Wrong Item,1476.29
315014,9272394,2025-06-14,Quality Issue,2074.13
315015,9272398,2025-01-22,Changed Mind,2057.73
315016,9272403,2024-10-06,Late Delivery,1153.7
315017,9272455,2025-04-29,Changed Mind,679.67
315018,9272479,2025-09-02,Late Delivery,953.96
315019,9272522,2025-03-26,Quality Issue,5336.98
315020,9272534,2024-02-11,Wrong Item,4179.51
315021,9272550,2024-07-18,Quality Issue,1826.41
315022,9272574,2025-01-24,Damaged,2796.26
315023,9272593,2024-09-17,Quality Issue,3002.72
315024,9272610,2025-07-15,Wrong Item,2035.26
315025,9272612,2024-01-07,Quality Issue,670.66
315026,9272632,2025-01-10,Quality Issue,697.29
315027,9272636,2025-07-22,Wrong Item,3624.37
315028,9272639,2025-04-05,Damaged,1600.43
315029,9272677,2025-08-06,Wrong Item,2088.76
315030,9272678,2026-01-01,Late Delivery,2975.43
315031,9272698,2024-09-19,Wrong Item,684.1
315032,9272723,2024-09-25,Damaged,14476.69
315033,9272746,2024-03-25,Changed Mind,615.39
315034,9272760,2025-04-11,Late Delivery,8631.16
315035,9272790,2025-10-08,Wrong Item,1239.09
315036,9272800,2025-01-09,Changed Mind,1819.72
315037,9272835,2025-02-21,Wrong Item,1919.44
315038,9272857,2025-07-11,Changed Mind,833.91
315039,9272935,2024-08-30,Late Delivery,1397.14
315040,9272949,2025-03-13,Changed Mind,8514.32
315041,9272959,2025-02-16,Quality Issue,2199.91
315042,9272974,2025-07-27,Late Delivery,124.4
315043,9273010,2024-07-31,Changed Mind,1179.24
315044,9273030,2025-06-20,Changed Mind,616.2
315045,9273063,2024-04-11,Wrong Item,4494.75
315046,9273081,2024-06-28,Late Delivery,2210.12
315047,9273091,2024-08-09,Wrong Item,2644.49
315048,9273109,2024-09-18,Wrong Item,1384.04
315049,9273120,2025-12-15,Late Delivery,1815.77
315050,9273123,2025-05-24,Changed Mind,858.83
315051,9273135,2025-11-06,Damaged,2234.48
315052,9273149,2024-04-14,Quality Issue,7390.56
315053,9273167,2025-03-20,Quality Issue,902.74
315054,9273170,2025-06-02,Wrong Item,913.97
315055,9273173,2025-02-01,Wrong Item,3626.28
315056,9273180,2025-03-10,Changed Mind,1946.82
315057,9273182,2025-08-16,Late Delivery,2996.11
315058,9273187,2026-01-16,Quality Issue,516.24
315059,9273210,2025-09-17,Changed Mind,10229.08
315060,9273218,2024-08-06,Damaged,703.01
315061,9273252,2025-05-05,Quality Issue,6137.28
315062,9273287,2024-12-11,Changed Mind,523.44
315063,9273319,2024-12-16,Quality Issue,4661.7
315064,9273350,2024-07-13,Quality Issue,1022.86
315065,9273417,2024-06-14,Wrong Item,1295.59
315066,9273433,2025-10-24,Damaged,583.54
315067,9273441,2024-09-26,Changed Mind,4770.86
315068,9273466,2025-09-20,Late Delivery,46969.26
315069,9273555,2024-06-30,Damaged,4477.72
315070,9273572,2025-03-05,Damaged,759.53
315071,9273578,2024-06-30,Changed Mind,377.93
315072,9273581,2024-12-11,Damaged,2252.61
315073,9273585,2025-06-15,Changed Mind,3504.62
315074,9273621,2024-05-26,Quality Issue,3626.35
315075,9273661,2025-12-31,Late Delivery,3181.75
315076,9273676,2024-03-21,Changed Mind,793.45
315077,9273689,2025-06-27,Quality Issue,3339.65
315078,9273732,2024-02-22,Changed Mind,2537.15
315079,9273751,2024-07-21,Changed Mind,1209.35
315080,9273784,2024-10-23,Late Delivery,13377.2
315081,9273789,2025-12-21,Wrong Item,4368.55
315082,9273794,2025-02-10,Wrong Item,4097.47
315083,9273815,2024-11-03,Changed Mind,3110.76
315084,9273848,2024-01-21,Damaged,3365.08
315085,9273849,2025-04-23,Damaged,711.95
315086,9273854,2025-10-10,Late Delivery,554.01
315087,9273866,2024-02-25,Quality Issue,6104.88
315088,9273878,2025-03-24,Late Delivery,2075.18
315089,9273897,2024-05-26,Quality Issue,2383.86
315090,9273912,2025-12-12,Damaged,865.83
315091,9273931,2024-03-13,Changed Mind,3109.14
315092,9273957,2025-11-27,Changed Mind,4693.74
315093,9273965,2024-09-16,Damaged,1931.27
315094,9273968,2024-10-25,Quality Issue,10084.85
315095,9273970,2024-02-06,Wrong Item,297.0
315096,9273974,2025-04-28,Damaged,34264.27
315097,9274024,2025-11-15,Damaged,3625.57
315098,9274090,2025-06-03,Quality Issue,232.05
315099,9274100,2024-01-03,Damaged,606.42
315100,9274172,2025-12-15,Late Delivery,758.4
315101,9274237,2025-02-09,Quality Issue,42609.1
315102,9274303,2024-04-27,Quality Issue,1839.03
315103,9274315,2024-05-11,Damaged,3715.77
315104,9274325,2025-11-10,Changed Mind,226.29
315105,9274358,2024-10-04,Late Delivery,2611.46
315106,9274360,2025-03-10,Wrong Item,1773.18
315107,9274367,2025-01-16,Late Delivery,2940.1
315108,9274378,2024-09-15,Late Delivery,3636.24
315109,9274392,2024-02-19,Wrong Item,3232.16
315110,9274397,2024-06-23,Damaged,7929.7
315111,9274403,2025-06-15,Damaged,1148.29
315112,9274412,2025-04-05,Changed Mind,4037.71
315113,9274447,2025-08-17,Late Delivery,1608.41
315114,9274455,2024-07-31,Changed Mind,2829.22
315115,9274461,2024-12-04,Wrong Item,576.61
315116,9274477,2024-02-07,Damaged,2789.55
315117,9274483,2024-04-02,Changed Mind,3282.0
315118,9274489,2026-01-08,Changed Mind,3523.54
315119,9274492,2024-05-07,Late Delivery,2965.85
315120,9274508,2024-10-07,Damaged,3869.92
315121,9274531,2024-02-14,Changed Mind,20763.27
315122,9274536,2025-01-02,Damaged,1629.27
315123,9274548,2024-09-05,Late Delivery,44419.94
315124,9274575,2025-08-09,Wrong Item,1294.7
315125,9274586,2024-08-28,Quality Issue,1859.28
315126,9274594,2025-08-18,Damaged,6263.99
315127,9274600,2024-06-04,Wrong Item,2900.34
315128,9274604,2024-05-03,Wrong Item,1962.22
315129,9274617,2025-01-28,Quality Issue,2397.2
315130,9274643,2025-11-15,Quality Issue,10829.02
315131,9274694,2025-10-21,Late Delivery,209.54
315132,9274780,2025-06-06,Late Delivery,303.28
315133,9274781,2025-08-01,Wrong Item,1403.69
315134,9274812,2024-07-13,Quality Issue,2748.91
315135,9274832,2025-11-24,Quality Issue,2610.87
315136,9274858,2025-10-30,Wrong Item,314.9
315137,9274884,2025-09-10,Quality Issue,1245.31
315138,9274889,2024-09-17,Changed Mind,18469.3
315139,9274890,2024-05-17,Quality Issue,3273.5
315140,9274963,2025-03-31,Damaged,5123.79
315141,9274979,2026-01-13,Wrong Item,1547.35
315142,9275016,2025-07-27,Wrong Item,780.37
315143,9275033,2025-08-15,Late Delivery,188.1
315144,9275039,2024-06-29,Damaged,972.76
315145,9275058,2025-05-13,Wrong Item,32004.16
315146,9275059,2025-12-18,Quality Issue,18489.75
315147,9275085,2025-09-30,Changed Mind,4103.32
315148,9275096,2025-01-30,Damaged,3232.37
315149,9275098,2025-01-12,Late Delivery,1832.39
315150,9275106,2025-05-24,Damaged,32421.28
315151,9275111,2024-09-30,Late Delivery,4784.41
315152,9275119,2025-12-19,Damaged,333.74
315153,9275140,2024-11-08,Wrong Item,639.66
315154,9275183,2025-11-12,Wrong Item,542.42
315155,9275186,2024-05-30,Quality Issue,1089.44
315156,9275232,2025-01-25,Damaged,2265.32
315157,9275233,2025-06-12,Late Delivery,1488.47
315158,9275235,2025-08-06,Quality Issue,589.25
315159,9275241,2024-05-14,Changed Mind,6525.68
315160,9275247,2025-11-01,Damaged,5745.84
315161,9275290,2025-10-04,Quality Issue,4147.17
315162,9275291,2024-12-07,Late Delivery,2056.91
315163,9275359,2024-04-13,Changed Mind,1201.93
315164,9275371,2025-01-15,Late Delivery,1557.74
315165,9275373,2024-05-26,Wrong Item,1601.61
315166,9275402,2024-04-08,Wrong Item,1559.66
315167,9275405,2024-01-24,Wrong Item,780.68
315168,9275411,2024-11-29,Changed Mind,2332.52
315169,9275422,2025-10-23,Quality Issue,1095.95
315170,9275447,2024-11-05,Late Delivery,965.98
315171,9275453,2025-10-16,Wrong Item,720.48
315172,9275474,2025-02-11,Changed Mind,1652.19
315173,9275491,2025-09-22,Wrong Item,407.91
315174,9275506,2025-01-30,Late Delivery,4286.15
315175,9275596,2025-01-28,Wrong Item,3738.39
315176,9275602,2025-06-08,Changed Mind,711.36
315177,9275629,2025-08-18,Damaged,2454.94
315178,9275644,2025-09-02,Quality Issue,880.0
315179,9275651,2025-10-06,Changed Mind,67589.52
315180,9275681,2024-09-21,Quality Issue,1688.11
315181,9275692,2024-04-20,Changed Mind,3508.05
315182,9275709,2024-07-12,Wrong Item,5205.66
315183,9275719,2025-12-13,Damaged,1159.49
315184,9275736,2024-11-19,Wrong Item,1271.23
315185,9275783,2025-02-20,Quality Issue,20515.69
315186,9275792,2025-08-02,Wrong Item,2044.77
315187,9275794,2024-07-07,Changed Mind,294.44
315188,9275812,2025-07-24,Changed Mind,1698.55
315189,9275816,2024-09-07,Quality Issue,2276.67
315190,9275944,2024-01-04,Damaged,1923.98
315191,9275964,2025-11-28,Quality Issue,10673.29
315192,9275985,2025-03-18,Late Delivery,576.99
315193,9275998,2024-09-09,Changed Mind,1581.64
315194,9276020,2024-10-30,Wrong Item,2160.72
315195,9276031,2024-04-16,Quality Issue,1195.92
315196,9276052,2025-12-11,Wrong Item,1497.44
315197,9276059,2024-05-18,Late Delivery,743.21
315198,9276094,2025-08-06,Wrong Item,2773.24
315199,9276111,2025-01-04,Changed Mind,6138.3
315200,9276116,2024-02-29,Late Delivery,907.46
315201,9276145,2024-08-09,Wrong Item,1909.64
315202,9276149,2025-07-07,Late Delivery,2368.56
315203,9276150,2026-01-03,Damaged,2082.87
315204,9276159,2025-08-08,Damaged,1440.22
315205,9276168,2024-08-02,Late Delivery,1211.53
315206,9276172,2025-12-10,Wrong Item,3755.35
315207,9276186,2025-08-26,Late Delivery,74.25
315208,9276205,2025-02-21,Late Delivery,2873.1
315209,9276208,2024-03-04,Late Delivery,2569.79
315210,9276227,2025-02-08,Damaged,1153.9
315211,9276232,2024-09-08,Changed Mind,1050.74
315212,9276259,2025-12-09,Damaged,26378.09
315213,9276299,2024-08-24,Damaged,3552.96
315214,9276302,2024-02-01,Late Delivery,3840.95
315215,9276314,2024-01-30,Changed Mind,1528.76
315216,9276322,2024-08-26,Wrong Item,9734.12
315217,9276365,2025-09-07,Late Delivery,2358.67
315218,9276432,2024-03-03,Damaged,852.38
315219,9276449,2024-09-20,Damaged,1543.17
315220,9276463,2024-12-27,Wrong Item,2742.44
315221,9276487,2024-03-11,Quality Issue,2009.7
315222,9276492,2024-04-12,Damaged,5370.32
315223,9276494,2025-06-22,Wrong Item,5186.85
315224,9276498,2025-06-20,Changed Mind,4266.84
315225,9276511,2024-02-13,Late Delivery,22213.13
315226,9276535,2024-11-18,Quality Issue,2905.33
315227,9276541,2024-02-14,Wrong Item,439.69
315228,9276548,2024-06-02,Wrong Item,1520.41
315229,9276568,2024-06-18,Damaged,2907.13
315230,9276569,2025-09-03,Late Delivery,472.54
315231,9276591,2025-11-12,Changed Mind,2163.24
315232,9276592,2025-08-31,Quality Issue,4642.04
315233,9276620,2025-03-08,Damaged,952.89
315234,9276635,2025-10-21,Damaged,2594.69
315235,9276643,2025-01-18,Changed Mind,3286.99
315236,9276646,2024-12-04,Late Delivery,15549.36
315237,9276657,2025-01-22,Late Delivery,1328.66
315238,9276665,2025-03-25,Wrong Item,2182.69
315239,9276687,2024-02-04,Changed Mind,2088.99
315240,9276717,2024-03-14,Changed Mind,2257.14
315241,9276741,2024-07-06,Wrong Item,665.82
315242,9276755,2024-07-19,Quality Issue,3727.23
315243,9276764,2024-05-07,Quality Issue,1031.55
315244,9276798,2025-05-03,Quality Issue,5749.64
315245,9276882,2025-08-08,Damaged,3370.5
315246,9276889,2024-03-10,Quality Issue,8702.66
315247,9276923,2025-11-23,Damaged,2971.34
315248,9276926,2025-07-24,Late Delivery,1600.45
315249,9276931,2024-05-01,Quality Issue,25380.94
315250,9276951,2025-11-06,Wrong Item,4332.24
315251,9276961,2024-12-21,Damaged,40851.16
315252,9276963,2025-11-29,Wrong Item,2101.06
315253,9276965,2024-06-11,Wrong Item,10139.45
315254,9276966,2024-07-02,Damaged,10174.29
315255,9276972,2025-06-26,Damaged,738.2
315256,9276973,2025-03-31,Quality Issue,736.69
315257,9276979,2025-03-05,Quality Issue,6167.68
315258,9277011,2025-02-01,Damaged,16329.01
315259,9277048,2025-09-12,Changed Mind,4164.4
315260,9277069,2025-07-22,Changed Mind,1843.81
315261,9277111,2024-09-19,Late Delivery,951.92
315262,9277125,2024-03-02,Late Delivery,858.52
315263,9277126,2024-05-16,Changed Mind,6924.99
315264,9277143,2024-05-24,Quality Issue,3086.34
315265,9277169,2024-06-19,Wrong Item,647.44
315266,9277185,2025-09-10,Late Delivery,2247.0
315267,9277201,2024-05-11,Damaged,2332.52
315268,9277223,2025-04-24,Quality Issue,3001.06
315269,9277228,2024-12-20,Damaged,1003.02
315270,9277243,2025-08-11,Damaged,1629.0
315271,9277253,2025-12-31,Damaged,1446.42
315272,9277261,2024-08-11,Damaged,1318.59
315273,9277263,2025-03-27,Wrong Item,1389.66
315274,9277274,2024-07-28,Quality Issue,496.58
315275,9277278,2025-12-06,Late Delivery,486.5
315276,9277296,2025-06-02,Changed Mind,1465.16
315277,9277318,2024-11-24,Late Delivery,1307.19
315278,9277319,2025-09-16,Late Delivery,1454.58
315279,9277342,2025-03-11,Damaged,914.54
315280,9277366,2024-06-02,Late Delivery,7501.98
315281,9277387,2026-01-02,Changed Mind,9788.57
315282,9277400,2025-07-28,Changed Mind,1117.18
315283,9277418,2024-01-23,Late Delivery,3192.18
315284,9277440,2024-10-23,Quality Issue,870.1
315285,9277500,2025-10-25,Changed Mind,52888.48
315286,9277513,2025-01-09,Wrong Item,1670.64
315287,9277533,2024-06-08,Wrong Item,2210.14
315288,9277546,2024-09-21,Damaged,1924.22
315289,9277572,2024-01-14,Quality Issue,15160.63
315290,9277637,2024-10-04,Wrong Item,539.89
315291,9277638,2024-12-26,Wrong Item,803.32
315292,9277698,2024-11-18,Late Delivery,18358.97
315293,9277720,2025-07-19,Quality Issue,360.12
315294,9277725,2025-09-06,Damaged,3266.74
315295,9277736,2024-04-27,Damaged,981.07
315296,9277769,2024-06-14,Changed Mind,1080.16
315297,9277777,2024-04-05,Quality Issue,510.28
315298,9277782,2024-08-16,Changed Mind,5036.48
315299,9277797,2024-09-01,Changed Mind,1110.37
315300,9277840,2024-04-20,Damaged,1827.14
315301,9277845,2025-03-10,Wrong Item,530.25
315302,9277852,2025-04-26,Damaged,552.69
315303,9277856,2025-09-15,Changed Mind,1777.21
315304,9277869,2024-12-24,Quality Issue,20405.5
315305,9277874,2024-06-14,Changed Mind,3166.79
315306,9277882,2025-12-29,Wrong Item,5268.95
315307,9277898,2024-03-19,Quality Issue,92760.45
315308,9277922,2025-02-28,Changed Mind,35200.48
315309,9277934,2025-09-05,Changed Mind,5789.24
315310,9277935,2024-12-12,Damaged,1449.31
315311,9277953,2024-08-12,Changed Mind,2176.9
315312,9278016,2025-12-16,Late Delivery,641.1
315313,9278017,2025-12-07,Late Delivery,3950.26
315314,9278030,2025-09-11,Late Delivery,1007.48
315315,9278088,2024-11-08,Damaged,4883.85
315316,9278119,2024-04-07,Quality Issue,526.23
315317,9278158,2024-06-11,Late Delivery,2614.36
315318,9278159,2025-03-09,Wrong Item,1221.26
315319,9278160,2025-05-18,Wrong Item,829.48
315320,9278169,2024-07-21,Wrong Item,2068.16
315321,9278209,2024-10-27,Late Delivery,2574.75
315322,9278231,2024-05-20,Damaged,1513.07
315323,9278238,2025-05-05,Wrong Item,700.81
315324,9278251,2025-05-12,Changed Mind,998.2
315325,9278318,2025-02-10,Changed Mind,2346.25
315326,9278323,2025-04-21,Damaged,981.19
315327,9278326,2024-07-06,Late Delivery,999.47
315328,9278349,2025-03-11,Damaged,1094.56
315329,9278380,2024-11-24,Wrong Item,425.2
315330,9278412,2025-01-30,Late Delivery,3726.26
315331,9278419,2024-03-09,Late Delivery,3095.39
315332,9278435,2025-07-17,Late Delivery,2446.0
315333,9278441,2024-08-02,Wrong Item,1376.56
315334,9278466,2024-04-24,Wrong Item,978.34
315335,9278467,2024-09-22,Changed Mind,1116.06
315336,9278469,2025-02-20,Damaged,119028.64
315337,9278473,2025-08-04,Quality Issue,582.29
315338,9278474,2024-10-07,Wrong Item,580.77
315339,9278476,2024-04-19,Quality Issue,730.85
315340,9278491,2025-03-22,Wrong Item,1630.07
315341,9278495,2024-12-04,Quality Issue,1012.4
315342,9278515,2024-09-03,Quality Issue,541.72
315343,9278529,2024-01-24,Wrong Item,5596.54
315344,9278552,2024-02-28,Damaged,853.94
315345,9278583,2024-04-05,Changed Mind,2198.86
315346,9278608,2024-07-18,Late Delivery,2041.36
315347,9278662,2024-07-15,Changed Mind,4265.74
315348,9278674,2024-04-08,Late Delivery,646.35
315349,9278682,2025-04-21,Wrong Item,1555.7
315350,9278712,2024-04-19,Late Delivery,1250.89
315351,9278727,2024-01-20,Late Delivery,1142.46
315352,9278737,2024-12-29,Changed Mind,541.71
315353,9278770,2024-12-23,Changed Mind,2708.39
315354,9278833,2024-06-28,Quality Issue,709.49
315355,9278852,2024-02-29,Changed Mind,1060.84
315356,9278865,2024-11-16,Wrong Item,231.81
315357,9278868,2024-06-06,Changed Mind,940.53
315358,9278901,2025-06-14,Wrong Item,1228.9
315359,9278925,2024-10-12,Quality Issue,7829.11
315360,9278946,2024-03-12,Damaged,2064.5
315361,9278947,2024-08-03,Damaged,873.68
315362,9278955,2025-01-16,Damaged,626.25
315363,9278956,2025-10-16,Wrong Item,21410.99
315364,9278957,2024-02-20,Damaged,12000.06
315365,9278968,2025-06-10,Quality Issue,1833.98
315366,9278992,2025-02-05,Wrong Item,277.89
315367,9278996,2025-09-06,Damaged,2924.6
315368,9279007,2025-06-22,Quality Issue,500.2
315369,9279029,2025-11-22,Changed Mind,1492.3
315370,9279041,2024-06-17,Changed Mind,904.03
315371,9279043,2024-10-02,Damaged,319.89
315372,9279047,2024-02-25,Wrong Item,357.76
315373,9279082,2025-10-31,Quality Issue,2537.15
315374,9279085,2024-09-04,Damaged,1640.68
315375,9279121,2025-02-12,Wrong Item,1925.25
315376,9279131,2024-05-01,Late Delivery,776.67
315377,9279184,2025-03-23,Quality Issue,113350.52
315378,9279185,2024-11-29,Damaged,1658.36
315379,9279196,2024-10-07,Quality Issue,1616.19
315380,9279214,2025-08-27,Damaged,863.74
315381,9279226,2025-06-21,Late Delivery,1220.96
315382,9279246,2024-07-23,Changed Mind,2266.86
315383,9279255,2025-07-24,Wrong Item,22553.41
315384,9279277,2026-01-14,Wrong Item,38065.47
315385,9279304,2025-12-10,Wrong Item,1308.61
315386,9279312,2025-09-10,Damaged,8663.22
315387,9279313,2025-05-31,Quality Issue,1633.5
315388,9279325,2024-02-09,Damaged,367.59
315389,9279361,2024-09-09,Changed Mind,2235.62
315390,9279376,2025-10-30,Late Delivery,5236.45
315391,9279408,2024-02-09,Wrong Item,12801.66
315392,9279436,2025-09-13,Late Delivery,737.69
315393,9279467,2025-07-15,Quality Issue,2925.43
315394,9279480,2024-09-10,Damaged,1977.46
315395,9279519,2024-05-30,Damaged,7524.97
315396,9279530,2025-11-09,Quality Issue,655.82
315397,9279546,2025-02-21,Wrong Item,1636.88
315398,9279591,2025-03-05,Damaged,3629.09
315399,9279601,2024-02-09,Damaged,342.55
315400,9279640,2024-04-26,Changed Mind,2067.06
315401,9279652,2024-05-12,Damaged,1002.15
315402,9279665,2025-08-13,Changed Mind,6759.63
315403,9279670,2025-07-11,Changed Mind,1717.66
315404,9279692,2024-04-30,Late Delivery,1876.39
315405,9279715,2024-04-19,Changed Mind,4441.27
315406,9279742,2025-07-13,Wrong Item,49630.37
315407,9279747,2024-07-18,Late Delivery,685.52
315408,9279755,2025-01-20,Quality Issue,3321.61
315409,9279771,2025-03-08,Changed Mind,695.83
315410,9279791,2024-03-19,Quality Issue,3577.27
315411,9279834,2025-07-23,Quality Issue,7695.38
315412,9279842,2024-04-22,Wrong Item,869.43
315413,9279873,2025-07-23,Late Delivery,40440.69
315414,9279874,2025-08-30,Quality Issue,5749.22
315415,9279886,2024-01-10,Quality Issue,3827.62
315416,9279899,2025-07-20,Quality Issue,1085.13
315417,9279909,2024-08-03,Late Delivery,9173.62
315418,9279960,2025-01-26,Damaged,3122.87
315419,9279971,2026-01-13,Wrong Item,1706.74
315420,9279986,2024-08-22,Damaged,29716.51
315421,9279999,2025-02-06,Damaged,17226.95
315422,9280003,2025-05-17,Wrong Item,2234.48
315423,9280015,2024-01-28,Wrong Item,7119.7
315424,9280023,2024-11-14,Late Delivery,3391.49
315425,9280030,2024-05-24,Quality Issue,832.56
315426,9280039,2024-02-09,Late Delivery,3143.58
315427,9280049,2025-08-15,Changed Mind,19608.73
315428,9280082,2024-08-12,Late Delivery,3587.76
315429,9280102,2025-01-26,Damaged,3332.72
315430,9280125,2025-09-04,Late Delivery,952.87
315431,9280143,2024-05-01,Damaged,15400.32
315432,9280151,2025-12-24,Damaged,6440.42
315433,9280177,2024-08-18,Damaged,952.87
315434,9280188,2025-07-25,Damaged,1532.4
315435,9280195,2024-02-10,Late Delivery,5126.54
315436,9280197,2025-06-26,Late Delivery,2945.72
315437,9280235,2024-07-04,Wrong Item,3040.82
315438,9280261,2025-11-10,Wrong Item,1018.86
315439,9280271,2024-09-10,Changed Mind,2047.9
315440,9280276,2025-11-17,Changed Mind,4522.08
315441,9280291,2025-02-02,Quality Issue,746.81
315442,9280313,2025-01-22,Wrong Item,512.82
315443,9280324,2025-10-15,Late Delivery,3611.82
315444,9280331,2025-08-24,Quality Issue,12967.13
315445,9280337,2025-08-26,Quality Issue,2234.03
315446,9280346,2025-08-26,Changed Mind,18508.31
315447,9280363,2025-10-07,Late Delivery,543.06
315448,9280441,2024-08-15,Wrong Item,4796.19
315449,9280510,2024-04-07,Wrong Item,8525.87
315450,9280511,2025-06-24,Late Delivery,1803.76
315451,9280523,2024-03-24,Damaged,6928.65
315452,9280554,2024-06-24,Wrong Item,1019.56
315453,9280572,2025-03-05,Changed Mind,1154.76
315454,9280578,2025-11-09,Wrong Item,4165.77
315455,9280589,2025-11-21,Changed Mind,1116.92
315456,9280604,2024-08-07,Damaged,1713.91
315457,9280606,2024-09-20,Damaged,3097.86
315458,9280610,2025-01-16,Damaged,1152.49
315459,9280618,2024-08-20,Damaged,377.93
315460,9280649,2025-06-12,Late Delivery,241.93
315461,9280652,2024-08-27,Late Delivery,3022.84
315462,9280661,2025-07-26,Changed Mind,659.9
315463,9280687,2024-07-12,Damaged,608.59
315464,9280688,2025-03-18,Damaged,529.54
315465,9280693,2024-11-03,Wrong Item,1383.03
315466,9280706,2025-04-07,Changed Mind,3340.81
315467,9280717,2024-12-17,Late Delivery,303.07
315468,9280753,2024-09-10,Changed Mind,3066.74
315469,9280775,2025-06-21,Late Delivery,823.92
315470,9280790,2024-09-26,Changed Mind,3146.43
315471,9280819,2024-12-23,Damaged,2218.38
315472,9280886,2024-11-21,Wrong Item,11741.19
315473,9280892,2024-06-04,Quality Issue,3242.98
315474,9280906,2025-11-29,Late Delivery,41526.54
315475,9280947,2024-02-26,Changed Mind,1220.85
315476,9280982,2024-09-19,Wrong Item,748.8
315477,9281013,2025-10-31,Damaged,1909.44
315478,9281014,2024-12-11,Quality Issue,1663.35
315479,9281018,2025-08-20,Damaged,1939.84
315480,9281054,2024-02-04,Changed Mind,3816.71
315481,9281063,2025-12-12,Quality Issue,8331.46
315482,9281087,2025-03-26,Quality Issue,1956.59
315483,9281091,2024-11-12,Late Delivery,194.67
315484,9281120,2025-11-21,Damaged,4224.54
315485,9281126,2025-02-26,Damaged,1472.73
315486,9281131,2025-04-15,Quality Issue,2759.35
315487,9281134,2025-02-01,Changed Mind,31140.62
315488,9281162,2024-11-04,Quality Issue,2302.47
315489,9281174,2025-07-02,Late Delivery,1040.91
315490,9281179,2024-02-09,Damaged,10921.39
315491,9281186,2024-12-30,Damaged,1882.09
315492,9281188,2024-01-15,Quality Issue,55465.45
315493,9281331,2025-06-23,Damaged,2477.1
315494,9281344,2024-08-24,Damaged,5007.22
315495,9281349,2024-06-18,Changed Mind,2650.61
315496,9281362,2025-06-23,Wrong Item,7267.29
315497,9281377,2024-08-01,Changed Mind,4884.08
315498,9281387,2025-03-30,Wrong Item,11036.16
315499,9281396,2025-11-29,Wrong Item,389.2
315500,9281437,2025-01-10,Changed Mind,1757.9
315501,9281473,2025-05-20,Wrong Item,13927.93
315502,9281474,2024-11-29,Damaged,1895.19
315503,9281475,2025-12-03,Late Delivery,1498.06
315504,9281516,2024-05-06,Wrong Item,11303.45
315505,9281518,2024-07-31,Quality Issue,637.53
315506,9281519,2024-04-05,Wrong Item,1220.96
315507,9281522,2025-12-30,Wrong Item,4599.34
315508,9281525,2025-05-10,Changed Mind,710.76
315509,9281541,2024-04-07,Late Delivery,11382.53
315510,9281576,2025-02-04,Quality Issue,11421.42
315511,9281612,2025-12-14,Changed Mind,28591.55
315512,9281614,2024-02-22,Quality Issue,4511.74
315513,9281619,2025-11-11,Late Delivery,1601.28
315514,9281625,2024-03-13,Changed Mind,533.97
315515,9281663,2025-02-14,Damaged,1323.7
315516,9281664,2025-09-05,Quality Issue,1690.22
315517,9281704,2024-02-10,Changed Mind,1758.28
315518,9281806,2025-05-16,Wrong Item,2470.16
315519,9281865,2024-07-07,Late Delivery,1713.46
315520,9281868,2024-12-24,Quality Issue,2359.58
315521,9281914,2025-12-23,Quality Issue,2542.28
315522,9281917,2024-03-08,Quality Issue,4127.7
315523,9281927,2025-01-30,Changed Mind,1423.82
315524,9281942,2025-04-22,Late Delivery,6548.48
315525,9281969,2025-07-01,Damaged,476.5
315526,9282018,2025-02-28,Late Delivery,918.94
315527,9282019,2025-08-14,Damaged,6403.95
315528,9282022,2024-02-27,Changed Mind,1342.16
315529,9282051,2025-04-02,Quality Issue,1279.33
315530,9282053,2025-11-26,Quality Issue,2194.86
315531,9282082,2024-12-01,Quality Issue,18301.48
315532,9282089,2024-12-21,Wrong Item,3897.12
315533,9282092,2025-12-04,Quality Issue,4719.68
315534,9282101,2025-11-27,Changed Mind,1539.4
315535,9282102,2024-04-25,Changed Mind,4260.55
315536,9282109,2025-05-11,Wrong Item,580.1
315537,9282119,2024-11-01,Changed Mind,420.2
315538,9282124,2025-01-24,Quality Issue,859.92
315539,9282175,2025-02-12,Wrong Item,2851.05
315540,9282187,2024-08-17,Changed Mind,992.01
315541,9282193,2024-06-26,Wrong Item,331.4
315542,9282208,2025-04-12,Damaged,812.86
315543,9282231,2024-06-19,Wrong Item,1385.09
315544,9282235,2025-07-30,Damaged,661.62
315545,9282273,2024-10-22,Quality Issue,2121.35
315546,9282276,2025-08-03,Late Delivery,5846.06
315547,9282360,2025-09-28,Quality Issue,1725.33
315548,9282378,2024-12-19,Quality Issue,17688.1
315549,9282390,2024-12-15,Wrong Item,573.85
315550,9282409,2025-01-23,Wrong Item,1166.47
315551,9282448,2024-07-22,Quality Issue,4175.93
315552,9282466,2025-01-17,Changed Mind,2759.04
315553,9282467,2025-01-23,Quality Issue,1059.08
315554,9282475,2025-09-15,Quality Issue,1084.09
315555,9282489,2024-05-25,Wrong Item,1794.15
315556,9282504,2025-09-28,Changed Mind,25070.27
315557,9282520,2024-06-11,Changed Mind,10493.37
315558,9282549,2024-02-07,Changed Mind,1016.34
315559,9282602,2024-11-20,Quality Issue,638.27
315560,9282620,2025-06-07,Damaged,6413.36
315561,9282627,2025-02-10,Late Delivery,2478.29
315562,9282646,2024-06-14,Damaged,1480.33
315563,9282653,2025-08-04,Damaged,1221.75
315564,9282717,2025-03-23,Damaged,4648.56
315565,9282735,2025-05-11,Late Delivery,697.19
315566,9282753,2025-02-15,Quality Issue,1501.59
315567,9282813,2024-11-23,Wrong Item,1947.78
315568,9282814,2024-07-24,Wrong Item,1582.49
315569,9282834,2025-06-16,Damaged,1241.31
315570,9282862,2024-02-12,Wrong Item,3565.67
315571,9282883,2025-03-21,Late Delivery,717.87
315572,9282890,2025-08-04,Quality Issue,863.74
315573,9282894,2024-08-06,Late Delivery,1136.56
315574,9282928,2025-10-15,Quality Issue,801.47
315575,9282934,2025-07-19,Damaged,2809.4
315576,9282953,2025-11-23,Late Delivery,8699.01
315577,9282992,2025-07-14,Wrong Item,328.33
315578,9282997,2024-01-11,Wrong Item,3287.23
315579,9283001,2024-06-08,Changed Mind,2050.39
315580,9283015,2025-02-18,Wrong Item,61601.29
315581,9283051,2024-06-23,Late Delivery,402.55
315582,9283052,2025-05-23,Late Delivery,870.76
315583,9283126,2025-05-14,Late Delivery,3347.87
315584,9283153,2024-04-05,Wrong Item,1490.86
315585,9283161,2024-03-27,Late Delivery,5318.46
315586,9283237,2024-04-18,Wrong Item,3680.51
315587,9283248,2024-11-09,Late Delivery,1584.04
315588,9283270,2024-10-14,Wrong Item,1684.15
315589,9283339,2025-08-16,Quality Issue,14768.4
315590,9283376,2025-01-11,Damaged,2845.77
315591,9283430,2024-03-31,Late Delivery,5111.87
315592,9283439,2025-07-24,Quality Issue,4964.35
315593,9283529,2024-04-11,Changed Mind,3109.14
315594,9283552,2025-03-06,Quality Issue,11890.35
315595,9283558,2025-07-03,Quality Issue,15301.62
315596,9283562,2024-03-05,Damaged,322.22
315597,9283648,2024-04-18,Damaged,230.04
315598,9283652,2025-10-16,Quality Issue,1121.52
315599,9283654,2025-09-15,Quality Issue,2837.0
315600,9283658,2025-03-23,Wrong Item,3754.99
315601,9283663,2025-06-24,Damaged,6092.87
315602,9283671,2025-08-20,Damaged,1382.83
315603,9283699,2024-10-14,Quality Issue,6289.64
315604,9283703,2024-07-08,Wrong Item,521.08
315605,9283713,2024-02-04,Changed Mind,988.9
315606,9283731,2025-12-22,Wrong Item,1371.87
315607,9283774,2025-06-03,Damaged,5932.6
315608,9283776,2024-02-04,Damaged,2717.11
315609,9283841,2025-10-01,Wrong Item,1803.21
315610,9283842,2025-01-12,Changed Mind,1405.54
315611,9283879,2024-07-03,Wrong Item,1665.42
315612,9283917,2024-10-15,Quality Issue,2261.82
315613,9283918,2026-01-03,Quality Issue,16588.69
315614,9283922,2024-06-04,Damaged,2061.55
315615,9283957,2025-08-24,Changed Mind,221.59
315616,9283973,2024-02-02,Changed Mind,547.38
315617,9283974,2024-06-28,Wrong Item,1158.96
315618,9283989,2024-04-07,Late Delivery,496.58
315619,9283993,2025-06-08,Late Delivery,12212.59
315620,9283994,2024-01-30,Wrong Item,18557.36
315621,9283997,2024-05-09,Quality Issue,282.69
315622,9284015,2025-04-27,Wrong Item,844.04
315623,9284046,2025-01-02,Late Delivery,1178.33
315624,9284047,2025-05-27,Damaged,3456.2
315625,9284048,2024-09-02,Damaged,798.12
315626,9284062,2024-10-14,Quality Issue,9179.18
315627,9284075,2024-08-28,Late Delivery,6248.6
315628,9284078,2024-03-17,Changed Mind,977.75
315629,9284092,2025-09-19,Changed Mind,1038.59
315630,9284105,2025-05-01,Wrong Item,627.28
315631,9284107,2024-12-13,Wrong Item,4134.39
315632,9284114,2025-07-25,Damaged,500.2
315633,9284131,2024-08-16,Changed Mind,2336.8
315634,9284136,2025-10-24,Quality Issue,5736.16
315635,9284145,2025-01-20,Damaged,875.41
315636,9284150,2025-03-19,Damaged,2962.72
315637,9284177,2024-11-29,Changed Mind,2010.63
315638,9284223,2024-02-21,Wrong Item,460.56
315639,9284227,2024-08-03,Damaged,905.08
315640,9284244,2024-04-17,Late Delivery,1436.48
315641,9284270,2025-07-25,Late Delivery,1483.95
315642,9284292,2024-11-06,Late Delivery,8572.31
315643,9284323,2025-01-12,Wrong Item,644.15
315644,9284329,2024-05-15,Wrong Item,803.56
315645,9284332,2025-03-04,Quality Issue,144.06
315646,9284334,2024-09-06,Wrong Item,3636.26
315647,9284351,2024-07-03,Late Delivery,343.48
315648,9284363,2025-02-09,Damaged,7201.93
315649,9284367,2024-11-16,Damaged,1232.62
315650,9284407,2024-04-20,Changed Mind,1685.0
315651,9284428,2024-08-18,Damaged,3738.39
315652,9284461,2024-12-06,Wrong Item,2129.5
315653,9284512,2025-08-01,Damaged,1261.67
315654,9284539,2025-05-04,Damaged,1559.66
315655,9284576,2024-08-15,Changed Mind,1824.67
315656,9284591,2025-03-20,Quality Issue,5200.34
315657,9284640,2024-08-02,Changed Mind,176.52
315658,9284653,2024-07-28,Damaged,3413.74
315659,9284683,2025-03-15,Quality Issue,1476.29
315660,9284692,2024-07-26,Changed Mind,1737.99
315661,9284706,2025-04-24,Quality Issue,4643.12
315662,9284712,2025-04-11,Damaged,3837.98
315663,9284717,2024-11-01,Wrong Item,1607.64
315664,9284718,2025-05-22,Damaged,11865.2
315665,9284759,2025-04-27,Wrong Item,883.97
315666,9284768,2024-02-01,Damaged,4404.78
315667,9284785,2024-10-31,Wrong Item,1237.35
315668,9284789,2026-01-12,Quality Issue,472.64
315669,9284792,2025-07-29,Damaged,3538.93
315670,9284818,2025-12-20,Changed Mind,3149.65
315671,9284824,2024-07-22,Damaged,1448.16
315672,9284827,2024-06-23,Damaged,401.48
315673,9284863,2024-07-18,Changed Mind,2881.96
315674,9284878,2024-12-26,Quality Issue,1670.4
315675,9284884,2025-06-04,Changed Mind,1692.7
315676,9284885,2025-11-27,Late Delivery,149.58
315677,9284904,2025-06-29,Wrong Item,2518.71
315678,9284910,2024-10-04,Damaged,1555.57
315679,9284958,2024-04-02,Changed Mind,920.78
315680,9284962,2024-12-26,Quality Issue,3171.96
315681,9284966,2024-02-21,Damaged,1871.69
315682,9284994,2025-10-05,Wrong Item,1796.93
315683,9285007,2025-09-05,Changed Mind,11941.36
315684,9285047,2024-04-04,Damaged,2450.25
315685,9285054,2025-01-05,Damaged,2341.03
315686,9285086,2025-09-21,Wrong Item,2228.72
315687,9285152,2025-12-28,Changed Mind,428.79
315688,9285166,2026-01-16,Damaged,3315.11
315689,9285183,2024-10-18,Damaged,649.56
315690,9285214,2025-08-08,Quality Issue,8999.54
315691,9285241,2024-07-20,Damaged,2747.2
315692,9285242,2024-05-12,Late Delivery,560.74
315693,9285282,2024-10-11,Quality Issue,3086.72
315694,9285296,2025-12-29,Damaged,1550.24
315695,9285316,2025-09-04,Quality Issue,2943.26
315696,9285332,2025-09-05,Wrong Item,3056.43
315697,9285339,2025-09-16,Changed Mind,4644.51
315698,9285374,2025-11-12,Damaged,720.11
315699,9285384,2025-03-10,Quality Issue,1285.67
315700,9285390,2025-07-16,Damaged,3254.8
315701,9285412,2025-07-28,Late Delivery,1627.95
315702,9285446,2025-07-14,Late Delivery,4091.88
315703,9285478,2024-12-27,Changed Mind,562.32
315704,9285485,2025-11-08,Quality Issue,8908.49
315705,9285516,2024-09-14,Wrong Item,725.96
315706,9285529,2025-01-29,Late Delivery,3065.6
315707,9285531,2024-03-11,Wrong Item,285.49
315708,9285548,2024-09-04,Quality Issue,874.31
315709,9285552,2024-03-31,Changed Mind,2323.44
315710,9285570,2024-12-07,Late Delivery,8999.54
315711,9285572,2025-03-07,Damaged,18794.0
315712,9285583,2025-01-19,Late Delivery,598.19
315713,9285596,2025-11-26,Wrong Item,3424.39
315714,9285609,2025-07-04,Late Delivery,1828.53
315715,9285613,2025-09-18,Wrong Item,977.22
315716,9285631,2024-07-26,Wrong Item,1083.42
315717,9285633,2025-05-03,Changed Mind,1675.52
315718,9285634,2025-07-06,Changed Mind,3717.28
315719,9285641,2024-12-26,Late Delivery,1779.51
315720,9285680,2024-08-27,Quality Issue,458.88
315721,9285691,2025-04-30,Damaged,1364.94
315722,9285703,2025-09-15,Late Delivery,1739.05
315723,9285719,2025-04-24,Quality Issue,392.26
315724,9285736,2024-01-22,Changed Mind,33080.5
315725,9285771,2025-01-05,Changed Mind,2149.52
315726,9285780,2024-09-28,Changed Mind,1153.02
315727,9285807,2024-10-18,Wrong Item,1480.08
315728,9285822,2025-09-16,Wrong Item,20166.03
315729,9285824,2025-12-08,Quality Issue,961.09
315730,9285847,2025-06-28,Late Delivery,1555.16
315731,9285897,2024-12-05,Wrong Item,5138.73
315732,9285928,2024-10-16,Wrong Item,6738.54
315733,9285929,2024-07-01,Quality Issue,768.19
315734,9285941,2024-04-12,Damaged,3848.44
315735,9285955,2025-12-19,Late Delivery,659.78
315736,9285980,2024-09-08,Quality Issue,3445.03
315737,9286006,2024-02-16,Wrong Item,1535.36
315738,9286012,2024-04-30,Late Delivery,1057.95
315739,9286014,2025-03-13,Late Delivery,999.25
315740,9286135,2024-07-30,Late Delivery,14835.76
315741,9286165,2024-07-04,Late Delivery,3159.86
315742,9286166,2024-08-28,Quality Issue,3897.22
315743,9286169,2024-06-02,Late Delivery,3728.0
315744,9286191,2024-08-24,Damaged,1467.18
315745,9286212,2024-09-05,Quality Issue,426.61
315746,9286220,2025-04-04,Damaged,981.07
315747,9286225,2025-08-11,Wrong Item,1197.95
315748,9286247,2025-11-06,Wrong Item,529.48
315749,9286278,2024-05-28,Quality Issue,3706.86
315750,9286307,2024-09-01,Damaged,2908.01
315751,9286330,2024-04-11,Quality Issue,446.01
315752,9286336,2024-05-05,Quality Issue,729.43
315753,9286379,2025-04-04,Late Delivery,613.43
315754,9286390,2025-08-27,Quality Issue,10030.44
315755,9286411,2025-07-08,Wrong Item,3796.75
315756,9286416,2024-09-13,Late Delivery,670.37
315757,9286425,2024-07-24,Wrong Item,45730.07
315758,9286429,2025-06-30,Quality Issue,6101.78
315759,9286490,2025-01-04,Wrong Item,1746.63
315760,9286527,2024-10-18,Quality Issue,1206.14
315761,9286529,2024-12-23,Late Delivery,2518.6
315762,9286554,2025-01-08,Quality Issue,1708.45
315763,9286579,2024-08-23,Quality Issue,2862.51
315764,9286602,2024-10-22,Changed Mind,2307.66
315765,9286613,2025-05-25,Damaged,272.56
315766,9286634,2025-06-15,Quality Issue,5808.06
315767,9286654,2025-08-16,Quality Issue,12570.4
315768,9286691,2024-04-11,Quality Issue,5422.56
315769,9286702,2025-03-23,Quality Issue,2357.12
315770,9286710,2024-02-18,Damaged,160.33
315771,9286729,2025-09-30,Damaged,811.64
315772,9286751,2025-08-29,Changed Mind,694.77
315773,9286761,2025-01-23,Quality Issue,349.37
315774,9286766,2024-03-27,Changed Mind,4255.92
315775,9286777,2024-01-28,Wrong Item,244.94
315776,9286847,2024-10-18,Wrong Item,1215.38
315777,9286856,2025-06-28,Quality Issue,1747.35
315778,9286862,2025-10-31,Changed Mind,912.42
315779,9286885,2025-04-25,Late Delivery,1592.32
315780,9286907,2024-12-15,Late Delivery,457.09
315781,9286940,2026-01-05,Changed Mind,4569.6
315782,9286952,2024-10-17,Changed Mind,652.21
315783,9286966,2025-08-15,Quality Issue,2236.8
315784,9286968,2025-03-18,Quality Issue,2943.21
315785,9286978,2024-09-16,Wrong Item,5849.2
315786,9286980,2024-12-30,Changed Mind,3841.42
315787,9286983,2025-05-27,Changed Mind,2233.27
315788,9286987,2024-10-11,Late Delivery,493.78
315789,9286999,2025-03-31,Wrong Item,1319.89
315790,9287056,2024-03-21,Wrong Item,1450.96
315791,9287063,2025-05-15,Quality Issue,500.4
315792,9287065,2024-06-23,Damaged,5919.72
315793,9287085,2024-03-09,Changed Mind,293.18
315794,9287140,2025-05-27,Wrong Item,1285.55
315795,9287148,2024-05-24,Late Delivery,3375.45
315796,9287160,2024-11-30,Changed Mind,911.76
315797,9287200,2024-08-20,Late Delivery,727.52
315798,9287219,2024-04-18,Changed Mind,2432.3
315799,9287273,2024-12-09,Quality Issue,1483.57
315800,9287313,2024-12-01,Changed Mind,661.85
315801,9287327,2024-07-13,Late Delivery,5267.9
315802,9287361,2024-12-23,Quality Issue,1928.11
315803,9287363,2025-10-26,Wrong Item,3659.07
315804,9287365,2025-04-21,Wrong Item,453.07
315805,9287409,2024-06-21,Wrong Item,2037.42
315806,9287429,2025-05-17,Late Delivery,2089.15
315807,9287434,2025-07-04,Damaged,2250.69
315808,9287476,2025-04-15,Wrong Item,2172.36
315809,9287479,2024-11-29,Quality Issue,7838.67
315810,9287481,2025-05-07,Wrong Item,811.85
315811,9287482,2024-02-14,Quality Issue,1391.66
315812,9287483,2025-06-11,Quality Issue,761.69
315813,9287512,2025-03-25,Quality Issue,2216.09
315814,9287526,2025-07-23,Damaged,4775.96
315815,9287531,2025-05-08,Changed Mind,18503.06
315816,9287535,2025-08-11,Late Delivery,496.4
315817,9287572,2024-07-29,Late Delivery,3501.27
315818,9287574,2024-03-11,Quality Issue,1714.42
315819,9287610,2025-02-05,Changed Mind,4192.32
315820,9287617,2024-09-16,Wrong Item,3755.35
315821,9287628,2025-01-07,Changed Mind,3555.68
315822,9287638,2025-01-24,Wrong Item,1221.26
315823,9287642,2024-05-18,Damaged,60230.1
315824,9287650,2024-03-23,Quality Issue,1100.97
315825,9287652,2024-11-23,Changed Mind,1713.33
315826,9287658,2024-02-25,Wrong Item,3071.77
315827,9287674,2025-01-08,Wrong Item,4703.2
315828,9287726,2024-06-15,Quality Issue,526.53
315829,9287746,2025-07-15,Quality Issue,478.48
315830,9287804,2024-07-28,Damaged,2028.54
315831,9287838,2024-08-18,Wrong Item,1352.42
315832,9287864,2025-02-15,Late Delivery,1933.83
315833,9287905,2025-03-07,Changed Mind,648.57
315834,9287913,2025-09-07,Damaged,1392.19
315835,9287923,2024-07-23,Wrong Item,1625.86
315836,9287931,2024-08-30,Wrong Item,490.81
315837,9287940,2024-12-04,Late Delivery,610.45
315838,9287969,2024-02-27,Late Delivery,2648.73
315839,9287974,2025-01-10,Wrong Item,1720.7
315840,9287981,2024-07-12,Late Delivery,3144.89
315841,9287983,2025-04-15,Wrong Item,3032.71
315842,9287997,2024-11-24,Quality Issue,1668.88
315843,9288016,2025-06-05,Quality Issue,867.09
315844,9288022,2024-02-18,Damaged,48626.73
315845,9288056,2024-07-28,Damaged,63800.46
315846,9288074,2025-07-02,Changed Mind,2672.04
315847,9288081,2024-12-24,Wrong Item,882.8
315848,9288098,2024-06-20,Changed Mind,8260.79
315849,9288106,2025-01-12,Changed Mind,619.76
315850,9288107,2024-12-15,Wrong Item,6256.4
315851,9288122,2024-05-18,Wrong Item,1125.98
315852,9288137,2025-07-31,Late Delivery,848.84
315853,9288186,2025-07-04,Quality Issue,1329.32
315854,9288189,2025-08-14,Quality Issue,1134.66
315855,9288193,2024-07-29,Wrong Item,1980.89
315856,9288199,2024-02-05,Wrong Item,1313.57
315857,9288206,2024-12-30,Wrong Item,3100.48
315858,9288234,2025-06-10,Late Delivery,1367.86
315859,9288240,2024-01-20,Quality Issue,947.0
315860,9288244,2025-12-09,Late Delivery,1322.44
315861,9288249,2025-12-11,Quality Issue,2441.92
315862,9288250,2025-12-05,Quality Issue,3910.25
315863,9288254,2025-04-25,Damaged,1516.58
315864,9288262,2025-11-15,Quality Issue,6204.48
315865,9288297,2025-11-01,Wrong Item,1615.18
315866,9288322,2025-04-30,Damaged,1207.19
315867,9288336,2025-04-21,Damaged,4406.15
315868,9288391,2025-12-18,Late Delivery,453.07
315869,9288412,2024-08-29,Late Delivery,756.25
315870,9288437,2025-08-19,Late Delivery,3348.92
315871,9288442,2024-08-03,Changed Mind,2214.92
315872,9288467,2024-06-25,Quality Issue,396.86
315873,9288471,2024-03-23,Wrong Item,972.76
315874,9288498,2025-06-08,Wrong Item,30000.52
315875,9288500,2026-01-01,Wrong Item,3849.67
315876,9288513,2026-01-11,Quality Issue,20733.43
315877,9288522,2024-05-07,Late Delivery,4873.77
315878,9288524,2024-03-24,Wrong Item,2537.54
315879,9288529,2025-06-10,Late Delivery,13579.71
315880,9288538,2024-03-24,Wrong Item,19140.14
315881,9288549,2024-10-06,Wrong Item,1952.82
315882,9288566,2024-11-08,Wrong Item,1496.49
315883,9288577,2024-03-30,Wrong Item,2916.14
315884,9288580,2025-05-28,Damaged,19150.36
315885,9288584,2025-05-16,Wrong Item,945.44
315886,9288602,2024-07-05,Changed Mind,4108.76
315887,9288630,2025-12-22,Late Delivery,2223.17
315888,9288642,2024-06-18,Late Delivery,42101.26
315889,9288695,2025-12-22,Changed Mind,1293.63
315890,9288721,2025-04-27,Damaged,4902.46
315891,9288727,2024-12-11,Quality Issue,256.53
315892,9288735,2025-06-12,Quality Issue,731.73
315893,9288745,2025-06-09,Damaged,966.22
315894,9288789,2025-03-30,Changed Mind,4110.16
315895,9288821,2025-06-01,Quality Issue,1103.47
315896,9288847,2024-10-23,Damaged,1136.56
315897,9288860,2024-09-05,Quality Issue,1828.53
315898,9288888,2025-07-29,Quality Issue,2570.87
315899,9288900,2024-05-29,Quality Issue,5962.72
315900,9288911,2024-03-20,Late Delivery,1671.01
315901,9288919,2024-10-15,Changed Mind,4216.14
315902,9288944,2024-01-29,Late Delivery,792.2
315903,9288983,2025-08-30,Wrong Item,33788.18
315904,9288999,2024-06-15,Changed Mind,333.18
315905,9289002,2025-05-13,Changed Mind,468.13
315906,9289008,2025-10-04,Quality Issue,5734.02
315907,9289037,2025-03-08,Changed Mind,27207.34
315908,9289048,2025-08-25,Late Delivery,571.6
315909,9289089,2025-06-03,Wrong Item,1804.52
315910,9289105,2025-02-22,Wrong Item,2694.98
315911,9289135,2025-05-02,Changed Mind,477.23
315912,9289154,2024-11-12,Wrong Item,6082.04
315913,9289180,2024-06-14,Changed Mind,961.44
315914,9289212,2024-05-08,Quality Issue,2066.29
315915,9289251,2025-12-16,Damaged,1139.32
315916,9289266,2024-06-13,Changed Mind,5588.89
315917,9289282,2025-07-16,Quality Issue,1317.5
315918,9289285,2025-01-10,Wrong Item,25058.66
315919,9289313,2025-07-08,Wrong Item,1249.63
315920,9289314,2024-08-31,Changed Mind,2061.21
315921,9289345,2025-12-25,Late Delivery,2386.56
315922,9289360,2024-10-13,Quality Issue,2339.59
315923,9289393,2025-11-09,Damaged,1248.16
315924,9289428,2025-01-29,Quality Issue,684.28
315925,9289441,2024-06-11,Quality Issue,84.15
315926,9289447,2024-08-19,Damaged,14250.25
315927,9289479,2025-04-05,Changed Mind,691.05
315928,9289481,2024-07-10,Late Delivery,2076.45
315929,9289485,2025-10-04,Damaged,5315.08
315930,9289502,2024-02-20,Late Delivery,1458.38
315931,9289503,2024-08-31,Wrong Item,2124.01
315932,9289504,2025-06-21,Changed Mind,2573.8
315933,9289505,2025-06-08,Quality Issue,2127.96
315934,9289508,2025-12-10,Late Delivery,3518.44
315935,9289520,2026-01-01,Late Delivery,3567.6
315936,9289529,2025-01-30,Late Delivery,1528.06
315937,9289534,2025-08-06,Late Delivery,704.0
315938,9289540,2024-07-26,Late Delivery,1227.14
315939,9289545,2024-11-05,Changed Mind,276.27
315940,9289551,2025-06-23,Late Delivery,805.1
315941,9289573,2024-08-28,Wrong Item,6285.86
315942,9289589,2024-05-10,Wrong Item,684.32
315943,9289593,2025-02-03,Damaged,359.89
315944,9289624,2024-12-16,Wrong Item,2728.02
315945,9289627,2025-06-22,Late Delivery,1102.53
315946,9289645,2024-09-19,Damaged,1111.8
315947,9289667,2024-03-11,Damaged,1639.8
315948,9289683,2024-02-18,Changed Mind,21050.63
315949,9289705,2024-01-25,Quality Issue,876.37
315950,9289714,2024-10-01,Quality Issue,2014.88
315951,9289733,2025-02-18,Quality Issue,68679.44
315952,9289872,2025-06-10,Quality Issue,38530.92
315953,9289879,2024-08-19,Damaged,388.01
315954,9289909,2025-07-25,Damaged,825.74
315955,9289911,2024-11-13,Damaged,384.62
315956,9289971,2024-12-03,Quality Issue,1679.07
315957,9289981,2025-06-08,Damaged,504.84
315958,9290000,2024-10-07,Late Delivery,1304.31
315959,9290005,2025-12-26,Quality Issue,8525.57
315960,9290015,2025-02-18,Wrong Item,635.81
315961,9290054,2024-10-09,Late Delivery,17111.47
315962,9290061,2024-05-29,Late Delivery,303.06
315963,9290063,2024-05-12,Quality Issue,2540.84
315964,9290083,2025-04-05,Wrong Item,4060.57
315965,9290124,2024-03-20,Changed Mind,3127.09
315966,9290149,2025-02-24,Changed Mind,31547.51
315967,9290163,2025-04-26,Changed Mind,5837.79
315968,9290169,2024-06-21,Changed Mind,2420.08
315969,9290189,2025-10-02,Quality Issue,448.04
315970,9290193,2024-01-10,Quality Issue,6771.1
315971,9290200,2025-05-14,Changed Mind,730.44
315972,9290230,2025-04-27,Late Delivery,981.19
315973,9290232,2024-05-15,Late Delivery,2184.8
315974,9290244,2024-02-15,Late Delivery,23487.33
315975,9290249,2024-02-25,Wrong Item,56791.2
315976,9290252,2025-09-15,Damaged,3600.33
315977,9290270,2025-04-10,Late Delivery,362.07
315978,9290271,2025-11-14,Damaged,4807.32
315979,9290274,2024-12-08,Wrong Item,562.55
315980,9290286,2025-06-15,Damaged,1511.42
315981,9290308,2024-12-17,Changed Mind,9991.45
315982,9290328,2024-11-25,Wrong Item,1543.84
315983,9290332,2024-04-24,Damaged,737.99
315984,9290341,2024-11-07,Changed Mind,2511.36
315985,9290381,2025-04-14,Late Delivery,29176.04
315986,9290412,2024-02-13,Damaged,1285.55
315987,9290416,2025-09-15,Changed Mind,349.37
315988,9290445,2025-01-20,Late Delivery,433.83
315989,9290448,2025-12-09,Changed Mind,6695.73
315990,9290460,2025-12-08,Changed Mind,3879.56
315991,9290493,2024-08-03,Changed Mind,17847.54
315992,9290512,2024-12-11,Wrong Item,57217.63
315993,9290518,2025-02-06,Quality Issue,3444.86
315994,9290519,2024-05-09,Wrong Item,502.51
315995,9290524,2025-03-30,Damaged,1393.28
315996,9290530,2024-06-30,Late Delivery,6959.21
315997,9290545,2024-01-27,Late Delivery,30982.15
315998,9290616,2024-02-24,Quality Issue,824.42
315999,9290633,2024-06-05,Changed Mind,49001.54
316000,9290675,2025-03-05,Wrong Item,7590.8
316001,9290684,2024-10-21,Damaged,7271.06
316002,9290725,2026-01-02,Changed Mind,2866.42
316003,9290778,2024-11-15,Wrong Item,780.94
316004,9290780,2024-11-01,Damaged,2972.52
316005,9290789,2024-11-25,Damaged,3893.83
316006,9290816,2025-07-07,Damaged,4136.02
316007,9290838,2024-08-25,Damaged,1728.64
316008,9290841,2024-04-30,Late Delivery,1974.0
316009,9290845,2024-05-12,Changed Mind,1604.29
316010,9290870,2024-06-07,Quality Issue,1443.22
316011,9290880,2024-03-22,Late Delivery,3060.28
316012,9290883,2025-03-12,Changed Mind,643.03
316013,9290887,2024-12-10,Quality Issue,573.63
316014,9290900,2025-05-08,Late Delivery,1501.36
316015,9290902,2025-05-30,Quality Issue,520.23
316016,9290908,2024-04-23,Changed Mind,1493.07
316017,9290931,2025-06-07,Quality Issue,1186.34
316018,9290941,2025-02-26,Wrong Item,1423.82
316019,9290950,2025-08-19,Changed Mind,1429.52
316020,9290951,2025-11-16,Changed Mind,5932.06
316021,9291006,2025-03-23,Damaged,974.3
316022,9291014,2025-05-15,Damaged,10070.65
316023,9291048,2024-04-14,Late Delivery,1238.64
316024,9291075,2024-01-16,Damaged,885.19
316025,9291082,2025-05-23,Damaged,463.55
316026,9291123,2024-01-09,Late Delivery,579.73
316027,9291125,2025-11-03,Wrong Item,32658.02
316028,9291276,2024-12-02,Wrong Item,7265.81
316029,9291291,2024-12-06,Damaged,2158.26
316030,9291292,2024-05-04,Quality Issue,1379.34
316031,9291312,2024-03-07,Quality Issue,21403.35
316032,9291355,2024-06-25,Quality Issue,646.72
316033,9291413,2024-10-29,Damaged,2045.83
316034,9291445,2024-10-22,Damaged,1831.58
316035,9291452,2025-01-18,Damaged,1462.43
316036,9291454,2025-08-18,Quality Issue,1865.51
316037,9291489,2025-03-18,Quality Issue,665.89
316038,9291531,2024-10-20,Damaged,7699.06
316039,9291534,2024-09-30,Quality Issue,94.05
316040,9291562,2024-04-07,Quality Issue,2065.24
316041,9291574,2024-02-23,Damaged,2961.63
316042,9291605,2025-08-01,Damaged,12195.58
316043,9291609,2024-11-18,Damaged,1596.35
316044,9291621,2025-10-15,Quality Issue,423.18
316045,9291624,2026-01-05,Changed Mind,822.06
316046,9291635,2025-08-18,Changed Mind,9814.1
316047,9291654,2025-04-25,Quality Issue,320.23
316048,9291659,2024-11-30,Damaged,1063.41
316049,9291672,2024-09-02,Late Delivery,320.23
316050,9291677,2024-12-17,Changed Mind,30638.69
316051,9291692,2024-07-04,Wrong Item,10586.72
316052,9291702,2025-08-15,Wrong Item,3671.42
316053,9291713,2025-11-28,Changed Mind,3772.26
316054,9291714,2025-05-12,Quality Issue,971.22
316055,9291736,2025-04-24,Late Delivery,2563.08
316056,9291748,2025-08-05,Late Delivery,7220.66
316057,9291750,2024-12-21,Late Delivery,377.29
316058,9291760,2024-05-20,Late Delivery,1341.3
316059,9291785,2024-06-12,Late Delivery,739.44
316060,9291812,2024-05-18,Quality Issue,34918.3
316061,9291826,2025-09-20,Late Delivery,438.82
316062,9291830,2024-05-02,Quality Issue,1899.49
316063,9291848,2025-08-08,Quality Issue,1455.1
316064,9291893,2025-03-13,Late Delivery,1186.23
316065,9291943,2024-10-21,Changed Mind,692.96
316066,9291952,2025-12-02,Changed Mind,2167.34
316067,9291992,2025-05-17,Late Delivery,1292.97
316068,9292009,2024-02-10,Late Delivery,9473.2
316069,9292026,2024-05-18,Quality Issue,2726.43
316070,9292076,2024-06-14,Damaged,3889.05
316071,9292099,2024-12-09,Wrong Item,1395.22
316072,9292100,2025-05-25,Late Delivery,2331.89
316073,9292106,2025-01-09,Wrong Item,3373.09
316074,9292196,2024-07-15,Changed Mind,15408.2
316075,9292200,2024-07-28,Quality Issue,5889.52
316076,9292202,2024-04-04,Late Delivery,3178.97
316077,9292203,2024-05-13,Changed Mind,803.94
316078,9292204,2025-08-19,Quality Issue,2591.62
316079,9292210,2025-05-19,Quality Issue,614.55
316080,9292228,2025-07-23,Late Delivery,2096.55
316081,9292254,2024-06-06,Changed Mind,2945.56
316082,9292261,2024-01-18,Quality Issue,3796.24
316083,9292266,2024-03-03,Late Delivery,606.27
316084,9292271,2025-04-24,Quality Issue,369.9
316085,9292272,2024-08-09,Quality Issue,1003.02
316086,9292337,2025-07-09,Changed Mind,348.96
316087,9292354,2025-06-11,Changed Mind,2871.42
316088,9292356,2024-05-31,Wrong Item,1572.31
316089,9292368,2025-07-09,Changed Mind,32378.85
316090,9292390,2024-05-11,Wrong Item,1097.96
316091,9292394,2025-07-05,Wrong Item,7335.33
316092,9292413,2025-03-30,Late Delivery,936.05
316093,9292450,2025-06-10,Damaged,1893.73
316094,9292452,2024-12-15,Quality Issue,583.4
316095,9292455,2024-07-28,Quality Issue,22138.2
316096,9292467,2024-08-26,Damaged,686.78
316097,9292468,2024-10-06,Wrong Item,11312.65
316098,9292523,2026-01-08,Wrong Item,578.66
316099,9292532,2024-04-26,Quality Issue,837.71
316100,9292541,2026-01-03,Late Delivery,1332.3
316101,9292553,2025-08-12,Late Delivery,2311.69
316102,9292561,2024-10-05,Damaged,3407.95
316103,9292572,2024-12-06,Changed Mind,1196.96
316104,9292591,2025-09-08,Late Delivery,759.19
316105,9292620,2025-08-20,Late Delivery,2093.8
316106,9292627,2025-11-18,Wrong Item,16304.43
316107,9292630,2024-07-29,Wrong Item,1038.59
316108,9292644,2024-11-07,Damaged,4760.07
316109,9292656,2024-02-23,Damaged,761.63
316110,9292661,2025-10-22,Quality Issue,2557.9
316111,9292692,2025-11-21,Changed Mind,2332.52
316112,9292707,2025-08-12,Changed Mind,7747.65
316113,9292720,2024-08-22,Quality Issue,1582.33
316114,9292721,2025-04-03,Changed Mind,1215.26
316115,9292728,2024-10-05,Damaged,1091.21
316116,9292732,2024-07-02,Wrong Item,1627.25
316117,9292767,2024-06-09,Damaged,1383.17
316118,9292808,2024-03-10,Wrong Item,1632.75
316119,9292810,2024-04-04,Wrong Item,2247.0
316120,9292811,2025-03-14,Late Delivery,458.03
316121,9292823,2025-12-14,Changed Mind,1048.69
316122,9292853,2024-10-22,Changed Mind,4377.57
316123,9292860,2024-03-17,Wrong Item,4070.51
316124,9292861,2024-06-27,Late Delivery,4537.16
316125,9292862,2025-01-17,Quality Issue,2022.3
316126,9292866,2025-09-22,Changed Mind,13087.45
316127,9292867,2025-01-18,Late Delivery,1608.34
316128,9292868,2025-12-11,Late Delivery,2640.55
316129,9292881,2024-03-24,Changed Mind,1477.27
316130,9292916,2025-02-11,Wrong Item,1556.25
316131,9292928,2025-09-11,Damaged,332.91
316132,9292960,2025-08-15,Changed Mind,551.56
316133,9293018,2024-07-25,Late Delivery,3587.17
316134,9293052,2024-01-24,Quality Issue,556.15
316135,9293053,2025-10-17,Changed Mind,1421.37
316136,9293112,2024-09-16,Quality Issue,869.53
316137,9293127,2025-01-19,Late Delivery,1378.24
316138,9293144,2025-07-19,Damaged,2180.72
316139,9293147,2024-03-26,Late Delivery,5432.14
316140,9293156,2025-06-14,Wrong Item,5874.26
316141,9293158,2025-03-06,Damaged,2475.34
316142,9293165,2024-09-28,Quality Issue,654.7
316143,9293178,2025-06-11,Quality Issue,1744.91
316144,9293203,2025-04-28,Changed Mind,1315.4
316145,9293225,2024-03-10,Damaged,12750.22
316146,9293263,2024-09-03,Damaged,22223.22
316147,9293266,2025-08-25,Damaged,4692.38
316148,9293278,2024-10-10,Quality Issue,885.4
316149,9293280,2024-08-23,Wrong Item,506.44
316150,9293295,2025-04-18,Quality Issue,793.46
316151,9293313,2024-02-11,Quality Issue,1030.65
316152,9293314,2025-06-29,Wrong Item,573.54
316153,9293365,2025-05-12,Damaged,395.37
316154,9293372,2025-01-25,Changed Mind,2257.39
316155,9293389,2024-08-20,Late Delivery,1672.0
316156,9293405,2025-08-03,Changed Mind,6671.42
316157,9293410,2025-12-18,Quality Issue,2640.34
316158,9293452,2025-11-18,Damaged,2250.41
316159,9293457,2024-01-11,Wrong Item,1717.52
316160,9293470,2024-08-28,Damaged,49530.9
316161,9293493,2025-11-06,Quality Issue,1878.24
316162,9293504,2025-11-04,Changed Mind,1856.47
316163,9293527,2025-10-10,Quality Issue,58136.72
316164,9293530,2025-04-02,Changed Mind,2389.8
316165,9293564,2025-12-18,Wrong Item,4367.96
316166,9293567,2025-03-26,Changed Mind,500.81
316167,9293571,2024-09-22,Quality Issue,4260.55
316168,9293610,2025-07-10,Quality Issue,534.03
316169,9293623,2025-10-21,Late Delivery,2232.12
316170,9293644,2024-06-18,Quality Issue,2140.58
316171,9293658,2025-04-25,Quality Issue,1534.78
316172,9293682,2024-01-31,Quality Issue,888.11
316173,9293701,2024-08-02,Damaged,1138.67
316174,9293714,2025-01-07,Damaged,2322.12
316175,9293720,2024-12-31,Damaged,2191.86
316176,9293743,2024-12-10,Damaged,4615.11
316177,9293749,2024-10-08,Late Delivery,1367.3
316178,9293752,2024-11-17,Damaged,522.28
316179,9293769,2024-07-06,Quality Issue,4277.91
316180,9293813,2025-07-15,Quality Issue,2339.59
316181,9293814,2025-02-21,Late Delivery,11097.66
316182,9293838,2024-11-30,Late Delivery,8360.03
316183,9293896,2024-09-24,Damaged,3373.83
316184,9293898,2025-02-13,Changed Mind,1107.88
316185,9293900,2025-04-01,Wrong Item,2811.84
316186,9293957,2024-11-06,Damaged,1385.87
316187,9293966,2024-01-22,Wrong Item,690.91
316188,9294023,2025-07-09,Wrong Item,1221.66
316189,9294027,2025-02-11,Quality Issue,391.25
316190,9294046,2025-12-18,Late Delivery,884.78
316191,9294079,2024-12-03,Quality Issue,3798.62
316192,9294098,2025-08-05,Damaged,451.54
316193,9294167,2025-09-08,Late Delivery,566.3
316194,9294172,2024-04-01,Wrong Item,1546.55
316195,9294185,2025-04-06,Late Delivery,472.73
316196,9294198,2024-10-09,Late Delivery,6498.59
316197,9294200,2024-04-01,Damaged,63352.83
316198,9294203,2024-08-11,Changed Mind,8771.65
316199,9294224,2024-10-01,Late Delivery,41619.06
316200,9294229,2025-12-24,Damaged,12448.46
316201,9294243,2025-04-13,Wrong Item,6099.87
316202,9294254,2024-10-07,Quality Issue,390.89
316203,9294256,2024-09-18,Wrong Item,3667.07
316204,9294262,2025-09-12,Changed Mind,1094.92
316205,9294284,2025-03-31,Changed Mind,4830.8
316206,9294296,2025-03-29,Late Delivery,1706.74
316207,9294305,2025-06-14,Changed Mind,1782.54
316208,9294323,2025-11-23,Quality Issue,1433.46
316209,9294329,2025-01-21,Late Delivery,683.49
316210,9294332,2024-12-13,Damaged,1286.44
316211,9294356,2024-11-28,Late Delivery,13231.53
316212,9294387,2024-07-28,Quality Issue,1856.79
316213,9294400,2024-03-24,Wrong Item,1273.95
316214,9294413,2025-07-02,Quality Issue,2485.99
316215,9294449,2025-07-13,Changed Mind,1245.5
316216,9294459,2024-08-24,Changed Mind,370.31
316217,9294495,2024-02-24,Late Delivery,344.37
316218,9294512,2024-09-27,Late Delivery,1406.58
316219,9294585,2024-08-22,Quality Issue,4616.66
316220,9294586,2025-12-07,Quality Issue,6738.54
316221,9294618,2025-07-25,Damaged,1459.28
316222,9294633,2025-08-10,Damaged,1061.38
316223,9294636,2024-05-15,Wrong Item,1805.86
316224,9294644,2024-02-05,Late Delivery,1765.07
316225,9294652,2024-12-17,Changed Mind,2651.42
316226,9294659,2024-07-08,Wrong Item,1139.12
316227,9294682,2025-04-17,Damaged,791.06
316228,9294689,2024-07-29,Late Delivery,3636.38
316229,9294701,2024-09-14,Late Delivery,1160.67
316230,9294716,2024-01-12,Quality Issue,16786.96
316231,9294735,2025-10-21,Wrong Item,1305.31
316232,9294787,2024-07-27,Wrong Item,770.08
316233,9294799,2024-03-29,Damaged,1081.74
316234,9294806,2026-01-04,Quality Issue,2324.28
316235,9294818,2025-05-21,Quality Issue,742.92
316236,9294850,2025-05-15,Wrong Item,1286.57
316237,9294868,2025-07-03,Changed Mind,3950.3
316238,9294871,2024-11-13,Damaged,7903.11
316239,9294879,2024-07-10,Late Delivery,6110.74
316240,9294886,2024-11-27,Changed Mind,1462.04
316241,9294887,2024-10-14,Wrong Item,9308.65
316242,9294898,2024-06-21,Late Delivery,2131.7
316243,9294928,2024-03-24,Wrong Item,4288.92
316244,9294947,2025-09-10,Changed Mind,5614.78
316245,9294985,2024-07-20,Changed Mind,9627.44
316246,9295005,2025-01-24,Damaged,2422.77
316247,9295012,2024-06-01,Changed Mind,407.91
316248,9295028,2025-08-26,Changed Mind,526.2
316249,9295069,2025-06-12,Quality Issue,1087.47
316250,9295107,2025-12-13,Changed Mind,1335.21
316251,9295168,2025-02-15,Wrong Item,2365.82
316252,9295171,2025-12-04,Wrong Item,6783.2
316253,9295172,2025-03-11,Changed Mind,816.48
316254,9295199,2024-11-10,Damaged,2533.83
316255,9295247,2024-08-08,Changed Mind,1409.39
316256,9295267,2025-12-13,Quality Issue,595.79
316257,9295272,2024-01-25,Wrong Item,1826.82
316258,9295312,2024-12-07,Late Delivery,953.0
316259,9295321,2024-10-19,Wrong Item,713.52
316260,9295325,2024-08-15,Quality Issue,677.14
316261,9295329,2024-07-24,Late Delivery,2169.99
316262,9295348,2024-03-09,Damaged,966.15
316263,9295350,2024-02-13,Changed Mind,6125.82
316264,9295374,2025-02-04,Damaged,1073.71
316265,9295400,2024-07-06,Changed Mind,1577.41
316266,9295401,2025-03-06,Changed Mind,535.79
316267,9295406,2025-06-21,Wrong Item,393.7
316268,9295427,2025-07-10,Wrong Item,89.05
316269,9295454,2025-07-01,Quality Issue,4926.4
316270,9295456,2024-11-24,Damaged,648.1
316271,9295495,2024-01-31,Damaged,4650.46
316272,9295498,2024-08-24,Changed Mind,5954.4
316273,9295503,2024-04-29,Late Delivery,467.17
316274,9295510,2025-01-13,Damaged,7637.18
316275,9295526,2025-01-16,Damaged,19776.55
316276,9295535,2025-04-29,Wrong Item,1174.84
316277,9295545,2024-02-01,Changed Mind,4959.36
316278,9295550,2024-11-27,Changed Mind,729.76
316279,9295558,2025-11-08,Late Delivery,10282.28
316280,9295560,2025-02-10,Quality Issue,548.66
316281,9295569,2025-06-08,Late Delivery,306.83
316282,9295587,2025-04-02,Wrong Item,731.43
316283,9295594,2025-09-27,Late Delivery,88214.66
316284,9295595,2024-02-17,Damaged,2797.52
316285,9295603,2025-10-27,Damaged,6498.09
316286,9295614,2025-11-16,Changed Mind,1420.74
316287,9295645,2024-05-21,Quality Issue,1384.8
316288,9295687,2025-06-30,Wrong Item,785.12
316289,9295722,2025-06-26,Changed Mind,4521.54
316290,9295740,2025-10-30,Damaged,4536.43
316291,9295747,2024-12-18,Damaged,3485.64
316292,9295787,2024-05-24,Quality Issue,34714.19
316293,9295793,2026-01-04,Wrong Item,1363.99
316294,9295820,2024-03-20,Quality Issue,1488.42
316295,9295825,2024-10-07,Late Delivery,2172.36
316296,9295838,2025-08-28,Changed Mind,89.1
316297,9295885,2024-06-13,Wrong Item,4175.36
316298,9295891,2024-02-25,Wrong Item,741.51
316299,9295910,2024-03-07,Wrong Item,400.07
316300,9295912,2024-12-02,Quality Issue,24765.45
316301,9295925,2024-06-16,Quality Issue,1053.48
316302,9295964,2024-08-15,Wrong Item,810.05
316303,9295995,2025-01-24,Changed Mind,1147.75
316304,9296055,2024-08-15,Late Delivery,6289.78
316305,9296105,2025-05-17,Late Delivery,67220.1
316306,9296147,2024-05-15,Wrong Item,400.19
316307,9296168,2024-10-07,Late Delivery,957.08
316308,9296173,2025-01-08,Quality Issue,1688.62
316309,9296190,2025-04-21,Damaged,13254.56
316310,9296200,2025-09-10,Quality Issue,714.45
316311,9296201,2024-11-14,Quality Issue,1170.51
316312,9296205,2024-08-24,Wrong Item,1834.52
316313,9296207,2024-03-29,Wrong Item,799.54
316314,9296232,2025-02-04,Changed Mind,2296.62
316315,9296302,2024-12-01,Late Delivery,450.1
316316,9296308,2025-09-16,Wrong Item,7391.76
316317,9296317,2024-10-22,Damaged,5189.6
316318,9296356,2025-07-31,Damaged,2077.18
316319,9296363,2024-06-04,Late Delivery,88001.19
316320,9296365,2024-12-12,Wrong Item,3259.28
316321,9296388,2024-01-23,Wrong Item,1501.59
316322,9296393,2025-03-23,Damaged,2185.3
316323,9296412,2024-01-25,Wrong Item,4593.24
316324,9296415,2024-11-14,Quality Issue,11437.26
316325,9296435,2025-06-09,Late Delivery,3887.35
316326,9296458,2025-12-04,Changed Mind,24311.41
316327,9296477,2024-04-20,Changed Mind,1869.46
316328,9296480,2025-05-14,Changed Mind,6040.04
316329,9296547,2025-07-30,Changed Mind,14950.56
316330,9296551,2025-01-09,Damaged,870.6
316331,9296558,2025-09-30,Damaged,9707.9
316332,9296677,2024-05-18,Late Delivery,44234.29
316333,9296691,2026-01-14,Wrong Item,2696.9
316334,9296715,2024-09-19,Quality Issue,2599.54
316335,9296732,2025-12-20,Wrong Item,2573.14
316336,9296740,2024-04-22,Wrong Item,12730.98
316337,9296763,2025-09-08,Damaged,1047.0
316338,9296815,2024-08-16,Changed Mind,3245.34
316339,9296849,2024-04-25,Wrong Item,1423.74
316340,9296854,2025-02-22,Changed Mind,496.17
316341,9296875,2025-03-10,Quality Issue,1198.25
316342,9296902,2025-10-24,Changed Mind,2819.44
316343,9296928,2025-01-15,Late Delivery,1178.95
316344,9296985,2025-04-04,Quality Issue,1268.75
316345,9297000,2025-07-24,Late Delivery,5347.28
316346,9297004,2025-07-20,Late Delivery,14792.53
316347,9297042,2024-12-31,Damaged,1033.48
316348,9297068,2024-11-23,Changed Mind,3699.27
316349,9297085,2025-07-28,Changed Mind,1345.93
316350,9297094,2025-12-12,Quality Issue,3319.24
316351,9297095,2025-01-01,Quality Issue,64835.64
316352,9297158,2025-06-01,Damaged,19227.12
316353,9297170,2025-06-30,Damaged,5288.94
316354,9297211,2025-05-07,Wrong Item,1152.38
316355,9297216,2025-04-06,Quality Issue,4319.5
316356,9297223,2025-06-10,Late Delivery,22645.03
316357,9297227,2024-11-09,Wrong Item,13063.21
316358,9297241,2024-04-05,Damaged,2440.89
316359,9297282,2024-11-11,Changed Mind,19628.91
316360,9297307,2025-07-09,Damaged,5995.04
316361,9297310,2025-11-30,Wrong Item,2125.11
316362,9297312,2024-06-13,Changed Mind,375.69
316363,9297331,2024-11-02,Late Delivery,497.18
316364,9297333,2025-07-23,Changed Mind,7900.53
316365,9297335,2024-11-08,Damaged,2120.38
316366,9297413,2025-06-01,Changed Mind,888.11
316367,9297416,2024-11-21,Late Delivery,26144.97
316368,9297423,2024-08-19,Changed Mind,4072.55
316369,9297444,2025-05-19,Late Delivery,1179.02
316370,9297450,2024-09-13,Quality Issue,711.95
316371,9297499,2025-08-12,Late Delivery,7818.17
316372,9297544,2024-04-26,Late Delivery,1488.45
316373,9297549,2024-02-21,Changed Mind,655.3
316374,9297553,2024-05-17,Wrong Item,996.9
316375,9297554,2024-12-12,Quality Issue,390.58
316376,9297570,2025-12-18,Damaged,3593.41
316377,9297615,2026-01-11,Quality Issue,16845.34
316378,9297621,2025-02-12,Wrong Item,4218.5
316379,9297642,2024-05-17,Damaged,2683.52
316380,9297669,2024-10-27,Wrong Item,490.03
316381,9297670,2025-09-23,Damaged,2006.78
316382,9297713,2024-07-12,Quality Issue,20646.54
316383,9297714,2024-08-12,Quality Issue,452.68
316384,9297722,2025-08-02,Quality Issue,6728.62
316385,9297724,2025-06-27,Wrong Item,61230.87
316386,9297726,2024-01-16,Damaged,6095.09
316387,9297736,2024-10-03,Damaged,330.3
316388,9297742,2025-01-19,Damaged,10792.5
316389,9297771,2025-07-21,Quality Issue,447.58
316390,9297790,2024-01-26,Wrong Item,3415.86
316391,9297794,2024-02-11,Late Delivery,919.51
316392,9297839,2024-03-10,Wrong Item,4858.81
316393,9297842,2025-01-03,Damaged,691.42
316394,9297850,2024-07-05,Wrong Item,804.17
316395,9297866,2024-09-11,Wrong Item,913.69
316396,9297895,2025-03-15,Damaged,5104.63
316397,9297908,2025-03-21,Changed Mind,6665.45
316398,9297910,2025-12-31,Changed Mind,504.84
316399,9297915,2024-03-22,Late Delivery,720.48
316400,9297939,2024-08-08,Late Delivery,3166.6
316401,9297991,2024-11-17,Late Delivery,18469.3
316402,9297993,2025-02-09,Damaged,61260.33
316403,9297997,2025-06-10,Damaged,1264.09
316404,9298019,2025-12-09,Late Delivery,1668.16
316405,9298022,2024-11-13,Late Delivery,3266.74
316406,9298035,2025-09-26,Changed Mind,1757.94
316407,9298058,2024-05-14,Wrong Item,1987.54
316408,9298071,2025-01-31,Changed Mind,211.98
316409,9298096,2026-01-02,Damaged,1250.89
316410,9298113,2025-07-15,Wrong Item,609.04
316411,9298132,2025-07-21,Late Delivery,13927.93
316412,9298162,2024-10-31,Wrong Item,2961.31
316413,9298167,2024-06-08,Late Delivery,1081.78
316414,9298185,2025-12-23,Changed Mind,2711.28
316415,9298226,2024-09-11,Damaged,17654.77
316416,9298230,2025-11-12,Late Delivery,1031.62
316417,9298236,2024-06-18,Wrong Item,25503.87
316418,9298251,2024-04-30,Damaged,24056.21
316419,9298306,2024-02-27,Quality Issue,1240.11
316420,9298315,2024-01-28,Late Delivery,1750.83
316421,9298344,2024-02-19,Late Delivery,2347.76
316422,9298357,2025-09-09,Changed Mind,21765.87
316423,9298373,2024-09-25,Late Delivery,1210.08
316424,9298390,2025-04-26,Wrong Item,765.55
316425,9298414,2024-06-18,Damaged,2674.08
316426,9298433,2024-12-05,Changed Mind,2207.27
316427,9298452,2024-09-19,Quality Issue,5772.66
316428,9298492,2025-01-05,Changed Mind,13465.31
316429,9298498,2024-03-17,Damaged,972.94
316430,9298516,2024-12-06,Changed Mind,94.05
316431,9298525,2025-03-24,Late Delivery,3516.0
316432,9298560,2025-05-18,Damaged,794.5
316433,9298563,2025-07-10,Damaged,974.06
316434,9298570,2024-01-17,Changed Mind,2238.76
316435,9298574,2024-03-29,Damaged,1423.21
316436,9298590,2025-09-17,Wrong Item,6095.09
316437,9298599,2024-12-18,Quality Issue,2137.29
316438,9298606,2025-11-12,Wrong Item,953.27
316439,9298612,2024-11-09,Damaged,3111.14
316440,9298644,2024-12-21,Late Delivery,1935.38
316441,9298652,2024-07-29,Damaged,1346.59
316442,9298662,2024-10-02,Quality Issue,27914.5
316443,9298664,2025-05-17,Late Delivery,3089.62
316444,9298670,2024-02-29,Wrong Item,610.53
316445,9298677,2024-04-15,Changed Mind,27614.0
316446,9298708,2025-01-12,Late Delivery,660.61
316447,9298719,2025-09-21,Damaged,2277.34
316448,9298732,2025-01-29,Late Delivery,1894.85
316449,9298750,2025-05-25,Changed Mind,128.89
316450,9298765,2024-11-20,Late Delivery,645.62
316451,9298786,2024-10-03,Quality Issue,857.45
316452,9298805,2025-12-24,Wrong Item,4309.96
316453,9298831,2025-05-27,Late Delivery,124948.85
316454,9298848,2024-06-16,Wrong Item,558.04
316455,9298905,2024-12-22,Changed Mind,7840.95
316456,9298910,2024-06-30,Wrong Item,1673.73
316457,9298922,2025-05-04,Quality Issue,1025.0
316458,9298927,2024-09-29,Quality Issue,1978.07
316459,9298935,2024-02-29,Changed Mind,503.58
316460,9298974,2024-12-20,Quality Issue,809.86
316461,9298977,2024-12-06,Late Delivery,272.39
316462,9299036,2025-11-27,Damaged,583.36
316463,9299040,2025-09-06,Changed Mind,907.7
316464,9299069,2024-03-13,Quality Issue,2898.63
316465,9299080,2025-03-16,Late Delivery,1686.54
316466,9299092,2024-04-29,Quality Issue,7510.7
316467,9299143,2024-06-02,Changed Mind,350.72
316468,9299148,2025-09-24,Late Delivery,1073.75
316469,9299150,2025-09-22,Wrong Item,863.97
316470,9299156,2025-06-13,Changed Mind,1293.44
316471,9299168,2024-02-27,Wrong Item,547.73
316472,9299184,2024-04-11,Damaged,731.3
316473,9299201,2024-07-08,Quality Issue,6859.63
316474,9299240,2025-02-15,Late Delivery,5984.52
316475,9299261,2024-05-03,Changed Mind,1582.48
316476,9299300,2024-03-18,Quality Issue,1085.59
316477,9299329,2025-12-14,Wrong Item,4650.12
316478,9299344,2024-11-25,Wrong Item,2476.8
316479,9299352,2025-08-30,Changed Mind,8063.25
316480,9299358,2024-08-19,Changed Mind,2765.46
316481,9299369,2024-12-13,Wrong Item,1671.36
316482,9299465,2025-05-28,Wrong Item,1781.93
316483,9299496,2025-03-23,Quality Issue,5488.01
316484,9299498,2025-01-31,Damaged,632.05
316485,9299508,2025-07-28,Damaged,7832.61
316486,9299520,2024-03-20,Wrong Item,168.3
316487,9299534,2024-05-11,Damaged,1623.09
316488,9299538,2024-10-24,Late Delivery,658.78
316489,9299544,2025-08-05,Late Delivery,758.89
316490,9299551,2024-07-24,Quality Issue,37575.41
316491,9299560,2024-09-20,Changed Mind,4949.29
316492,9299569,2024-05-05,Damaged,516.6
316493,9299612,2024-06-10,Changed Mind,4175.51
316494,9299634,2025-06-24,Late Delivery,819.45
316495,9299637,2024-04-29,Changed Mind,823.92
316496,9299660,2024-01-12,Changed Mind,448.09
316497,9299709,2025-02-26,Damaged,4092.16
316498,9299730,2025-08-16,Changed Mind,497.52
316499,9299731,2025-07-25,Wrong Item,1221.75
316500,9299762,2025-05-21,Damaged,605.05
316501,9299765,2024-10-10,Quality Issue,514.38
316502,9299771,2025-11-09,Late Delivery,6095.1
316503,9299806,2025-11-20,Changed Mind,1123.17
316504,9299816,2025-03-16,Damaged,52800.71
316505,9299818,2024-11-12,Wrong Item,4835.97
316506,9299831,2024-07-14,Damaged,2739.82
316507,9299843,2024-11-01,Wrong Item,925.26
316508,9299877,2025-07-12,Late Delivery,765.53
316509,9299881,2025-08-16,Late Delivery,882.24
316510,9299914,2025-06-07,Damaged,6831.72
316511,9299964,2024-12-07,Late Delivery,735.63
316512,9299971,2025-06-07,Damaged,538.71
316513,9299981,2025-01-14,Late Delivery,779.32
